2025-11-09 14:54:31,565 [Worker-2: Loading available Gradle versions] INFO  o.e.b.c.i.u.g.PublishedGradleVersions - Gradle version information cache is up-to-date. Trying to read.
2025-11-09 15:03:40,466 [Worker-11: 入門コンテンツのインポート] INFO  o.e.m.c.i.e.AbstractTransferListenerAdapter - Downloading https://repo.maven.apache.org/maven2/org/springframework/boot/spring-boot-starter-parent/3.5.7/spring-boot-starter-parent-3.5.7.pom
2025-11-09 15:03:40,528 [Worker-11: 入門コンテンツのインポート] INFO  o.e.m.c.i.e.AbstractTransferListenerAdapter - Downloaded https://repo.maven.apache.org/maven2/org/springframework/boot/spring-boot-starter-parent/3.5.7/spring-boot-starter-parent-3.5.7.pom
2025-11-09 15:03:40,674 [Worker-11: 入門コンテンツのインポート] INFO  o.e.m.c.i.e.AbstractTransferListenerAdapter - Downloading https://repo.maven.apache.org/maven2/org/springframework/boot/spring-boot-dependencies/3.5.7/spring-boot-dependencies-3.5.7.pom
2025-11-09 15:03:40,742 [Worker-11: 入門コンテンツのインポート] INFO  o.e.m.c.i.e.AbstractTransferListenerAdapter - Downloaded https://repo.maven.apache.org/maven2/org/springframework/boot/spring-boot-dependencies/3.5.7/spring-boot-dependencies-3.5.7.pom
2025-11-09 15:03:41,335 [Worker-11: 入門コンテンツのインポート] INFO  o.e.m.c.i.e.AbstractTransferListenerAdapter - Downloading https://repo.maven.apache.org/maven2/org/apache/activemq/activemq-bom/6.1.8/activemq-bom-6.1.8.pom
2025-11-09 15:03:41,361 [Worker-11: 入門コンテンツのインポート] INFO  o.e.m.c.i.e.AbstractTransferListenerAdapter - Downloaded https://repo.maven.apache.org/maven2/org/apache/activemq/activemq-bom/6.1.8/activemq-bom-6.1.8.pom
2025-11-09 15:03:41,613 [Worker-11: 入門コンテンツのインポート] INFO  o.e.m.c.i.e.AbstractTransferListenerAdapter - Downloading https://repo.maven.apache.org/maven2/org/assertj/assertj-bom/3.27.6/assertj-bom-3.27.6.pom
2025-11-09 15:03:41,629 [Worker-11: 入門コンテンツのインポート] INFO  o.e.m.c.i.e.AbstractTransferListenerAdapter - Downloaded https://repo.maven.apache.org/maven2/org/assertj/assertj-bom/3.27.6/assertj-bom-3.27.6.pom
2025-11-09 15:03:41,943 [Worker-11: 入門コンテンツのインポート] INFO  o.e.m.c.i.e.AbstractTransferListenerAdapter - Downloading https://repo.maven.apache.org/maven2/org/apache/cassandra/java-driver-bom/4.19.1/java-driver-bom-4.19.1.pom
2025-11-09 15:03:41,965 [Worker-11: 入門コンテンツのインポート] INFO  o.e.m.c.i.e.AbstractTransferListenerAdapter - Downloaded https://repo.maven.apache.org/maven2/org/apache/cassandra/java-driver-bom/4.19.1/java-driver-bom-4.19.1.pom
2025-11-09 15:03:42,204 [Worker-11: 入門コンテンツのインポート] INFO  o.e.m.c.i.e.AbstractTransferListenerAdapter - Downloading https://repo.maven.apache.org/maven2/org/glassfish/jaxb/jaxb-bom/4.0.6/jaxb-bom-4.0.6.pom
2025-11-09 15:03:42,213 [Worker-11: 入門コンテンツのインポート] INFO  o.e.m.c.i.e.AbstractTransferListenerAdapter - Downloaded https://repo.maven.apache.org/maven2/org/glassfish/jaxb/jaxb-bom/4.0.6/jaxb-bom-4.0.6.pom
2025-11-09 15:03:42,558 [Worker-11: 入門コンテンツのインポート] INFO  o.e.m.c.i.e.AbstractTransferListenerAdapter - Downloading https://repo.maven.apache.org/maven2/org/apache/groovy/groovy-bom/4.0.29/groovy-bom-4.0.29.pom
2025-11-09 15:03:42,587 [Worker-11: 入門コンテンツのインポート] INFO  o.e.m.c.i.e.AbstractTransferListenerAdapter - Downloaded https://repo.maven.apache.org/maven2/org/apache/groovy/groovy-bom/4.0.29/groovy-bom-4.0.29.pom
2025-11-09 15:03:43,000 [Worker-11: 入門コンテンツのインポート] INFO  o.e.m.c.i.e.AbstractTransferListenerAdapter - Downloading https://repo.maven.apache.org/maven2/org/eclipse/jetty/ee10/jetty-ee10-bom/12.0.29/jetty-ee10-bom-12.0.29.pom
2025-11-09 15:03:43,019 [Worker-11: 入門コンテンツのインポート] INFO  o.e.m.c.i.e.AbstractTransferListenerAdapter - Downloaded https://repo.maven.apache.org/maven2/org/eclipse/jetty/ee10/jetty-ee10-bom/12.0.29/jetty-ee10-bom-12.0.29.pom
2025-11-09 15:03:43,168 [Worker-11: 入門コンテンツのインポート] INFO  o.e.m.c.i.e.AbstractTransferListenerAdapter - Downloading https://repo.maven.apache.org/maven2/org/eclipse/jetty/jetty-bom/12.0.29/jetty-bom-12.0.29.pom
2025-11-09 15:03:43,191 [Worker-11: 入門コンテンツのインポート] INFO  o.e.m.c.i.e.AbstractTransferListenerAdapter - Downloaded https://repo.maven.apache.org/maven2/org/eclipse/jetty/jetty-bom/12.0.29/jetty-bom-12.0.29.pom
2025-11-09 15:03:43,587 [Worker-11: 入門コンテンツのインポート] INFO  o.e.m.c.i.e.AbstractTransferListenerAdapter - Downloading https://repo.maven.apache.org/maven2/io/micrometer/micrometer-bom/1.15.5/micrometer-bom-1.15.5.pom
2025-11-09 15:03:43,610 [Worker-11: 入門コンテンツのインポート] INFO  o.e.m.c.i.e.AbstractTransferListenerAdapter - Downloaded https://repo.maven.apache.org/maven2/io/micrometer/micrometer-bom/1.15.5/micrometer-bom-1.15.5.pom
2025-11-09 15:03:43,800 [Worker-11: 入門コンテンツのインポート] INFO  o.e.m.c.i.e.AbstractTransferListenerAdapter - Downloading https://repo.maven.apache.org/maven2/io/micrometer/micrometer-tracing-bom/1.5.5/micrometer-tracing-bom-1.5.5.pom
2025-11-09 15:03:43,822 [Worker-11: 入門コンテンツのインポート] INFO  o.e.m.c.i.e.AbstractTransferListenerAdapter - Downloaded https://repo.maven.apache.org/maven2/io/micrometer/micrometer-tracing-bom/1.5.5/micrometer-tracing-bom-1.5.5.pom
2025-11-09 15:03:43,996 [Worker-11: 入門コンテンツのインポート] INFO  o.e.m.c.i.e.AbstractTransferListenerAdapter - Downloading https://repo.maven.apache.org/maven2/org/mongodb/mongodb-driver-bom/5.5.2/mongodb-driver-bom-5.5.2.pom
2025-11-09 15:03:44,011 [Worker-11: 入門コンテンツのインポート] INFO  o.e.m.c.i.e.AbstractTransferListenerAdapter - Downloaded https://repo.maven.apache.org/maven2/org/mongodb/mongodb-driver-bom/5.5.2/mongodb-driver-bom-5.5.2.pom
2025-11-09 15:03:44,195 [Worker-11: 入門コンテンツのインポート] INFO  o.e.m.c.i.e.AbstractTransferListenerAdapter - Downloading https://repo.maven.apache.org/maven2/io/netty/netty-bom/4.1.128.Final/netty-bom-4.1.128.Final.pom
2025-11-09 15:03:44,224 [Worker-11: 入門コンテンツのインポート] INFO  o.e.m.c.i.e.AbstractTransferListenerAdapter - Downloaded https://repo.maven.apache.org/maven2/io/netty/netty-bom/4.1.128.Final/netty-bom-4.1.128.Final.pom
2025-11-09 15:03:44,452 [Worker-11: 入門コンテンツのインポート] INFO  o.e.m.c.i.e.AbstractTransferListenerAdapter - Downloading https://repo.maven.apache.org/maven2/org/apache/pulsar/pulsar-bom/4.0.7/pulsar-bom-4.0.7.pom
2025-11-09 15:03:44,475 [Worker-11: 入門コンテンツのインポート] INFO  o.e.m.c.i.e.AbstractTransferListenerAdapter - Downloaded https://repo.maven.apache.org/maven2/org/apache/pulsar/pulsar-bom/4.0.7/pulsar-bom-4.0.7.pom
2025-11-09 15:03:44,813 [Worker-11: 入門コンテンツのインポート] INFO  o.e.m.c.i.e.AbstractTransferListenerAdapter - Downloading https://repo.maven.apache.org/maven2/org/apache/apache/35/apache-35.pom
2025-11-09 15:03:44,829 [Worker-11: 入門コンテンツのインポート] INFO  o.e.m.c.i.e.AbstractTransferListenerAdapter - Downloaded https://repo.maven.apache.org/maven2/org/apache/apache/35/apache-35.pom
2025-11-09 15:03:45,071 [Worker-11: 入門コンテンツのインポート] INFO  o.e.m.c.i.e.AbstractTransferListenerAdapter - Downloading https://repo.maven.apache.org/maven2/io/projectreactor/reactor-bom/2024.0.11/reactor-bom-2024.0.11.pom
2025-11-09 15:03:45,101 [Worker-11: 入門コンテンツのインポート] INFO  o.e.m.c.i.e.AbstractTransferListenerAdapter - Downloaded https://repo.maven.apache.org/maven2/io/projectreactor/reactor-bom/2024.0.11/reactor-bom-2024.0.11.pom
2025-11-09 15:03:45,422 [Worker-11: 入門コンテンツのインポート] INFO  o.e.m.c.i.e.AbstractTransferListenerAdapter - Downloading https://repo.maven.apache.org/maven2/org/springframework/amqp/spring-amqp-bom/3.2.8/spring-amqp-bom-3.2.8.pom
2025-11-09 15:03:45,438 [Worker-11: 入門コンテンツのインポート] INFO  o.e.m.c.i.e.AbstractTransferListenerAdapter - Downloaded https://repo.maven.apache.org/maven2/org/springframework/amqp/spring-amqp-bom/3.2.8/spring-amqp-bom-3.2.8.pom
2025-11-09 15:03:45,634 [Worker-11: 入門コンテンツのインポート] INFO  o.e.m.c.i.e.AbstractTransferListenerAdapter - Downloading https://repo.maven.apache.org/maven2/org/springframework/batch/spring-batch-bom/5.2.4/spring-batch-bom-5.2.4.pom
2025-11-09 15:03:45,728 [Worker-11: 入門コンテンツのインポート] INFO  o.e.m.c.i.e.AbstractTransferListenerAdapter - Downloaded https://repo.maven.apache.org/maven2/org/springframework/batch/spring-batch-bom/5.2.4/spring-batch-bom-5.2.4.pom
2025-11-09 15:03:45,875 [Worker-11: 入門コンテンツのインポート] INFO  o.e.m.c.i.e.AbstractTransferListenerAdapter - Downloading https://repo.maven.apache.org/maven2/org/springframework/data/spring-data-bom/2025.0.5/spring-data-bom-2025.0.5.pom
2025-11-09 15:03:45,898 [Worker-11: 入門コンテンツのインポート] INFO  o.e.m.c.i.e.AbstractTransferListenerAdapter - Downloaded https://repo.maven.apache.org/maven2/org/springframework/data/spring-data-bom/2025.0.5/spring-data-bom-2025.0.5.pom
2025-11-09 15:03:46,048 [Worker-11: 入門コンテンツのインポート] INFO  o.e.m.c.i.e.AbstractTransferListenerAdapter - Downloading https://repo.maven.apache.org/maven2/org/springframework/spring-framework-bom/6.2.12/spring-framework-bom-6.2.12.pom
2025-11-09 15:03:46,073 [Worker-11: 入門コンテンツのインポート] INFO  o.e.m.c.i.e.AbstractTransferListenerAdapter - Downloaded https://repo.maven.apache.org/maven2/org/springframework/spring-framework-bom/6.2.12/spring-framework-bom-6.2.12.pom
2025-11-09 15:03:46,243 [Worker-11: 入門コンテンツのインポート] INFO  o.e.m.c.i.e.AbstractTransferListenerAdapter - Downloading https://repo.maven.apache.org/maven2/org/springframework/integration/spring-integration-bom/6.5.3/spring-integration-bom-6.5.3.pom
2025-11-09 15:03:46,263 [Worker-11: 入門コンテンツのインポート] INFO  o.e.m.c.i.e.AbstractTransferListenerAdapter - Downloaded https://repo.maven.apache.org/maven2/org/springframework/integration/spring-integration-bom/6.5.3/spring-integration-bom-6.5.3.pom
2025-11-09 15:03:46,451 [Worker-11: 入門コンテンツのインポート] INFO  o.e.m.c.i.e.AbstractTransferListenerAdapter - Downloading https://repo.maven.apache.org/maven2/org/springframework/pulsar/spring-pulsar-bom/1.2.11/spring-pulsar-bom-1.2.11.pom
2025-11-09 15:03:46,466 [Worker-11: 入門コンテンツのインポート] INFO  o.e.m.c.i.e.AbstractTransferListenerAdapter - Downloaded https://repo.maven.apache.org/maven2/org/springframework/pulsar/spring-pulsar-bom/1.2.11/spring-pulsar-bom-1.2.11.pom
2025-11-09 15:03:46,660 [Worker-11: 入門コンテンツのインポート] INFO  o.e.m.c.i.e.AbstractTransferListenerAdapter - Downloading https://repo.maven.apache.org/maven2/org/springframework/security/spring-security-bom/6.5.6/spring-security-bom-6.5.6.pom
2025-11-09 15:03:46,676 [Worker-11: 入門コンテンツのインポート] INFO  o.e.m.c.i.e.AbstractTransferListenerAdapter - Downloaded https://repo.maven.apache.org/maven2/org/springframework/security/spring-security-bom/6.5.6/spring-security-bom-6.5.6.pom
2025-11-09 15:03:46,854 [Worker-11: 入門コンテンツのインポート] INFO  o.e.m.c.i.e.AbstractTransferListenerAdapter - Downloading https://repo.maven.apache.org/maven2/org/springframework/session/spring-session-bom/3.5.3/spring-session-bom-3.5.3.pom
2025-11-09 15:03:46,870 [Worker-11: 入門コンテンツのインポート] INFO  o.e.m.c.i.e.AbstractTransferListenerAdapter - Downloaded https://repo.maven.apache.org/maven2/org/springframework/session/spring-session-bom/3.5.3/spring-session-bom-3.5.3.pom
2025-11-09 15:03:47,241 [Worker-11: 入門コンテンツのインポート] INFO  o.e.m.c.i.e.AbstractTransferListenerAdapter - Downloading https://repo.maven.apache.org/maven2/org/springframework/ws/spring-ws-bom/4.1.2/spring-ws-bom-4.1.2.pom
2025-11-09 15:03:47,257 [Worker-11: 入門コンテンツのインポート] INFO  o.e.m.c.i.e.AbstractTransferListenerAdapter - Downloaded https://repo.maven.apache.org/maven2/org/springframework/ws/spring-ws-bom/4.1.2/spring-ws-bom-4.1.2.pom
2025-11-09 15:03:49,258 [Worker-11: 入門コンテンツのインポート] INFO  o.e.m.c.i.e.AbstractTransferListenerAdapter - Downloading https://repo.maven.apache.org/maven2/org/springframework/boot/spring-boot-maven-plugin/3.5.7/spring-boot-maven-plugin-3.5.7.pom
2025-11-09 15:03:49,285 [Worker-11: 入門コンテンツのインポート] INFO  o.e.m.c.i.e.AbstractTransferListenerAdapter - Downloaded https://repo.maven.apache.org/maven2/org/springframework/boot/spring-boot-maven-plugin/3.5.7/spring-boot-maven-plugin-3.5.7.pom
2025-11-09 15:03:49,467 [Worker-11: 入門コンテンツのインポート] INFO  o.e.m.c.i.e.AbstractTransferListenerAdapter - Downloading https://repo.maven.apache.org/maven2/org/springframework/boot/spring-boot-maven-plugin/3.5.7/spring-boot-maven-plugin-3.5.7.jar
2025-11-09 15:03:49,534 [Worker-11: 入門コンテンツのインポート] INFO  o.e.m.c.i.e.AbstractTransferListenerAdapter - Downloaded https://repo.maven.apache.org/maven2/org/springframework/boot/spring-boot-maven-plugin/3.5.7/spring-boot-maven-plugin-3.5.7.jar
2025-11-09 15:03:49,940 [Worker-11: 入門コンテンツのインポート] INFO  o.e.m.c.i.e.AbstractTransferListenerAdapter - Downloading https://repo.maven.apache.org/maven2/org/apache/maven/plugins/maven-compiler-plugin/3.14.1/maven-compiler-plugin-3.14.1.jar
2025-11-09 15:03:49,991 [Worker-11: 入門コンテンツのインポート] INFO  o.e.m.c.i.e.AbstractTransferListenerAdapter - Downloaded https://repo.maven.apache.org/maven2/org/apache/maven/plugins/maven-compiler-plugin/3.14.1/maven-compiler-plugin-3.14.1.jar
2025-11-09 15:03:50,376 [Worker-11: 入門コンテンツのインポート] INFO  o.e.m.c.i.e.AbstractTransferListenerAdapter - Downloading https://repo.maven.apache.org/maven2/org/apache/maven/plugins/maven-compiler-plugin/3.14.1/maven-compiler-plugin-3.14.1.pom
2025-11-09 15:03:50,391 [Worker-11: 入門コンテンツのインポート] INFO  o.e.m.c.i.e.AbstractTransferListenerAdapter - Downloaded https://repo.maven.apache.org/maven2/org/apache/maven/plugins/maven-compiler-plugin/3.14.1/maven-compiler-plugin-3.14.1.pom
2025-11-09 15:03:50,513 [Worker-11: 入門コンテンツのインポート] INFO  o.e.m.c.i.e.AbstractTransferListenerAdapter - Downloading https://repo.maven.apache.org/maven2/org/apache/maven/plugins/maven-plugins/45/maven-plugins-45.pom
2025-11-09 15:03:50,532 [Worker-11: 入門コンテンツのインポート] INFO  o.e.m.c.i.e.AbstractTransferListenerAdapter - Downloaded https://repo.maven.apache.org/maven2/org/apache/maven/plugins/maven-plugins/45/maven-plugins-45.pom
2025-11-09 15:03:50,748 [Worker-11: 入門コンテンツのインポート] INFO  o.e.m.c.i.e.AbstractTransferListenerAdapter - Downloading https://repo.maven.apache.org/maven2/org/apache/maven/maven-parent/45/maven-parent-45.pom
2025-11-09 15:03:50,786 [Worker-11: 入門コンテンツのインポート] INFO  o.e.m.c.i.e.AbstractTransferListenerAdapter - Downloaded https://repo.maven.apache.org/maven2/org/apache/maven/maven-parent/45/maven-parent-45.pom
2025-11-09 15:03:51,017 [Worker-11: 入門コンテンツのインポート] INFO  o.e.m.c.i.e.AbstractTransferListenerAdapter - Downloading https://repo.maven.apache.org/maven2/org/junit/junit-bom/5.13.1/junit-bom-5.13.1.pom
2025-11-09 15:03:51,037 [Worker-11: 入門コンテンツのインポート] INFO  o.e.m.c.i.e.AbstractTransferListenerAdapter - Downloaded https://repo.maven.apache.org/maven2/org/junit/junit-bom/5.13.1/junit-bom-5.13.1.pom
2025-11-09 15:03:51,366 [Worker-11: 入門コンテンツのインポート] INFO  o.e.m.c.i.e.AbstractTransferListenerAdapter - Downloading https://repo.maven.apache.org/maven2/org/ow2/asm/asm/9.8/asm-9.8.pom
2025-11-09 15:03:51,386 [Worker-11: 入門コンテンツのインポート] INFO  o.e.m.c.i.e.AbstractTransferListenerAdapter - Downloaded https://repo.maven.apache.org/maven2/org/ow2/asm/asm/9.8/asm-9.8.pom
2025-11-09 15:03:51,978 [Worker-11: 入門コンテンツのインポート] INFO  o.e.m.c.i.e.AbstractTransferListenerAdapter - Downloading https://repo.maven.apache.org/maven2/org/codehaus/plexus/plexus-java/1.5.0/plexus-java-1.5.0.pom
2025-11-09 15:03:51,999 [Worker-11: 入門コンテンツのインポート] INFO  o.e.m.c.i.e.AbstractTransferListenerAdapter - Downloaded https://repo.maven.apache.org/maven2/org/codehaus/plexus/plexus-java/1.5.0/plexus-java-1.5.0.pom
2025-11-09 15:03:52,121 [Worker-11: 入門コンテンツのインポート] INFO  o.e.m.c.i.e.AbstractTransferListenerAdapter - Downloading https://repo.maven.apache.org/maven2/org/codehaus/plexus/plexus-languages/1.5.0/plexus-languages-1.5.0.pom
2025-11-09 15:03:52,140 [Worker-11: 入門コンテンツのインポート] INFO  o.e.m.c.i.e.AbstractTransferListenerAdapter - Downloaded https://repo.maven.apache.org/maven2/org/codehaus/plexus/plexus-languages/1.5.0/plexus-languages-1.5.0.pom
2025-11-09 15:03:52,593 [Worker-11: 入門コンテンツのインポート] INFO  o.e.m.c.i.e.AbstractTransferListenerAdapter - Downloading https://repo.maven.apache.org/maven2/org/codehaus/plexus/plexus-utils/4.0.2/plexus-utils-4.0.2.pom
2025-11-09 15:03:52,610 [Worker-11: 入門コンテンツのインポート] INFO  o.e.m.c.i.e.AbstractTransferListenerAdapter - Downloaded https://repo.maven.apache.org/maven2/org/codehaus/plexus/plexus-utils/4.0.2/plexus-utils-4.0.2.pom
2025-11-09 15:03:53,211 [Worker-11: 入門コンテンツのインポート] INFO  o.e.m.c.i.e.AbstractTransferListenerAdapter - Downloading https://repo.maven.apache.org/maven2/org/ow2/asm/asm/9.8/asm-9.8.jar
2025-11-09 15:03:53,259 [Worker-11: 入門コンテンツのインポート] INFO  o.e.m.c.i.e.AbstractTransferListenerAdapter - Downloaded https://repo.maven.apache.org/maven2/org/ow2/asm/asm/9.8/asm-9.8.jar
2025-11-09 15:03:53,365 [BasicRepositoryConnector-repo.maven.apache.org-0-0] INFO  o.e.m.c.i.e.AbstractTransferListenerAdapter - Downloading https://repo.maven.apache.org/maven2/org/codehaus/plexus/plexus-java/1.5.0/plexus-java-1.5.0.jar
2025-11-09 15:03:53,386 [BasicRepositoryConnector-repo.maven.apache.org-0-0] INFO  o.e.m.c.i.e.AbstractTransferListenerAdapter - Downloaded https://repo.maven.apache.org/maven2/org/codehaus/plexus/plexus-java/1.5.0/plexus-java-1.5.0.jar
2025-11-09 15:03:53,447 [BasicRepositoryConnector-repo.maven.apache.org-0-1] INFO  o.e.m.c.i.e.AbstractTransferListenerAdapter - Downloading https://repo.maven.apache.org/maven2/org/codehaus/plexus/plexus-utils/4.0.2/plexus-utils-4.0.2.jar
2025-11-09 15:03:53,578 [BasicRepositoryConnector-repo.maven.apache.org-0-1] INFO  o.e.m.c.i.e.AbstractTransferListenerAdapter - Downloaded https://repo.maven.apache.org/maven2/org/codehaus/plexus/plexus-utils/4.0.2/plexus-utils-4.0.2.jar
2025-11-09 15:03:54,095 [Worker-11: 入門コンテンツのインポート] INFO  o.e.m.c.i.l.LifecycleMappingFactory - Using org.eclipse.m2e.jdt.JarLifecycleMapping lifecycle mapping for MavenProject: com.example:samuraitravel:0.0.1-SNAPSHOT @ C:\Users\Yu-Ma_WPC\Terakoya_Study\spring_boot\samuraitravel\pom.xml.
2025-11-09 15:03:54,406 [Worker-11: 入門コンテンツのインポート] INFO  o.e.m.c.i.e.AbstractTransferListenerAdapter - Downloading https://repo.maven.apache.org/maven2/org/springframework/boot/spring-boot-starter-data-jpa/3.5.7/spring-boot-starter-data-jpa-3.5.7.pom
2025-11-09 15:03:54,429 [Worker-11: 入門コンテンツのインポート] INFO  o.e.m.c.i.e.AbstractTransferListenerAdapter - Downloaded https://repo.maven.apache.org/maven2/org/springframework/boot/spring-boot-starter-data-jpa/3.5.7/spring-boot-starter-data-jpa-3.5.7.pom
2025-11-09 15:03:54,534 [Worker-11: 入門コンテンツのインポート] INFO  o.e.m.c.i.e.AbstractTransferListenerAdapter - Downloading https://repo.maven.apache.org/maven2/org/springframework/boot/spring-boot-starter/3.5.7/spring-boot-starter-3.5.7.pom
2025-11-09 15:03:54,561 [Worker-11: 入門コンテンツのインポート] INFO  o.e.m.c.i.e.AbstractTransferListenerAdapter - Downloaded https://repo.maven.apache.org/maven2/org/springframework/boot/spring-boot-starter/3.5.7/spring-boot-starter-3.5.7.pom
2025-11-09 15:03:54,846 [Worker-11: 入門コンテンツのインポート] INFO  o.e.m.c.i.e.AbstractTransferListenerAdapter - Downloading https://repo.maven.apache.org/maven2/org/springframework/boot/spring-boot/3.5.7/spring-boot-3.5.7.pom
2025-11-09 15:03:54,873 [Worker-11: 入門コンテンツのインポート] INFO  o.e.m.c.i.e.AbstractTransferListenerAdapter - Downloaded https://repo.maven.apache.org/maven2/org/springframework/boot/spring-boot/3.5.7/spring-boot-3.5.7.pom
2025-11-09 15:03:55,055 [Worker-11: 入門コンテンツのインポート] INFO  o.e.m.c.i.e.AbstractTransferListenerAdapter - Downloading https://repo.maven.apache.org/maven2/org/springframework/spring-core/6.2.12/spring-core-6.2.12.pom
2025-11-09 15:03:55,076 [Worker-11: 入門コンテンツのインポート] INFO  o.e.m.c.i.e.AbstractTransferListenerAdapter - Downloaded https://repo.maven.apache.org/maven2/org/springframework/spring-core/6.2.12/spring-core-6.2.12.pom
2025-11-09 15:03:55,254 [Worker-11: 入門コンテンツのインポート] INFO  o.e.m.c.i.e.AbstractTransferListenerAdapter - Downloading https://repo.maven.apache.org/maven2/org/springframework/spring-jcl/6.2.12/spring-jcl-6.2.12.pom
2025-11-09 15:03:55,342 [Worker-11: 入門コンテンツのインポート] INFO  o.e.m.c.i.e.AbstractTransferListenerAdapter - Downloaded https://repo.maven.apache.org/maven2/org/springframework/spring-jcl/6.2.12/spring-jcl-6.2.12.pom
2025-11-09 15:03:55,670 [Worker-11: 入門コンテンツのインポート] INFO  o.e.m.c.i.e.AbstractTransferListenerAdapter - Downloading https://repo.maven.apache.org/maven2/org/springframework/spring-context/6.2.12/spring-context-6.2.12.pom
2025-11-09 15:03:55,684 [Worker-11: 入門コンテンツのインポート] INFO  o.e.m.c.i.e.AbstractTransferListenerAdapter - Downloaded https://repo.maven.apache.org/maven2/org/springframework/spring-context/6.2.12/spring-context-6.2.12.pom
2025-11-09 15:03:55,891 [Worker-11: 入門コンテンツのインポート] INFO  o.e.m.c.i.e.AbstractTransferListenerAdapter - Downloading https://repo.maven.apache.org/maven2/org/springframework/spring-aop/6.2.12/spring-aop-6.2.12.pom
2025-11-09 15:03:55,976 [Worker-11: 入門コンテンツのインポート] INFO  o.e.m.c.i.e.AbstractTransferListenerAdapter - Downloaded https://repo.maven.apache.org/maven2/org/springframework/spring-aop/6.2.12/spring-aop-6.2.12.pom
2025-11-09 15:03:56,280 [Worker-11: 入門コンテンツのインポート] INFO  o.e.m.c.i.e.AbstractTransferListenerAdapter - Downloading https://repo.maven.apache.org/maven2/org/springframework/spring-beans/6.2.12/spring-beans-6.2.12.pom
2025-11-09 15:03:56,306 [Worker-11: 入門コンテンツのインポート] INFO  o.e.m.c.i.e.AbstractTransferListenerAdapter - Downloaded https://repo.maven.apache.org/maven2/org/springframework/spring-beans/6.2.12/spring-beans-6.2.12.pom
2025-11-09 15:03:56,489 [Worker-11: 入門コンテンツのインポート] INFO  o.e.m.c.i.e.AbstractTransferListenerAdapter - Downloading https://repo.maven.apache.org/maven2/org/springframework/spring-expression/6.2.12/spring-expression-6.2.12.pom
2025-11-09 15:03:56,711 [Worker-11: 入門コンテンツのインポート] INFO  o.e.m.c.i.e.AbstractTransferListenerAdapter - Downloaded https://repo.maven.apache.org/maven2/org/springframework/spring-expression/6.2.12/spring-expression-6.2.12.pom
2025-11-09 15:03:56,927 [Worker-11: 入門コンテンツのインポート] INFO  o.e.m.c.i.e.AbstractTransferListenerAdapter - Downloading https://repo.maven.apache.org/maven2/io/micrometer/micrometer-observation/1.15.5/micrometer-observation-1.15.5.pom
2025-11-09 15:03:56,951 [Worker-11: 入門コンテンツのインポート] INFO  o.e.m.c.i.e.AbstractTransferListenerAdapter - Downloaded https://repo.maven.apache.org/maven2/io/micrometer/micrometer-observation/1.15.5/micrometer-observation-1.15.5.pom
2025-11-09 15:03:57,088 [Worker-11: 入門コンテンツのインポート] INFO  o.e.m.c.i.e.AbstractTransferListenerAdapter - Downloading https://repo.maven.apache.org/maven2/io/micrometer/micrometer-commons/1.15.5/micrometer-commons-1.15.5.pom
2025-11-09 15:03:57,105 [Worker-11: 入門コンテンツのインポート] INFO  o.e.m.c.i.e.AbstractTransferListenerAdapter - Downloaded https://repo.maven.apache.org/maven2/io/micrometer/micrometer-commons/1.15.5/micrometer-commons-1.15.5.pom
2025-11-09 15:03:57,306 [Worker-11: 入門コンテンツのインポート] INFO  o.e.m.c.i.e.AbstractTransferListenerAdapter - Downloading https://repo.maven.apache.org/maven2/org/springframework/boot/spring-boot-autoconfigure/3.5.7/spring-boot-autoconfigure-3.5.7.pom
2025-11-09 15:03:57,323 [Worker-11: 入門コンテンツのインポート] INFO  o.e.m.c.i.e.AbstractTransferListenerAdapter - Downloaded https://repo.maven.apache.org/maven2/org/springframework/boot/spring-boot-autoconfigure/3.5.7/spring-boot-autoconfigure-3.5.7.pom
2025-11-09 15:03:57,511 [Worker-11: 入門コンテンツのインポート] INFO  o.e.m.c.i.e.AbstractTransferListenerAdapter - Downloading https://repo.maven.apache.org/maven2/org/springframework/boot/spring-boot-starter-logging/3.5.7/spring-boot-starter-logging-3.5.7.pom
2025-11-09 15:03:57,581 [Worker-11: 入門コンテンツのインポート] INFO  o.e.m.c.i.e.AbstractTransferListenerAdapter - Downloaded https://repo.maven.apache.org/maven2/org/springframework/boot/spring-boot-starter-logging/3.5.7/spring-boot-starter-logging-3.5.7.pom
2025-11-09 15:03:57,716 [Worker-11: 入門コンテンツのインポート] INFO  o.e.m.c.i.e.AbstractTransferListenerAdapter - Downloading https://repo.maven.apache.org/maven2/ch/qos/logback/logback-classic/1.5.20/logback-classic-1.5.20.pom
2025-11-09 15:03:57,738 [Worker-11: 入門コンテンツのインポート] INFO  o.e.m.c.i.e.AbstractTransferListenerAdapter - Downloaded https://repo.maven.apache.org/maven2/ch/qos/logback/logback-classic/1.5.20/logback-classic-1.5.20.pom
2025-11-09 15:03:57,924 [Worker-11: 入門コンテンツのインポート] INFO  o.e.m.c.i.e.AbstractTransferListenerAdapter - Downloading https://repo.maven.apache.org/maven2/ch/qos/logback/logback-parent/1.5.20/logback-parent-1.5.20.pom
2025-11-09 15:03:57,954 [Worker-11: 入門コンテンツのインポート] INFO  o.e.m.c.i.e.AbstractTransferListenerAdapter - Downloaded https://repo.maven.apache.org/maven2/ch/qos/logback/logback-parent/1.5.20/logback-parent-1.5.20.pom
2025-11-09 15:03:58,123 [Worker-11: 入門コンテンツのインポート] INFO  o.e.m.c.i.e.AbstractTransferListenerAdapter - Downloading https://repo.maven.apache.org/maven2/ch/qos/logback/logback-core/1.5.20/logback-core-1.5.20.pom
2025-11-09 15:03:58,131 [Worker-11: 入門コンテンツのインポート] INFO  o.e.m.c.i.e.AbstractTransferListenerAdapter - Downloaded https://repo.maven.apache.org/maven2/ch/qos/logback/logback-core/1.5.20/logback-core-1.5.20.pom
2025-11-09 15:03:58,535 [Worker-11: 入門コンテンツのインポート] INFO  o.e.m.c.i.e.AbstractTransferListenerAdapter - Downloading https://repo.maven.apache.org/maven2/org/springframework/boot/spring-boot-starter-jdbc/3.5.7/spring-boot-starter-jdbc-3.5.7.pom
2025-11-09 15:03:58,556 [Worker-11: 入門コンテンツのインポート] INFO  o.e.m.c.i.e.AbstractTransferListenerAdapter - Downloaded https://repo.maven.apache.org/maven2/org/springframework/boot/spring-boot-starter-jdbc/3.5.7/spring-boot-starter-jdbc-3.5.7.pom
2025-11-09 15:03:58,738 [Worker-11: 入門コンテンツのインポート] INFO  o.e.m.c.i.e.AbstractTransferListenerAdapter - Downloading https://repo.maven.apache.org/maven2/org/springframework/spring-jdbc/6.2.12/spring-jdbc-6.2.12.pom
2025-11-09 15:03:58,759 [Worker-11: 入門コンテンツのインポート] INFO  o.e.m.c.i.e.AbstractTransferListenerAdapter - Downloaded https://repo.maven.apache.org/maven2/org/springframework/spring-jdbc/6.2.12/spring-jdbc-6.2.12.pom
2025-11-09 15:03:59,146 [Worker-11: 入門コンテンツのインポート] INFO  o.e.m.c.i.e.AbstractTransferListenerAdapter - Downloading https://repo.maven.apache.org/maven2/org/springframework/spring-tx/6.2.12/spring-tx-6.2.12.pom
2025-11-09 15:03:59,154 [Worker-11: 入門コンテンツのインポート] INFO  o.e.m.c.i.e.AbstractTransferListenerAdapter - Downloaded https://repo.maven.apache.org/maven2/org/springframework/spring-tx/6.2.12/spring-tx-6.2.12.pom
2025-11-09 15:03:59,324 [Worker-11: 入門コンテンツのインポート] INFO  o.e.m.c.i.e.AbstractTransferListenerAdapter - Downloading https://repo.maven.apache.org/maven2/org/hibernate/orm/hibernate-core/6.6.33.Final/hibernate-core-6.6.33.Final.pom
2025-11-09 15:03:59,346 [Worker-11: 入門コンテンツのインポート] INFO  o.e.m.c.i.e.AbstractTransferListenerAdapter - Downloaded https://repo.maven.apache.org/maven2/org/hibernate/orm/hibernate-core/6.6.33.Final/hibernate-core-6.6.33.Final.pom
2025-11-09 15:03:59,764 [Worker-11: 入門コンテンツのインポート] INFO  o.e.m.c.i.e.AbstractTransferListenerAdapter - Downloading https://repo.maven.apache.org/maven2/com/fasterxml/classmate/1.7.1/classmate-1.7.1.pom
2025-11-09 15:03:59,783 [Worker-11: 入門コンテンツのインポート] INFO  o.e.m.c.i.e.AbstractTransferListenerAdapter - Downloaded https://repo.maven.apache.org/maven2/com/fasterxml/classmate/1.7.1/classmate-1.7.1.pom
2025-11-09 15:03:59,968 [Worker-11: 入門コンテンツのインポート] INFO  o.e.m.c.i.e.AbstractTransferListenerAdapter - Downloading https://repo.maven.apache.org/maven2/com/fasterxml/oss-parent/68/oss-parent-68.pom
2025-11-09 15:03:59,993 [Worker-11: 入門コンテンツのインポート] INFO  o.e.m.c.i.e.AbstractTransferListenerAdapter - Downloaded https://repo.maven.apache.org/maven2/com/fasterxml/oss-parent/68/oss-parent-68.pom
2025-11-09 15:04:00,170 [Worker-11: 入門コンテンツのインポート] INFO  o.e.m.c.i.e.AbstractTransferListenerAdapter - Downloading https://repo.maven.apache.org/maven2/net/bytebuddy/byte-buddy/1.17.8/byte-buddy-1.17.8.pom
2025-11-09 15:04:00,182 [Worker-11: 入門コンテンツのインポート] INFO  o.e.m.c.i.e.AbstractTransferListenerAdapter - Downloaded https://repo.maven.apache.org/maven2/net/bytebuddy/byte-buddy/1.17.8/byte-buddy-1.17.8.pom
2025-11-09 15:04:00,558 [Worker-11: 入門コンテンツのインポート] INFO  o.e.m.c.i.e.AbstractTransferListenerAdapter - Downloading https://repo.maven.apache.org/maven2/net/bytebuddy/byte-buddy-parent/1.17.8/byte-buddy-parent-1.17.8.pom
2025-11-09 15:04:00,565 [Worker-11: 入門コンテンツのインポート] INFO  o.e.m.c.i.e.AbstractTransferListenerAdapter - Downloaded https://repo.maven.apache.org/maven2/net/bytebuddy/byte-buddy-parent/1.17.8/byte-buddy-parent-1.17.8.pom
2025-11-09 15:04:00,759 [Worker-11: 入門コンテンツのインポート] INFO  o.e.m.c.i.e.AbstractTransferListenerAdapter - Downloading https://repo.maven.apache.org/maven2/jakarta/xml/bind/jakarta.xml.bind-api/4.0.4/jakarta.xml.bind-api-4.0.4.pom
2025-11-09 15:04:00,774 [Worker-11: 入門コンテンツのインポート] INFO  o.e.m.c.i.e.AbstractTransferListenerAdapter - Downloaded https://repo.maven.apache.org/maven2/jakarta/xml/bind/jakarta.xml.bind-api/4.0.4/jakarta.xml.bind-api-4.0.4.pom
2025-11-09 15:04:01,192 [Worker-11: 入門コンテンツのインポート] INFO  o.e.m.c.i.e.AbstractTransferListenerAdapter - Downloading https://repo.maven.apache.org/maven2/jakarta/xml/bind/jakarta.xml.bind-api-parent/4.0.4/jakarta.xml.bind-api-parent-4.0.4.pom
2025-11-09 15:04:01,202 [Worker-11: 入門コンテンツのインポート] INFO  o.e.m.c.i.e.AbstractTransferListenerAdapter - Downloaded https://repo.maven.apache.org/maven2/jakarta/xml/bind/jakarta.xml.bind-api-parent/4.0.4/jakarta.xml.bind-api-parent-4.0.4.pom
2025-11-09 15:04:01,397 [Worker-11: 入門コンテンツのインポート] INFO  o.e.m.c.i.e.AbstractTransferListenerAdapter - Downloading https://repo.maven.apache.org/maven2/org/glassfish/jaxb/jaxb-runtime/4.0.6/jaxb-runtime-4.0.6.pom
2025-11-09 15:04:01,407 [Worker-11: 入門コンテンツのインポート] INFO  o.e.m.c.i.e.AbstractTransferListenerAdapter - Downloaded https://repo.maven.apache.org/maven2/org/glassfish/jaxb/jaxb-runtime/4.0.6/jaxb-runtime-4.0.6.pom
2025-11-09 15:04:01,605 [Worker-11: 入門コンテンツのインポート] INFO  o.e.m.c.i.e.AbstractTransferListenerAdapter - Downloading https://repo.maven.apache.org/maven2/com/sun/xml/bind/mvn/jaxb-runtime-parent/4.0.6/jaxb-runtime-parent-4.0.6.pom
2025-11-09 15:04:01,615 [Worker-11: 入門コンテンツのインポート] INFO  o.e.m.c.i.e.AbstractTransferListenerAdapter - Downloaded https://repo.maven.apache.org/maven2/com/sun/xml/bind/mvn/jaxb-runtime-parent/4.0.6/jaxb-runtime-parent-4.0.6.pom
2025-11-09 15:04:01,810 [Worker-11: 入門コンテンツのインポート] INFO  o.e.m.c.i.e.AbstractTransferListenerAdapter - Downloading https://repo.maven.apache.org/maven2/com/sun/xml/bind/mvn/jaxb-parent/4.0.6/jaxb-parent-4.0.6.pom
2025-11-09 15:04:01,819 [Worker-11: 入門コンテンツのインポート] INFO  o.e.m.c.i.e.AbstractTransferListenerAdapter - Downloaded https://repo.maven.apache.org/maven2/com/sun/xml/bind/mvn/jaxb-parent/4.0.6/jaxb-parent-4.0.6.pom
2025-11-09 15:04:02,038 [Worker-11: 入門コンテンツのインポート] INFO  o.e.m.c.i.e.AbstractTransferListenerAdapter - Downloading https://repo.maven.apache.org/maven2/com/sun/xml/bind/jaxb-bom-ext/4.0.6/jaxb-bom-ext-4.0.6.pom
2025-11-09 15:04:02,049 [Worker-11: 入門コンテンツのインポート] INFO  o.e.m.c.i.e.AbstractTransferListenerAdapter - Downloaded https://repo.maven.apache.org/maven2/com/sun/xml/bind/jaxb-bom-ext/4.0.6/jaxb-bom-ext-4.0.6.pom
2025-11-09 15:04:02,162 [Worker-11: 入門コンテンツのインポート] INFO  o.e.m.c.i.e.AbstractTransferListenerAdapter - Downloading https://repo.maven.apache.org/maven2/org/glassfish/jaxb/jaxb-core/4.0.6/jaxb-core-4.0.6.pom
2025-11-09 15:04:02,178 [Worker-11: 入門コンテンツのインポート] INFO  o.e.m.c.i.e.AbstractTransferListenerAdapter - Downloaded https://repo.maven.apache.org/maven2/org/glassfish/jaxb/jaxb-core/4.0.6/jaxb-core-4.0.6.pom
2025-11-09 15:04:02,427 [Worker-11: 入門コンテンツのインポート] INFO  o.e.m.c.i.e.AbstractTransferListenerAdapter - Downloading https://repo.maven.apache.org/maven2/org/eclipse/angus/angus-activation/2.0.3/angus-activation-2.0.3.pom
2025-11-09 15:04:02,443 [Worker-11: 入門コンテンツのインポート] INFO  o.e.m.c.i.e.AbstractTransferListenerAdapter - Downloaded https://repo.maven.apache.org/maven2/org/eclipse/angus/angus-activation/2.0.3/angus-activation-2.0.3.pom
2025-11-09 15:04:02,691 [Worker-11: 入門コンテンツのインポート] INFO  o.e.m.c.i.e.AbstractTransferListenerAdapter - Downloading https://repo.maven.apache.org/maven2/org/eclipse/angus/angus-activation-project/2.0.3/angus-activation-project-2.0.3.pom
2025-11-09 15:04:02,712 [Worker-11: 入門コンテンツのインポート] INFO  o.e.m.c.i.e.AbstractTransferListenerAdapter - Downloaded https://repo.maven.apache.org/maven2/org/eclipse/angus/angus-activation-project/2.0.3/angus-activation-project-2.0.3.pom
2025-11-09 15:04:03,040 [Worker-11: 入門コンテンツのインポート] INFO  o.e.m.c.i.e.AbstractTransferListenerAdapter - Downloading https://repo.maven.apache.org/maven2/org/glassfish/jaxb/txw2/4.0.6/txw2-4.0.6.pom
2025-11-09 15:04:03,058 [Worker-11: 入門コンテンツのインポート] INFO  o.e.m.c.i.e.AbstractTransferListenerAdapter - Downloaded https://repo.maven.apache.org/maven2/org/glassfish/jaxb/txw2/4.0.6/txw2-4.0.6.pom
2025-11-09 15:04:03,245 [Worker-11: 入門コンテンツのインポート] INFO  o.e.m.c.i.e.AbstractTransferListenerAdapter - Downloading https://repo.maven.apache.org/maven2/com/sun/xml/bind/mvn/jaxb-txw-parent/4.0.6/jaxb-txw-parent-4.0.6.pom
2025-11-09 15:04:03,331 [Worker-11: 入門コンテンツのインポート] INFO  o.e.m.c.i.e.AbstractTransferListenerAdapter - Downloaded https://repo.maven.apache.org/maven2/com/sun/xml/bind/mvn/jaxb-txw-parent/4.0.6/jaxb-txw-parent-4.0.6.pom
2025-11-09 15:04:03,515 [Worker-11: 入門コンテンツのインポート] INFO  o.e.m.c.i.e.AbstractTransferListenerAdapter - Downloading https://repo.maven.apache.org/maven2/org/springframework/data/spring-data-jpa/3.5.5/spring-data-jpa-3.5.5.pom
2025-11-09 15:04:03,527 [Worker-11: 入門コンテンツのインポート] INFO  o.e.m.c.i.e.AbstractTransferListenerAdapter - Downloaded https://repo.maven.apache.org/maven2/org/springframework/data/spring-data-jpa/3.5.5/spring-data-jpa-3.5.5.pom
2025-11-09 15:04:03,653 [Worker-11: 入門コンテンツのインポート] INFO  o.e.m.c.i.e.AbstractTransferListenerAdapter - Downloading https://repo.maven.apache.org/maven2/org/springframework/data/spring-data-jpa-parent/3.5.5/spring-data-jpa-parent-3.5.5.pom
2025-11-09 15:04:03,663 [Worker-11: 入門コンテンツのインポート] INFO  o.e.m.c.i.e.AbstractTransferListenerAdapter - Downloaded https://repo.maven.apache.org/maven2/org/springframework/data/spring-data-jpa-parent/3.5.5/spring-data-jpa-parent-3.5.5.pom
2025-11-09 15:04:03,861 [Worker-11: 入門コンテンツのインポート] INFO  o.e.m.c.i.e.AbstractTransferListenerAdapter - Downloading https://repo.maven.apache.org/maven2/org/springframework/data/build/spring-data-parent/3.5.5/spring-data-parent-3.5.5.pom
2025-11-09 15:04:03,885 [Worker-11: 入門コンテンツのインポート] INFO  o.e.m.c.i.e.AbstractTransferListenerAdapter - Downloaded https://repo.maven.apache.org/maven2/org/springframework/data/build/spring-data-parent/3.5.5/spring-data-parent-3.5.5.pom
2025-11-09 15:04:04,476 [Worker-11: 入門コンテンツのインポート] INFO  o.e.m.c.i.e.AbstractTransferListenerAdapter - Downloading https://repo.maven.apache.org/maven2/org/springframework/data/build/spring-data-build/3.5.5/spring-data-build-3.5.5.pom
2025-11-09 15:04:04,497 [Worker-11: 入門コンテンツのインポート] INFO  o.e.m.c.i.e.AbstractTransferListenerAdapter - Downloaded https://repo.maven.apache.org/maven2/org/springframework/data/build/spring-data-build/3.5.5/spring-data-build-3.5.5.pom
2025-11-09 15:04:04,757 [Worker-11: 入門コンテンツのインポート] INFO  o.e.m.c.i.e.AbstractTransferListenerAdapter - Downloading https://repo.maven.apache.org/maven2/org/springframework/data/spring-data-commons/3.5.5/spring-data-commons-3.5.5.pom
2025-11-09 15:04:04,765 [Worker-11: 入門コンテンツのインポート] INFO  o.e.m.c.i.e.AbstractTransferListenerAdapter - Downloaded https://repo.maven.apache.org/maven2/org/springframework/data/spring-data-commons/3.5.5/spring-data-commons-3.5.5.pom
2025-11-09 15:04:04,880 [Worker-11: 入門コンテンツのインポート] INFO  o.e.m.c.i.e.AbstractTransferListenerAdapter - Downloading https://repo.maven.apache.org/maven2/org/springframework/spring-orm/6.2.12/spring-orm-6.2.12.pom
2025-11-09 15:04:04,887 [Worker-11: 入門コンテンツのインポート] INFO  o.e.m.c.i.e.AbstractTransferListenerAdapter - Downloaded https://repo.maven.apache.org/maven2/org/springframework/spring-orm/6.2.12/spring-orm-6.2.12.pom
2025-11-09 15:04:05,289 [Worker-11: 入門コンテンツのインポート] INFO  o.e.m.c.i.e.AbstractTransferListenerAdapter - Downloading https://repo.maven.apache.org/maven2/org/springframework/spring-aspects/6.2.12/spring-aspects-6.2.12.pom
2025-11-09 15:04:05,296 [Worker-11: 入門コンテンツのインポート] INFO  o.e.m.c.i.e.AbstractTransferListenerAdapter - Downloaded https://repo.maven.apache.org/maven2/org/springframework/spring-aspects/6.2.12/spring-aspects-6.2.12.pom
2025-11-09 15:04:05,384 [Worker-11: 入門コンテンツのインポート] INFO  o.e.m.c.i.e.AbstractTransferListenerAdapter - Downloading https://repo.maven.apache.org/maven2/org/springframework/boot/spring-boot-starter-mail/3.5.7/spring-boot-starter-mail-3.5.7.pom
2025-11-09 15:04:05,402 [Worker-11: 入門コンテンツのインポート] INFO  o.e.m.c.i.e.AbstractTransferListenerAdapter - Downloaded https://repo.maven.apache.org/maven2/org/springframework/boot/spring-boot-starter-mail/3.5.7/spring-boot-starter-mail-3.5.7.pom
2025-11-09 15:04:05,550 [Worker-11: 入門コンテンツのインポート] INFO  o.e.m.c.i.e.AbstractTransferListenerAdapter - Downloading https://repo.maven.apache.org/maven2/org/springframework/spring-context-support/6.2.12/spring-context-support-6.2.12.pom
2025-11-09 15:04:05,560 [Worker-11: 入門コンテンツのインポート] INFO  o.e.m.c.i.e.AbstractTransferListenerAdapter - Downloaded https://repo.maven.apache.org/maven2/org/springframework/spring-context-support/6.2.12/spring-context-support-6.2.12.pom
2025-11-09 15:04:05,648 [Worker-11: 入門コンテンツのインポート] INFO  o.e.m.c.i.e.AbstractTransferListenerAdapter - Downloading https://repo.maven.apache.org/maven2/org/eclipse/angus/jakarta.mail/2.0.5/jakarta.mail-2.0.5.pom
2025-11-09 15:04:05,661 [Worker-11: 入門コンテンツのインポート] INFO  o.e.m.c.i.e.AbstractTransferListenerAdapter - Downloaded https://repo.maven.apache.org/maven2/org/eclipse/angus/jakarta.mail/2.0.5/jakarta.mail-2.0.5.pom
2025-11-09 15:04:05,908 [Worker-11: 入門コンテンツのインポート] INFO  o.e.m.c.i.e.AbstractTransferListenerAdapter - Downloading https://repo.maven.apache.org/maven2/org/eclipse/angus/all/2.0.5/all-2.0.5.pom
2025-11-09 15:04:05,934 [Worker-11: 入門コンテンツのインポート] INFO  o.e.m.c.i.e.AbstractTransferListenerAdapter - Downloaded https://repo.maven.apache.org/maven2/org/eclipse/angus/all/2.0.5/all-2.0.5.pom
2025-11-09 15:04:06,075 [Worker-11: 入門コンテンツのインポート] INFO  o.e.m.c.i.e.AbstractTransferListenerAdapter - Downloading https://repo.maven.apache.org/maven2/org/springframework/boot/spring-boot-starter-security/3.5.7/spring-boot-starter-security-3.5.7.pom
2025-11-09 15:04:06,098 [Worker-11: 入門コンテンツのインポート] INFO  o.e.m.c.i.e.AbstractTransferListenerAdapter - Downloaded https://repo.maven.apache.org/maven2/org/springframework/boot/spring-boot-starter-security/3.5.7/spring-boot-starter-security-3.5.7.pom
2025-11-09 15:04:06,223 [Worker-11: 入門コンテンツのインポート] INFO  o.e.m.c.i.e.AbstractTransferListenerAdapter - Downloading https://repo.maven.apache.org/maven2/org/springframework/security/spring-security-config/6.5.6/spring-security-config-6.5.6.pom
2025-11-09 15:04:06,231 [Worker-11: 入門コンテンツのインポート] INFO  o.e.m.c.i.e.AbstractTransferListenerAdapter - Downloaded https://repo.maven.apache.org/maven2/org/springframework/security/spring-security-config/6.5.6/spring-security-config-6.5.6.pom
2025-11-09 15:04:06,524 [Worker-11: 入門コンテンツのインポート] INFO  o.e.m.c.i.e.AbstractTransferListenerAdapter - Downloading https://repo.maven.apache.org/maven2/org/springframework/security/spring-security-core/6.5.6/spring-security-core-6.5.6.pom
2025-11-09 15:04:06,546 [Worker-11: 入門コンテンツのインポート] INFO  o.e.m.c.i.e.AbstractTransferListenerAdapter - Downloaded https://repo.maven.apache.org/maven2/org/springframework/security/spring-security-core/6.5.6/spring-security-core-6.5.6.pom
2025-11-09 15:04:07,137 [Worker-11: 入門コンテンツのインポート] INFO  o.e.m.c.i.e.AbstractTransferListenerAdapter - Downloading https://repo.maven.apache.org/maven2/org/springframework/security/spring-security-crypto/6.5.6/spring-security-crypto-6.5.6.pom
2025-11-09 15:04:07,148 [Worker-11: 入門コンテンツのインポート] INFO  o.e.m.c.i.e.AbstractTransferListenerAdapter - Downloaded https://repo.maven.apache.org/maven2/org/springframework/security/spring-security-crypto/6.5.6/spring-security-crypto-6.5.6.pom
2025-11-09 15:04:07,233 [Worker-11: 入門コンテンツのインポート] INFO  o.e.m.c.i.e.AbstractTransferListenerAdapter - Downloading https://repo.maven.apache.org/maven2/org/springframework/security/spring-security-web/6.5.6/spring-security-web-6.5.6.pom
2025-11-09 15:04:07,245 [Worker-11: 入門コンテンツのインポート] INFO  o.e.m.c.i.e.AbstractTransferListenerAdapter - Downloaded https://repo.maven.apache.org/maven2/org/springframework/security/spring-security-web/6.5.6/spring-security-web-6.5.6.pom
2025-11-09 15:04:07,348 [Worker-11: 入門コンテンツのインポート] INFO  o.e.m.c.i.e.AbstractTransferListenerAdapter - Downloading https://repo.maven.apache.org/maven2/org/springframework/spring-web/6.2.12/spring-web-6.2.12.pom
2025-11-09 15:04:07,356 [Worker-11: 入門コンテンツのインポート] INFO  o.e.m.c.i.e.AbstractTransferListenerAdapter - Downloaded https://repo.maven.apache.org/maven2/org/springframework/spring-web/6.2.12/spring-web-6.2.12.pom
2025-11-09 15:04:07,543 [Worker-11: 入門コンテンツのインポート] INFO  o.e.m.c.i.e.AbstractTransferListenerAdapter - Downloading https://repo.maven.apache.org/maven2/org/springframework/boot/spring-boot-starter-thymeleaf/3.5.7/spring-boot-starter-thymeleaf-3.5.7.pom
2025-11-09 15:04:07,554 [Worker-11: 入門コンテンツのインポート] INFO  o.e.m.c.i.e.AbstractTransferListenerAdapter - Downloaded https://repo.maven.apache.org/maven2/org/springframework/boot/spring-boot-starter-thymeleaf/3.5.7/spring-boot-starter-thymeleaf-3.5.7.pom
2025-11-09 15:04:07,739 [Worker-11: 入門コンテンツのインポート] INFO  o.e.m.c.i.e.AbstractTransferListenerAdapter - Downloading https://repo.maven.apache.org/maven2/org/springframework/boot/spring-boot-starter-validation/3.5.7/spring-boot-starter-validation-3.5.7.pom
2025-11-09 15:04:07,806 [Worker-11: 入門コンテンツのインポート] INFO  o.e.m.c.i.e.AbstractTransferListenerAdapter - Downloaded https://repo.maven.apache.org/maven2/org/springframework/boot/spring-boot-starter-validation/3.5.7/spring-boot-starter-validation-3.5.7.pom
2025-11-09 15:04:07,953 [Worker-11: 入門コンテンツのインポート] INFO  o.e.m.c.i.e.AbstractTransferListenerAdapter - Downloading https://repo.maven.apache.org/maven2/org/apache/tomcat/embed/tomcat-embed-el/10.1.48/tomcat-embed-el-10.1.48.pom
2025-11-09 15:04:07,960 [Worker-11: 入門コンテンツのインポート] INFO  o.e.m.c.i.e.AbstractTransferListenerAdapter - Downloaded https://repo.maven.apache.org/maven2/org/apache/tomcat/embed/tomcat-embed-el/10.1.48/tomcat-embed-el-10.1.48.pom
2025-11-09 15:04:08,043 [Worker-11: 入門コンテンツのインポート] INFO  o.e.m.c.i.e.AbstractTransferListenerAdapter - Downloading https://repo.maven.apache.org/maven2/org/springframework/boot/spring-boot-starter-web/3.5.7/spring-boot-starter-web-3.5.7.pom
2025-11-09 15:04:08,052 [Worker-11: 入門コンテンツのインポート] INFO  o.e.m.c.i.e.AbstractTransferListenerAdapter - Downloaded https://repo.maven.apache.org/maven2/org/springframework/boot/spring-boot-starter-web/3.5.7/spring-boot-starter-web-3.5.7.pom
2025-11-09 15:04:08,159 [Worker-11: 入門コンテンツのインポート] INFO  o.e.m.c.i.e.AbstractTransferListenerAdapter - Downloading https://repo.maven.apache.org/maven2/org/springframework/boot/spring-boot-starter-json/3.5.7/spring-boot-starter-json-3.5.7.pom
2025-11-09 15:04:08,177 [Worker-11: 入門コンテンツのインポート] INFO  o.e.m.c.i.e.AbstractTransferListenerAdapter - Downloaded https://repo.maven.apache.org/maven2/org/springframework/boot/spring-boot-starter-json/3.5.7/spring-boot-starter-json-3.5.7.pom
2025-11-09 15:04:08,569 [Worker-11: 入門コンテンツのインポート] INFO  o.e.m.c.i.e.AbstractTransferListenerAdapter - Downloading https://repo.maven.apache.org/maven2/org/springframework/boot/spring-boot-starter-tomcat/3.5.7/spring-boot-starter-tomcat-3.5.7.pom
2025-11-09 15:04:08,586 [Worker-11: 入門コンテンツのインポート] INFO  o.e.m.c.i.e.AbstractTransferListenerAdapter - Downloaded https://repo.maven.apache.org/maven2/org/springframework/boot/spring-boot-starter-tomcat/3.5.7/spring-boot-starter-tomcat-3.5.7.pom
2025-11-09 15:04:08,771 [Worker-11: 入門コンテンツのインポート] INFO  o.e.m.c.i.e.AbstractTransferListenerAdapter - Downloading https://repo.maven.apache.org/maven2/org/apache/tomcat/embed/tomcat-embed-core/10.1.48/tomcat-embed-core-10.1.48.pom
2025-11-09 15:04:08,787 [Worker-11: 入門コンテンツのインポート] INFO  o.e.m.c.i.e.AbstractTransferListenerAdapter - Downloaded https://repo.maven.apache.org/maven2/org/apache/tomcat/embed/tomcat-embed-core/10.1.48/tomcat-embed-core-10.1.48.pom
2025-11-09 15:04:08,934 [Worker-11: 入門コンテンツのインポート] INFO  o.e.m.c.i.e.AbstractTransferListenerAdapter - Downloading https://repo.maven.apache.org/maven2/org/apache/tomcat/embed/tomcat-embed-websocket/10.1.48/tomcat-embed-websocket-10.1.48.pom
2025-11-09 15:04:08,947 [Worker-11: 入門コンテンツのインポート] INFO  o.e.m.c.i.e.AbstractTransferListenerAdapter - Downloaded https://repo.maven.apache.org/maven2/org/apache/tomcat/embed/tomcat-embed-websocket/10.1.48/tomcat-embed-websocket-10.1.48.pom
2025-11-09 15:04:09,181 [Worker-11: 入門コンテンツのインポート] INFO  o.e.m.c.i.e.AbstractTransferListenerAdapter - Downloading https://repo.maven.apache.org/maven2/org/springframework/spring-webmvc/6.2.12/spring-webmvc-6.2.12.pom
2025-11-09 15:04:09,188 [Worker-11: 入門コンテンツのインポート] INFO  o.e.m.c.i.e.AbstractTransferListenerAdapter - Downloaded https://repo.maven.apache.org/maven2/org/springframework/spring-webmvc/6.2.12/spring-webmvc-6.2.12.pom
2025-11-09 15:04:09,385 [Worker-11: 入門コンテンツのインポート] INFO  o.e.m.c.i.e.AbstractTransferListenerAdapter - Downloading https://repo.maven.apache.org/maven2/org/springframework/boot/spring-boot-devtools/3.5.7/spring-boot-devtools-3.5.7.pom
2025-11-09 15:04:09,402 [Worker-11: 入門コンテンツのインポート] INFO  o.e.m.c.i.e.AbstractTransferListenerAdapter - Downloaded https://repo.maven.apache.org/maven2/org/springframework/boot/spring-boot-devtools/3.5.7/spring-boot-devtools-3.5.7.pom
2025-11-09 15:04:09,593 [Worker-11: 入門コンテンツのインポート] INFO  o.e.m.c.i.e.AbstractTransferListenerAdapter - Downloading https://repo.maven.apache.org/maven2/org/projectlombok/lombok/1.18.42/lombok-1.18.42.pom
2025-11-09 15:04:09,601 [Worker-11: 入門コンテンツのインポート] INFO  o.e.m.c.i.e.AbstractTransferListenerAdapter - Downloaded https://repo.maven.apache.org/maven2/org/projectlombok/lombok/1.18.42/lombok-1.18.42.pom
2025-11-09 15:04:09,693 [Worker-11: 入門コンテンツのインポート] INFO  o.e.m.c.i.e.AbstractTransferListenerAdapter - Downloading https://repo.maven.apache.org/maven2/org/springframework/boot/spring-boot-starter-test/3.5.7/spring-boot-starter-test-3.5.7.pom
2025-11-09 15:04:09,702 [Worker-11: 入門コンテンツのインポート] INFO  o.e.m.c.i.e.AbstractTransferListenerAdapter - Downloaded https://repo.maven.apache.org/maven2/org/springframework/boot/spring-boot-starter-test/3.5.7/spring-boot-starter-test-3.5.7.pom
2025-11-09 15:04:10,002 [Worker-11: 入門コンテンツのインポート] INFO  o.e.m.c.i.e.AbstractTransferListenerAdapter - Downloading https://repo.maven.apache.org/maven2/org/springframework/boot/spring-boot-test/3.5.7/spring-boot-test-3.5.7.pom
2025-11-09 15:04:10,014 [Worker-11: 入門コンテンツのインポート] INFO  o.e.m.c.i.e.AbstractTransferListenerAdapter - Downloaded https://repo.maven.apache.org/maven2/org/springframework/boot/spring-boot-test/3.5.7/spring-boot-test-3.5.7.pom
2025-11-09 15:04:10,186 [Worker-11: 入門コンテンツのインポート] INFO  o.e.m.c.i.e.AbstractTransferListenerAdapter - Downloading https://repo.maven.apache.org/maven2/org/springframework/spring-test/6.2.12/spring-test-6.2.12.pom
2025-11-09 15:04:10,202 [Worker-11: 入門コンテンツのインポート] INFO  o.e.m.c.i.e.AbstractTransferListenerAdapter - Downloaded https://repo.maven.apache.org/maven2/org/springframework/spring-test/6.2.12/spring-test-6.2.12.pom
2025-11-09 15:04:10,413 [Worker-11: 入門コンテンツのインポート] INFO  o.e.m.c.i.e.AbstractTransferListenerAdapter - Downloading https://repo.maven.apache.org/maven2/org/springframework/boot/spring-boot-test-autoconfigure/3.5.7/spring-boot-test-autoconfigure-3.5.7.pom
2025-11-09 15:04:10,431 [Worker-11: 入門コンテンツのインポート] INFO  o.e.m.c.i.e.AbstractTransferListenerAdapter - Downloaded https://repo.maven.apache.org/maven2/org/springframework/boot/spring-boot-test-autoconfigure/3.5.7/spring-boot-test-autoconfigure-3.5.7.pom
2025-11-09 15:04:10,685 [Worker-11: 入門コンテンツのインポート] INFO  o.e.m.c.i.e.AbstractTransferListenerAdapter - Downloading https://repo.maven.apache.org/maven2/org/assertj/assertj-core/3.27.6/assertj-core-3.27.6.pom
2025-11-09 15:04:10,697 [Worker-11: 入門コンテンツのインポート] INFO  o.e.m.c.i.e.AbstractTransferListenerAdapter - Downloaded https://repo.maven.apache.org/maven2/org/assertj/assertj-core/3.27.6/assertj-core-3.27.6.pom
2025-11-09 15:04:11,026 [Worker-11: 入門コンテンツのインポート] INFO  o.e.m.c.i.e.AbstractTransferListenerAdapter - Downloading https://repo.maven.apache.org/maven2/net/bytebuddy/byte-buddy-agent/1.17.8/byte-buddy-agent-1.17.8.pom
2025-11-09 15:04:11,040 [Worker-11: 入門コンテンツのインポート] INFO  o.e.m.c.i.e.AbstractTransferListenerAdapter - Downloaded https://repo.maven.apache.org/maven2/net/bytebuddy/byte-buddy-agent/1.17.8/byte-buddy-agent-1.17.8.pom
2025-11-09 15:04:11,437 [Worker-11: 入門コンテンツのインポート] INFO  o.e.m.c.i.e.AbstractTransferListenerAdapter - Downloading https://repo.maven.apache.org/maven2/org/springframework/security/spring-security-test/6.5.6/spring-security-test-6.5.6.pom
2025-11-09 15:04:11,450 [Worker-11: 入門コンテンツのインポート] INFO  o.e.m.c.i.e.AbstractTransferListenerAdapter - Downloaded https://repo.maven.apache.org/maven2/org/springframework/security/spring-security-test/6.5.6/spring-security-test-6.5.6.pom
2025-11-09 15:04:12,051 [Worker-11: 入門コンテンツのインポート] INFO  o.e.m.c.i.e.AbstractTransferListenerAdapter - Downloading https://repo.maven.apache.org/maven2/org/springframework/boot/spring-boot-starter-data-jpa/3.5.7/spring-boot-starter-data-jpa-3.5.7.jar
2025-11-09 15:04:12,060 [Worker-11: 入門コンテンツのインポート] INFO  o.e.m.c.i.e.AbstractTransferListenerAdapter - Downloaded https://repo.maven.apache.org/maven2/org/springframework/boot/spring-boot-starter-data-jpa/3.5.7/spring-boot-starter-data-jpa-3.5.7.jar
2025-11-09 15:04:12,137 [BasicRepositoryConnector-repo.maven.apache.org-1-0] INFO  o.e.m.c.i.e.AbstractTransferListenerAdapter - Downloading https://repo.maven.apache.org/maven2/org/springframework/boot/spring-boot-starter/3.5.7/spring-boot-starter-3.5.7.jar
2025-11-09 15:04:12,143 [BasicRepositoryConnector-repo.maven.apache.org-1-2] INFO  o.e.m.c.i.e.AbstractTransferListenerAdapter - Downloading https://repo.maven.apache.org/maven2/ch/qos/logback/logback-classic/1.5.20/logback-classic-1.5.20.jar
2025-11-09 15:04:12,148 [BasicRepositoryConnector-repo.maven.apache.org-1-0] INFO  o.e.m.c.i.e.AbstractTransferListenerAdapter - Downloaded https://repo.maven.apache.org/maven2/org/springframework/boot/spring-boot-starter/3.5.7/spring-boot-starter-3.5.7.jar
2025-11-09 15:04:12,230 [BasicRepositoryConnector-repo.maven.apache.org-1-0] INFO  o.e.m.c.i.e.AbstractTransferListenerAdapter - Downloading https://repo.maven.apache.org/maven2/org/springframework/spring-jdbc/6.2.12/spring-jdbc-6.2.12.jar
2025-11-09 15:04:12,240 [BasicRepositoryConnector-repo.maven.apache.org-1-2] INFO  o.e.m.c.i.e.AbstractTransferListenerAdapter - Downloaded https://repo.maven.apache.org/maven2/ch/qos/logback/logback-classic/1.5.20/logback-classic-1.5.20.jar
2025-11-09 15:04:12,314 [BasicRepositoryConnector-repo.maven.apache.org-1-4] INFO  o.e.m.c.i.e.AbstractTransferListenerAdapter - Downloading https://repo.maven.apache.org/maven2/org/springframework/boot/spring-boot-starter-jdbc/3.5.7/spring-boot-starter-jdbc-3.5.7.jar
2025-11-09 15:04:12,316 [BasicRepositoryConnector-repo.maven.apache.org-1-1] INFO  o.e.m.c.i.e.AbstractTransferListenerAdapter - Downloading https://repo.maven.apache.org/maven2/org/springframework/boot/spring-boot-starter-logging/3.5.7/spring-boot-starter-logging-3.5.7.jar
2025-11-09 15:04:12,323 [BasicRepositoryConnector-repo.maven.apache.org-1-2] INFO  o.e.m.c.i.e.AbstractTransferListenerAdapter - Downloading https://repo.maven.apache.org/maven2/org/hibernate/orm/hibernate-core/6.6.33.Final/hibernate-core-6.6.33.Final.jar
2025-11-09 15:04:12,329 [BasicRepositoryConnector-repo.maven.apache.org-1-4] INFO  o.e.m.c.i.e.AbstractTransferListenerAdapter - Downloaded https://repo.maven.apache.org/maven2/org/springframework/boot/spring-boot-starter-jdbc/3.5.7/spring-boot-starter-jdbc-3.5.7.jar
2025-11-09 15:04:12,330 [BasicRepositoryConnector-repo.maven.apache.org-1-1] INFO  o.e.m.c.i.e.AbstractTransferListenerAdapter - Downloaded https://repo.maven.apache.org/maven2/org/springframework/boot/spring-boot-starter-logging/3.5.7/spring-boot-starter-logging-3.5.7.jar
2025-11-09 15:04:12,367 [BasicRepositoryConnector-repo.maven.apache.org-1-0] INFO  o.e.m.c.i.e.AbstractTransferListenerAdapter - Downloaded https://repo.maven.apache.org/maven2/org/springframework/spring-jdbc/6.2.12/spring-jdbc-6.2.12.jar
2025-11-09 15:04:12,395 [BasicRepositoryConnector-repo.maven.apache.org-1-3] INFO  o.e.m.c.i.e.AbstractTransferListenerAdapter - Downloading https://repo.maven.apache.org/maven2/ch/qos/logback/logback-core/1.5.20/logback-core-1.5.20.jar
2025-11-09 15:04:12,451 [BasicRepositoryConnector-repo.maven.apache.org-1-1] INFO  o.e.m.c.i.e.AbstractTransferListenerAdapter - Downloading https://repo.maven.apache.org/maven2/net/bytebuddy/byte-buddy/1.17.8/byte-buddy-1.17.8.jar
2025-11-09 15:04:12,479 [BasicRepositoryConnector-repo.maven.apache.org-1-4] INFO  o.e.m.c.i.e.AbstractTransferListenerAdapter - Downloading https://repo.maven.apache.org/maven2/com/fasterxml/classmate/1.7.1/classmate-1.7.1.jar
2025-11-09 15:04:12,543 [BasicRepositoryConnector-repo.maven.apache.org-1-0] INFO  o.e.m.c.i.e.AbstractTransferListenerAdapter - Downloading https://repo.maven.apache.org/maven2/org/glassfish/jaxb/jaxb-runtime/4.0.6/jaxb-runtime-4.0.6.jar
2025-11-09 15:04:12,749 [BasicRepositoryConnector-repo.maven.apache.org-1-4] INFO  o.e.m.c.i.e.AbstractTransferListenerAdapter - Downloaded https://repo.maven.apache.org/maven2/com/fasterxml/classmate/1.7.1/classmate-1.7.1.jar
2025-11-09 15:04:13,064 [BasicRepositoryConnector-repo.maven.apache.org-1-4] INFO  o.e.m.c.i.e.AbstractTransferListenerAdapter - Downloading https://repo.maven.apache.org/maven2/org/glassfish/jaxb/jaxb-core/4.0.6/jaxb-core-4.0.6.jar
2025-11-09 15:04:13,096 [BasicRepositoryConnector-repo.maven.apache.org-1-0] INFO  o.e.m.c.i.e.AbstractTransferListenerAdapter - Downloaded https://repo.maven.apache.org/maven2/org/glassfish/jaxb/jaxb-runtime/4.0.6/jaxb-runtime-4.0.6.jar
2025-11-09 15:04:13,307 [BasicRepositoryConnector-repo.maven.apache.org-1-4] INFO  o.e.m.c.i.e.AbstractTransferListenerAdapter - Downloaded https://repo.maven.apache.org/maven2/org/glassfish/jaxb/jaxb-core/4.0.6/jaxb-core-4.0.6.jar
2025-11-09 15:04:13,331 [BasicRepositoryConnector-repo.maven.apache.org-1-0] INFO  o.e.m.c.i.e.AbstractTransferListenerAdapter - Downloading https://repo.maven.apache.org/maven2/org/glassfish/jaxb/txw2/4.0.6/txw2-4.0.6.jar
2025-11-09 15:04:13,349 [BasicRepositoryConnector-repo.maven.apache.org-1-0] INFO  o.e.m.c.i.e.AbstractTransferListenerAdapter - Downloaded https://repo.maven.apache.org/maven2/org/glassfish/jaxb/txw2/4.0.6/txw2-4.0.6.jar
2025-11-09 15:04:13,540 [BasicRepositoryConnector-repo.maven.apache.org-1-4] INFO  o.e.m.c.i.e.AbstractTransferListenerAdapter - Downloading https://repo.maven.apache.org/maven2/org/springframework/data/spring-data-jpa/3.5.5/spring-data-jpa-3.5.5.jar
2025-11-09 15:04:13,570 [BasicRepositoryConnector-repo.maven.apache.org-1-0] INFO  o.e.m.c.i.e.AbstractTransferListenerAdapter - Downloading https://repo.maven.apache.org/maven2/org/springframework/data/spring-data-commons/3.5.5/spring-data-commons-3.5.5.jar
2025-11-09 15:04:13,701 [BasicRepositoryConnector-repo.maven.apache.org-1-3] INFO  o.e.m.c.i.e.AbstractTransferListenerAdapter - Downloaded https://repo.maven.apache.org/maven2/ch/qos/logback/logback-core/1.5.20/logback-core-1.5.20.jar
2025-11-09 15:04:13,975 [BasicRepositoryConnector-repo.maven.apache.org-1-3] INFO  o.e.m.c.i.e.AbstractTransferListenerAdapter - Downloading https://repo.maven.apache.org/maven2/org/springframework/spring-orm/6.2.12/spring-orm-6.2.12.jar
2025-11-09 15:04:14,364 [BasicRepositoryConnector-repo.maven.apache.org-1-0] INFO  o.e.m.c.i.e.AbstractTransferListenerAdapter - Downloaded https://repo.maven.apache.org/maven2/org/springframework/data/spring-data-commons/3.5.5/spring-data-commons-3.5.5.jar
2025-11-09 15:04:14,376 [BasicRepositoryConnector-repo.maven.apache.org-1-3] INFO  o.e.m.c.i.e.AbstractTransferListenerAdapter - Downloaded https://repo.maven.apache.org/maven2/org/springframework/spring-orm/6.2.12/spring-orm-6.2.12.jar
2025-11-09 15:04:14,593 [BasicRepositoryConnector-repo.maven.apache.org-1-3] INFO  o.e.m.c.i.e.AbstractTransferListenerAdapter - Downloading https://repo.maven.apache.org/maven2/org/springframework/spring-tx/6.2.12/spring-tx-6.2.12.jar
2025-11-09 15:04:14,596 [BasicRepositoryConnector-repo.maven.apache.org-1-0] INFO  o.e.m.c.i.e.AbstractTransferListenerAdapter - Downloading https://repo.maven.apache.org/maven2/org/springframework/spring-context/6.2.12/spring-context-6.2.12.jar
2025-11-09 15:04:14,695 [BasicRepositoryConnector-repo.maven.apache.org-1-3] INFO  o.e.m.c.i.e.AbstractTransferListenerAdapter - Downloaded https://repo.maven.apache.org/maven2/org/springframework/spring-tx/6.2.12/spring-tx-6.2.12.jar
2025-11-09 15:04:14,880 [BasicRepositoryConnector-repo.maven.apache.org-1-4] INFO  o.e.m.c.i.e.AbstractTransferListenerAdapter - Downloaded https://repo.maven.apache.org/maven2/org/springframework/data/spring-data-jpa/3.5.5/spring-data-jpa-3.5.5.jar
2025-11-09 15:04:14,908 [BasicRepositoryConnector-repo.maven.apache.org-1-3] INFO  o.e.m.c.i.e.AbstractTransferListenerAdapter - Downloading https://repo.maven.apache.org/maven2/org/springframework/spring-beans/6.2.12/spring-beans-6.2.12.jar
2025-11-09 15:04:15,118 [BasicRepositoryConnector-repo.maven.apache.org-1-4] INFO  o.e.m.c.i.e.AbstractTransferListenerAdapter - Downloading https://repo.maven.apache.org/maven2/org/springframework/spring-aspects/6.2.12/spring-aspects-6.2.12.jar
2025-11-09 15:04:15,168 [BasicRepositoryConnector-repo.maven.apache.org-1-4] INFO  o.e.m.c.i.e.AbstractTransferListenerAdapter - Downloaded https://repo.maven.apache.org/maven2/org/springframework/spring-aspects/6.2.12/spring-aspects-6.2.12.jar
2025-11-09 15:04:15,302 [BasicRepositoryConnector-repo.maven.apache.org-1-3] INFO  o.e.m.c.i.e.AbstractTransferListenerAdapter - Downloaded https://repo.maven.apache.org/maven2/org/springframework/spring-beans/6.2.12/spring-beans-6.2.12.jar
2025-11-09 15:04:15,326 [BasicRepositoryConnector-repo.maven.apache.org-1-4] INFO  o.e.m.c.i.e.AbstractTransferListenerAdapter - Downloading https://repo.maven.apache.org/maven2/org/springframework/boot/spring-boot-starter-mail/3.5.7/spring-boot-starter-mail-3.5.7.jar
2025-11-09 15:04:15,337 [BasicRepositoryConnector-repo.maven.apache.org-1-4] INFO  o.e.m.c.i.e.AbstractTransferListenerAdapter - Downloaded https://repo.maven.apache.org/maven2/org/springframework/boot/spring-boot-starter-mail/3.5.7/spring-boot-starter-mail-3.5.7.jar
2025-11-09 15:04:15,438 [BasicRepositoryConnector-repo.maven.apache.org-1-3] INFO  o.e.m.c.i.e.AbstractTransferListenerAdapter - Downloading https://repo.maven.apache.org/maven2/org/springframework/spring-context-support/6.2.12/spring-context-support-6.2.12.jar
2025-11-09 15:04:15,499 [BasicRepositoryConnector-repo.maven.apache.org-1-4] INFO  o.e.m.c.i.e.AbstractTransferListenerAdapter - Downloading https://repo.maven.apache.org/maven2/org/eclipse/angus/jakarta.mail/2.0.5/jakarta.mail-2.0.5.jar
2025-11-09 15:04:15,606 [BasicRepositoryConnector-repo.maven.apache.org-1-3] INFO  o.e.m.c.i.e.AbstractTransferListenerAdapter - Downloaded https://repo.maven.apache.org/maven2/org/springframework/spring-context-support/6.2.12/spring-context-support-6.2.12.jar
2025-11-09 15:04:15,827 [BasicRepositoryConnector-repo.maven.apache.org-1-3] INFO  o.e.m.c.i.e.AbstractTransferListenerAdapter - Downloading https://repo.maven.apache.org/maven2/org/eclipse/angus/angus-activation/2.0.3/angus-activation-2.0.3.jar
2025-11-09 15:04:15,839 [BasicRepositoryConnector-repo.maven.apache.org-1-3] INFO  o.e.m.c.i.e.AbstractTransferListenerAdapter - Downloaded https://repo.maven.apache.org/maven2/org/eclipse/angus/angus-activation/2.0.3/angus-activation-2.0.3.jar
2025-11-09 15:04:15,861 [BasicRepositoryConnector-repo.maven.apache.org-1-4] INFO  o.e.m.c.i.e.AbstractTransferListenerAdapter - Downloaded https://repo.maven.apache.org/maven2/org/eclipse/angus/jakarta.mail/2.0.5/jakarta.mail-2.0.5.jar
2025-11-09 15:04:15,992 [BasicRepositoryConnector-repo.maven.apache.org-1-3] INFO  o.e.m.c.i.e.AbstractTransferListenerAdapter - Downloading https://repo.maven.apache.org/maven2/org/springframework/boot/spring-boot-starter-security/3.5.7/spring-boot-starter-security-3.5.7.jar
2025-11-09 15:04:16,002 [BasicRepositoryConnector-repo.maven.apache.org-1-3] INFO  o.e.m.c.i.e.AbstractTransferListenerAdapter - Downloaded https://repo.maven.apache.org/maven2/org/springframework/boot/spring-boot-starter-security/3.5.7/spring-boot-starter-security-3.5.7.jar
2025-11-09 15:04:16,016 [BasicRepositoryConnector-repo.maven.apache.org-1-4] INFO  o.e.m.c.i.e.AbstractTransferListenerAdapter - Downloading https://repo.maven.apache.org/maven2/org/springframework/spring-aop/6.2.12/spring-aop-6.2.12.jar
2025-11-09 15:04:16,206 [BasicRepositoryConnector-repo.maven.apache.org-1-4] INFO  o.e.m.c.i.e.AbstractTransferListenerAdapter - Downloaded https://repo.maven.apache.org/maven2/org/springframework/spring-aop/6.2.12/spring-aop-6.2.12.jar
2025-11-09 15:04:16,233 [BasicRepositoryConnector-repo.maven.apache.org-1-3] INFO  o.e.m.c.i.e.AbstractTransferListenerAdapter - Downloading https://repo.maven.apache.org/maven2/org/springframework/security/spring-security-config/6.5.6/spring-security-config-6.5.6.jar
2025-11-09 15:04:16,417 [BasicRepositoryConnector-repo.maven.apache.org-1-4] INFO  o.e.m.c.i.e.AbstractTransferListenerAdapter - Downloading https://repo.maven.apache.org/maven2/org/springframework/security/spring-security-web/6.5.6/spring-security-web-6.5.6.jar
2025-11-09 15:04:16,607 [BasicRepositoryConnector-repo.maven.apache.org-1-2] INFO  o.e.m.c.i.e.AbstractTransferListenerAdapter - Downloaded https://repo.maven.apache.org/maven2/org/hibernate/orm/hibernate-core/6.6.33.Final/hibernate-core-6.6.33.Final.jar
2025-11-09 15:04:16,788 [BasicRepositoryConnector-repo.maven.apache.org-1-2] INFO  o.e.m.c.i.e.AbstractTransferListenerAdapter - Downloading https://repo.maven.apache.org/maven2/org/springframework/spring-expression/6.2.12/spring-expression-6.2.12.jar
2025-11-09 15:04:16,902 [BasicRepositoryConnector-repo.maven.apache.org-1-2] INFO  o.e.m.c.i.e.AbstractTransferListenerAdapter - Downloaded https://repo.maven.apache.org/maven2/org/springframework/spring-expression/6.2.12/spring-expression-6.2.12.jar
2025-11-09 15:04:16,939 [BasicRepositoryConnector-repo.maven.apache.org-1-4] INFO  o.e.m.c.i.e.AbstractTransferListenerAdapter - Downloaded https://repo.maven.apache.org/maven2/org/springframework/security/spring-security-web/6.5.6/spring-security-web-6.5.6.jar
2025-11-09 15:04:16,951 [BasicRepositoryConnector-repo.maven.apache.org-1-0] INFO  o.e.m.c.i.e.AbstractTransferListenerAdapter - Downloaded https://repo.maven.apache.org/maven2/org/springframework/spring-context/6.2.12/spring-context-6.2.12.jar
2025-11-09 15:04:16,998 [BasicRepositoryConnector-repo.maven.apache.org-1-2] INFO  o.e.m.c.i.e.AbstractTransferListenerAdapter - Downloading https://repo.maven.apache.org/maven2/org/springframework/boot/spring-boot-starter-thymeleaf/3.5.7/spring-boot-starter-thymeleaf-3.5.7.jar
2025-11-09 15:04:17,005 [BasicRepositoryConnector-repo.maven.apache.org-1-2] INFO  o.e.m.c.i.e.AbstractTransferListenerAdapter - Downloaded https://repo.maven.apache.org/maven2/org/springframework/boot/spring-boot-starter-thymeleaf/3.5.7/spring-boot-starter-thymeleaf-3.5.7.jar
2025-11-09 15:04:17,036 [BasicRepositoryConnector-repo.maven.apache.org-1-4] INFO  o.e.m.c.i.e.AbstractTransferListenerAdapter - Downloading https://repo.maven.apache.org/maven2/org/springframework/boot/spring-boot-starter-validation/3.5.7/spring-boot-starter-validation-3.5.7.jar
2025-11-09 15:04:17,041 [BasicRepositoryConnector-repo.maven.apache.org-1-4] INFO  o.e.m.c.i.e.AbstractTransferListenerAdapter - Downloaded https://repo.maven.apache.org/maven2/org/springframework/boot/spring-boot-starter-validation/3.5.7/spring-boot-starter-validation-3.5.7.jar
2025-11-09 15:04:17,052 [BasicRepositoryConnector-repo.maven.apache.org-1-0] INFO  o.e.m.c.i.e.AbstractTransferListenerAdapter - Downloading https://repo.maven.apache.org/maven2/org/apache/tomcat/embed/tomcat-embed-el/10.1.48/tomcat-embed-el-10.1.48.jar
2025-11-09 15:04:17,116 [BasicRepositoryConnector-repo.maven.apache.org-1-2] INFO  o.e.m.c.i.e.AbstractTransferListenerAdapter - Downloading https://repo.maven.apache.org/maven2/org/springframework/boot/spring-boot-starter-web/3.5.7/spring-boot-starter-web-3.5.7.jar
2025-11-09 15:04:17,123 [BasicRepositoryConnector-repo.maven.apache.org-1-2] INFO  o.e.m.c.i.e.AbstractTransferListenerAdapter - Downloaded https://repo.maven.apache.org/maven2/org/springframework/boot/spring-boot-starter-web/3.5.7/spring-boot-starter-web-3.5.7.jar
2025-11-09 15:04:17,130 [BasicRepositoryConnector-repo.maven.apache.org-1-4] INFO  o.e.m.c.i.e.AbstractTransferListenerAdapter - Downloading https://repo.maven.apache.org/maven2/org/springframework/boot/spring-boot-starter-json/3.5.7/spring-boot-starter-json-3.5.7.jar
2025-11-09 15:04:17,136 [BasicRepositoryConnector-repo.maven.apache.org-1-4] INFO  o.e.m.c.i.e.AbstractTransferListenerAdapter - Downloaded https://repo.maven.apache.org/maven2/org/springframework/boot/spring-boot-starter-json/3.5.7/spring-boot-starter-json-3.5.7.jar
2025-11-09 15:04:17,231 [BasicRepositoryConnector-repo.maven.apache.org-1-2] INFO  o.e.m.c.i.e.AbstractTransferListenerAdapter - Downloading https://repo.maven.apache.org/maven2/org/springframework/boot/spring-boot-starter-tomcat/3.5.7/spring-boot-starter-tomcat-3.5.7.jar
2025-11-09 15:04:17,234 [BasicRepositoryConnector-repo.maven.apache.org-1-4] INFO  o.e.m.c.i.e.AbstractTransferListenerAdapter - Downloading https://repo.maven.apache.org/maven2/org/apache/tomcat/embed/tomcat-embed-core/10.1.48/tomcat-embed-core-10.1.48.jar
2025-11-09 15:04:17,238 [BasicRepositoryConnector-repo.maven.apache.org-1-2] INFO  o.e.m.c.i.e.AbstractTransferListenerAdapter - Downloaded https://repo.maven.apache.org/maven2/org/springframework/boot/spring-boot-starter-tomcat/3.5.7/spring-boot-starter-tomcat-3.5.7.jar
2025-11-09 15:04:17,339 [BasicRepositoryConnector-repo.maven.apache.org-1-3] INFO  o.e.m.c.i.e.AbstractTransferListenerAdapter - Downloaded https://repo.maven.apache.org/maven2/org/springframework/security/spring-security-config/6.5.6/spring-security-config-6.5.6.jar
2025-11-09 15:04:17,339 [BasicRepositoryConnector-repo.maven.apache.org-1-2] INFO  o.e.m.c.i.e.AbstractTransferListenerAdapter - Downloading https://repo.maven.apache.org/maven2/org/apache/tomcat/embed/tomcat-embed-websocket/10.1.48/tomcat-embed-websocket-10.1.48.jar
2025-11-09 15:04:17,434 [BasicRepositoryConnector-repo.maven.apache.org-1-2] INFO  o.e.m.c.i.e.AbstractTransferListenerAdapter - Downloaded https://repo.maven.apache.org/maven2/org/apache/tomcat/embed/tomcat-embed-websocket/10.1.48/tomcat-embed-websocket-10.1.48.jar
2025-11-09 15:04:17,440 [BasicRepositoryConnector-repo.maven.apache.org-1-0] INFO  o.e.m.c.i.e.AbstractTransferListenerAdapter - Downloaded https://repo.maven.apache.org/maven2/org/apache/tomcat/embed/tomcat-embed-el/10.1.48/tomcat-embed-el-10.1.48.jar
2025-11-09 15:04:17,450 [BasicRepositoryConnector-repo.maven.apache.org-1-3] INFO  o.e.m.c.i.e.AbstractTransferListenerAdapter - Downloading https://repo.maven.apache.org/maven2/org/springframework/spring-web/6.2.12/spring-web-6.2.12.jar
2025-11-09 15:04:17,571 [BasicRepositoryConnector-repo.maven.apache.org-1-2] INFO  o.e.m.c.i.e.AbstractTransferListenerAdapter - Downloading https://repo.maven.apache.org/maven2/io/micrometer/micrometer-observation/1.15.5/micrometer-observation-1.15.5.jar
2025-11-09 15:04:17,571 [BasicRepositoryConnector-repo.maven.apache.org-1-0] INFO  o.e.m.c.i.e.AbstractTransferListenerAdapter - Downloading https://repo.maven.apache.org/maven2/io/micrometer/micrometer-commons/1.15.5/micrometer-commons-1.15.5.jar
2025-11-09 15:04:17,595 [BasicRepositoryConnector-repo.maven.apache.org-1-0] INFO  o.e.m.c.i.e.AbstractTransferListenerAdapter - Downloaded https://repo.maven.apache.org/maven2/io/micrometer/micrometer-commons/1.15.5/micrometer-commons-1.15.5.jar
2025-11-09 15:04:17,653 [BasicRepositoryConnector-repo.maven.apache.org-1-2] INFO  o.e.m.c.i.e.AbstractTransferListenerAdapter - Downloaded https://repo.maven.apache.org/maven2/io/micrometer/micrometer-observation/1.15.5/micrometer-observation-1.15.5.jar
2025-11-09 15:04:17,735 [BasicRepositoryConnector-repo.maven.apache.org-1-0] INFO  o.e.m.c.i.e.AbstractTransferListenerAdapter - Downloading https://repo.maven.apache.org/maven2/org/springframework/spring-webmvc/6.2.12/spring-webmvc-6.2.12.jar
2025-11-09 15:04:17,894 [BasicRepositoryConnector-repo.maven.apache.org-1-2] INFO  o.e.m.c.i.e.AbstractTransferListenerAdapter - Downloading https://repo.maven.apache.org/maven2/org/springframework/boot/spring-boot-devtools/3.5.7/spring-boot-devtools-3.5.7.jar
2025-11-09 15:04:18,222 [BasicRepositoryConnector-repo.maven.apache.org-1-0] INFO  o.e.m.c.i.e.AbstractTransferListenerAdapter - Downloaded https://repo.maven.apache.org/maven2/org/springframework/spring-webmvc/6.2.12/spring-webmvc-6.2.12.jar
2025-11-09 15:04:18,270 [BasicRepositoryConnector-repo.maven.apache.org-1-2] INFO  o.e.m.c.i.e.AbstractTransferListenerAdapter - Downloaded https://repo.maven.apache.org/maven2/org/springframework/boot/spring-boot-devtools/3.5.7/spring-boot-devtools-3.5.7.jar
2025-11-09 15:04:18,380 [BasicRepositoryConnector-repo.maven.apache.org-1-0] INFO  o.e.m.c.i.e.AbstractTransferListenerAdapter - Downloading https://repo.maven.apache.org/maven2/org/springframework/boot/spring-boot/3.5.7/spring-boot-3.5.7.jar
2025-11-09 15:04:18,445 [BasicRepositoryConnector-repo.maven.apache.org-1-2] INFO  o.e.m.c.i.e.AbstractTransferListenerAdapter - Downloading https://repo.maven.apache.org/maven2/org/springframework/boot/spring-boot-autoconfigure/3.5.7/spring-boot-autoconfigure-3.5.7.jar
2025-11-09 15:04:18,596 [BasicRepositoryConnector-repo.maven.apache.org-1-3] INFO  o.e.m.c.i.e.AbstractTransferListenerAdapter - Downloaded https://repo.maven.apache.org/maven2/org/springframework/spring-web/6.2.12/spring-web-6.2.12.jar
2025-11-09 15:04:18,789 [BasicRepositoryConnector-repo.maven.apache.org-1-3] INFO  o.e.m.c.i.e.AbstractTransferListenerAdapter - Downloading https://repo.maven.apache.org/maven2/org/projectlombok/lombok/1.18.42/lombok-1.18.42.jar
2025-11-09 15:04:19,287 [BasicRepositoryConnector-repo.maven.apache.org-1-0] INFO  o.e.m.c.i.e.AbstractTransferListenerAdapter - Downloaded https://repo.maven.apache.org/maven2/org/springframework/boot/spring-boot/3.5.7/spring-boot-3.5.7.jar
2025-11-09 15:04:19,416 [BasicRepositoryConnector-repo.maven.apache.org-1-0] INFO  o.e.m.c.i.e.AbstractTransferListenerAdapter - Downloading https://repo.maven.apache.org/maven2/org/springframework/boot/spring-boot-starter-test/3.5.7/spring-boot-starter-test-3.5.7.jar
2025-11-09 15:04:19,421 [BasicRepositoryConnector-repo.maven.apache.org-1-0] INFO  o.e.m.c.i.e.AbstractTransferListenerAdapter - Downloaded https://repo.maven.apache.org/maven2/org/springframework/boot/spring-boot-starter-test/3.5.7/spring-boot-starter-test-3.5.7.jar
2025-11-09 15:04:19,507 [BasicRepositoryConnector-repo.maven.apache.org-1-0] INFO  o.e.m.c.i.e.AbstractTransferListenerAdapter - Downloading https://repo.maven.apache.org/maven2/org/springframework/boot/spring-boot-test/3.5.7/spring-boot-test-3.5.7.jar
2025-11-09 15:04:19,630 [BasicRepositoryConnector-repo.maven.apache.org-1-0] INFO  o.e.m.c.i.e.AbstractTransferListenerAdapter - Downloaded https://repo.maven.apache.org/maven2/org/springframework/boot/spring-boot-test/3.5.7/spring-boot-test-3.5.7.jar
2025-11-09 15:04:19,704 [BasicRepositoryConnector-repo.maven.apache.org-1-4] INFO  o.e.m.c.i.e.AbstractTransferListenerAdapter - Downloaded https://repo.maven.apache.org/maven2/org/apache/tomcat/embed/tomcat-embed-core/10.1.48/tomcat-embed-core-10.1.48.jar
2025-11-09 15:04:19,724 [BasicRepositoryConnector-repo.maven.apache.org-1-0] INFO  o.e.m.c.i.e.AbstractTransferListenerAdapter - Downloading https://repo.maven.apache.org/maven2/org/springframework/boot/spring-boot-test-autoconfigure/3.5.7/spring-boot-test-autoconfigure-3.5.7.jar
2025-11-09 15:04:19,821 [BasicRepositoryConnector-repo.maven.apache.org-1-0] INFO  o.e.m.c.i.e.AbstractTransferListenerAdapter - Downloaded https://repo.maven.apache.org/maven2/org/springframework/boot/spring-boot-test-autoconfigure/3.5.7/spring-boot-test-autoconfigure-3.5.7.jar
2025-11-09 15:04:19,839 [BasicRepositoryConnector-repo.maven.apache.org-1-4] INFO  o.e.m.c.i.e.AbstractTransferListenerAdapter - Downloading https://repo.maven.apache.org/maven2/jakarta/xml/bind/jakarta.xml.bind-api/4.0.4/jakarta.xml.bind-api-4.0.4.jar
2025-11-09 15:04:19,883 [BasicRepositoryConnector-repo.maven.apache.org-1-3] INFO  o.e.m.c.i.e.AbstractTransferListenerAdapter - Downloaded https://repo.maven.apache.org/maven2/org/projectlombok/lombok/1.18.42/lombok-1.18.42.jar
2025-11-09 15:04:19,894 [BasicRepositoryConnector-repo.maven.apache.org-1-4] INFO  o.e.m.c.i.e.AbstractTransferListenerAdapter - Downloaded https://repo.maven.apache.org/maven2/jakarta/xml/bind/jakarta.xml.bind-api/4.0.4/jakarta.xml.bind-api-4.0.4.jar
2025-11-09 15:04:19,906 [BasicRepositoryConnector-repo.maven.apache.org-1-0] INFO  o.e.m.c.i.e.AbstractTransferListenerAdapter - Downloading https://repo.maven.apache.org/maven2/org/assertj/assertj-core/3.27.6/assertj-core-3.27.6.jar
2025-11-09 15:04:19,977 [BasicRepositoryConnector-repo.maven.apache.org-1-4] INFO  o.e.m.c.i.e.AbstractTransferListenerAdapter - Downloading https://repo.maven.apache.org/maven2/org/springframework/spring-core/6.2.12/spring-core-6.2.12.jar
2025-11-09 15:04:19,987 [BasicRepositoryConnector-repo.maven.apache.org-1-3] INFO  o.e.m.c.i.e.AbstractTransferListenerAdapter - Downloading https://repo.maven.apache.org/maven2/net/bytebuddy/byte-buddy-agent/1.17.8/byte-buddy-agent-1.17.8.jar
2025-11-09 15:04:20,232 [BasicRepositoryConnector-repo.maven.apache.org-1-3] INFO  o.e.m.c.i.e.AbstractTransferListenerAdapter - Downloaded https://repo.maven.apache.org/maven2/net/bytebuddy/byte-buddy-agent/1.17.8/byte-buddy-agent-1.17.8.jar
2025-11-09 15:04:20,386 [BasicRepositoryConnector-repo.maven.apache.org-1-3] INFO  o.e.m.c.i.e.AbstractTransferListenerAdapter - Downloading https://repo.maven.apache.org/maven2/org/springframework/spring-jcl/6.2.12/spring-jcl-6.2.12.jar
2025-11-09 15:04:20,396 [BasicRepositoryConnector-repo.maven.apache.org-1-3] INFO  o.e.m.c.i.e.AbstractTransferListenerAdapter - Downloaded https://repo.maven.apache.org/maven2/org/springframework/spring-jcl/6.2.12/spring-jcl-6.2.12.jar
2025-11-09 15:04:20,519 [BasicRepositoryConnector-repo.maven.apache.org-1-0] INFO  o.e.m.c.i.e.AbstractTransferListenerAdapter - Downloaded https://repo.maven.apache.org/maven2/org/assertj/assertj-core/3.27.6/assertj-core-3.27.6.jar
2025-11-09 15:04:20,519 [BasicRepositoryConnector-repo.maven.apache.org-1-3] INFO  o.e.m.c.i.e.AbstractTransferListenerAdapter - Downloading https://repo.maven.apache.org/maven2/org/springframework/spring-test/6.2.12/spring-test-6.2.12.jar
2025-11-09 15:04:20,530 [BasicRepositoryConnector-repo.maven.apache.org-1-1] INFO  o.e.m.c.i.e.AbstractTransferListenerAdapter - Downloaded https://repo.maven.apache.org/maven2/net/bytebuddy/byte-buddy/1.17.8/byte-buddy-1.17.8.jar
2025-11-09 15:04:20,615 [BasicRepositoryConnector-repo.maven.apache.org-1-0] INFO  o.e.m.c.i.e.AbstractTransferListenerAdapter - Downloading https://repo.maven.apache.org/maven2/org/springframework/security/spring-security-test/6.5.6/spring-security-test-6.5.6.jar
2025-11-09 15:04:20,666 [BasicRepositoryConnector-repo.maven.apache.org-1-1] INFO  o.e.m.c.i.e.AbstractTransferListenerAdapter - Downloading https://repo.maven.apache.org/maven2/org/springframework/security/spring-security-core/6.5.6/spring-security-core-6.5.6.jar
2025-11-09 15:04:20,671 [BasicRepositoryConnector-repo.maven.apache.org-1-0] INFO  o.e.m.c.i.e.AbstractTransferListenerAdapter - Downloaded https://repo.maven.apache.org/maven2/org/springframework/security/spring-security-test/6.5.6/spring-security-test-6.5.6.jar
2025-11-09 15:04:20,765 [BasicRepositoryConnector-repo.maven.apache.org-1-0] INFO  o.e.m.c.i.e.AbstractTransferListenerAdapter - Downloading https://repo.maven.apache.org/maven2/org/springframework/security/spring-security-crypto/6.5.6/spring-security-crypto-6.5.6.jar
2025-11-09 15:04:20,824 [BasicRepositoryConnector-repo.maven.apache.org-1-0] INFO  o.e.m.c.i.e.AbstractTransferListenerAdapter - Downloaded https://repo.maven.apache.org/maven2/org/springframework/security/spring-security-crypto/6.5.6/spring-security-crypto-6.5.6.jar
2025-11-09 15:04:20,986 [BasicRepositoryConnector-repo.maven.apache.org-1-3] INFO  o.e.m.c.i.e.AbstractTransferListenerAdapter - Downloaded https://repo.maven.apache.org/maven2/org/springframework/spring-test/6.2.12/spring-test-6.2.12.jar
2025-11-09 15:04:21,072 [BasicRepositoryConnector-repo.maven.apache.org-1-1] INFO  o.e.m.c.i.e.AbstractTransferListenerAdapter - Downloaded https://repo.maven.apache.org/maven2/org/springframework/security/spring-security-core/6.5.6/spring-security-core-6.5.6.jar
2025-11-09 15:04:21,163 [BasicRepositoryConnector-repo.maven.apache.org-1-4] INFO  o.e.m.c.i.e.AbstractTransferListenerAdapter - Downloaded https://repo.maven.apache.org/maven2/org/springframework/spring-core/6.2.12/spring-core-6.2.12.jar
2025-11-09 15:04:21,547 [BasicRepositoryConnector-repo.maven.apache.org-1-2] INFO  o.e.m.c.i.e.AbstractTransferListenerAdapter - Downloaded https://repo.maven.apache.org/maven2/org/springframework/boot/spring-boot-autoconfigure/3.5.7/spring-boot-autoconfigure-3.5.7.jar
2025-11-09 15:04:24,202 [Worker-11: 入門コンテンツのインポート] INFO  o.e.m.j.i.AbstractJavaProjectConfigurator - Adding source folder /samuraitravel/src/main/java
2025-11-09 15:04:24,205 [Worker-11: 入門コンテンツのインポート] INFO  o.e.m.j.i.AbstractJavaProjectConfigurator - Adding resource folder /samuraitravel/src/main/resources
2025-11-09 15:04:24,211 [Worker-11: 入門コンテンツのインポート] INFO  o.e.m.j.i.AbstractJavaProjectConfigurator - Adding resource folder /samuraitravel/src/main/resources
2025-11-09 15:04:24,218 [Worker-11: 入門コンテンツのインポート] INFO  o.e.m.j.i.AbstractJavaProjectConfigurator - Adding source folder /samuraitravel/src/test/java
2025-11-09 15:04:24,219 [Worker-11: 入門コンテンツのインポート] INFO  o.e.m.j.i.AbstractJavaProjectConfigurator - Adding resource folder /samuraitravel/src/test/resources
2025-11-09 15:04:24,871 [Worker-11: 入門コンテンツのインポート] INFO  o.e.m.c.i.p.ProjectConfigurationManager - Imported and configured 1 project(s) in 45 sec
2025-11-09 15:04:24,874 [Worker-11: 入門コンテンツのインポート] INFO  o.e.m.c.i.p.ProjectConfigurationManager - Update started
2025-11-09 15:04:25,038 [Worker-13: ソースおよび Javadoc のダウンロード] INFO  o.e.m.c.i.e.AbstractTransferListenerAdapter - Downloading https://repo.maven.apache.org/maven2/org/springframework/boot/spring-boot-starter-data-jpa/3.5.7/spring-boot-starter-data-jpa-3.5.7-sources.jar
2025-11-09 15:04:25,043 [Worker-13: ソースおよび Javadoc のダウンロード] INFO  o.e.m.c.i.e.AbstractTransferListenerAdapter - Downloaded https://repo.maven.apache.org/maven2/org/springframework/boot/spring-boot-starter-data-jpa/3.5.7/spring-boot-starter-data-jpa-3.5.7-sources.jar
2025-11-09 15:04:25,049 [Worker-13: ソースおよび Javadoc のダウンロード] INFO  o.e.m.j.internal.DownloadSourcesJob - Downloaded sources for org.springframework.boot:spring-boot-starter-data-jpa:3.5.7
2025-11-09 15:04:26,688 [Worker-11: 入門コンテンツのインポート] INFO  o.e.m.c.i.l.LifecycleMappingFactory - Using org.eclipse.m2e.jdt.JarLifecycleMapping lifecycle mapping for MavenProject: com.example:samuraitravel:0.0.1-SNAPSHOT @ C:\Users\Yu-Ma_WPC\Terakoya_Study\spring_boot\samuraitravel\pom.xml.
2025-11-09 15:04:26,923 [Worker-13: ソースおよび Javadoc のダウンロード] INFO  o.e.m.c.i.e.AbstractTransferListenerAdapter - Downloading https://repo.maven.apache.org/maven2/org/springframework/boot/spring-boot-starter/3.5.7/spring-boot-starter-3.5.7-sources.jar
2025-11-09 15:04:26,929 [Worker-13: ソースおよび Javadoc のダウンロード] INFO  o.e.m.c.i.e.AbstractTransferListenerAdapter - Downloaded https://repo.maven.apache.org/maven2/org/springframework/boot/spring-boot-starter/3.5.7/spring-boot-starter-3.5.7-sources.jar
2025-11-09 15:04:26,939 [Worker-13: ソースおよび Javadoc のダウンロード] INFO  o.e.m.j.internal.DownloadSourcesJob - Downloaded sources for org.springframework.boot:spring-boot-starter:3.5.7
2025-11-09 15:04:27,207 [Worker-13: ソースおよび Javadoc のダウンロード] INFO  o.e.m.c.i.e.AbstractTransferListenerAdapter - Downloading https://repo.maven.apache.org/maven2/org/springframework/boot/spring-boot-starter-logging/3.5.7/spring-boot-starter-logging-3.5.7-sources.jar
2025-11-09 15:04:27,220 [Worker-13: ソースおよび Javadoc のダウンロード] INFO  o.e.m.c.i.e.AbstractTransferListenerAdapter - Downloaded https://repo.maven.apache.org/maven2/org/springframework/boot/spring-boot-starter-logging/3.5.7/spring-boot-starter-logging-3.5.7-sources.jar
2025-11-09 15:04:27,226 [Worker-13: ソースおよび Javadoc のダウンロード] INFO  o.e.m.j.internal.DownloadSourcesJob - Downloaded sources for org.springframework.boot:spring-boot-starter-logging:3.5.7
2025-11-09 15:04:27,412 [Worker-13: ソースおよび Javadoc のダウンロード] INFO  o.e.m.c.i.e.AbstractTransferListenerAdapter - Downloading https://repo.maven.apache.org/maven2/ch/qos/logback/logback-classic/1.5.20/logback-classic-1.5.20-sources.jar
2025-11-09 15:04:27,556 [Worker-13: ソースおよび Javadoc のダウンロード] INFO  o.e.m.c.i.e.AbstractTransferListenerAdapter - Downloaded https://repo.maven.apache.org/maven2/ch/qos/logback/logback-classic/1.5.20/logback-classic-1.5.20-sources.jar
2025-11-09 15:04:27,563 [Worker-13: ソースおよび Javadoc のダウンロード] INFO  o.e.m.j.internal.DownloadSourcesJob - Downloaded sources for ch.qos.logback:logback-classic:1.5.20
2025-11-09 15:04:27,837 [Worker-13: ソースおよび Javadoc のダウンロード] INFO  o.e.m.c.i.e.AbstractTransferListenerAdapter - Downloading https://repo.maven.apache.org/maven2/ch/qos/logback/logback-core/1.5.20/logback-core-1.5.20-sources.jar
2025-11-09 15:04:28,011 [Worker-13: ソースおよび Javadoc のダウンロード] INFO  o.e.m.c.i.e.AbstractTransferListenerAdapter - Downloaded https://repo.maven.apache.org/maven2/ch/qos/logback/logback-core/1.5.20/logback-core-1.5.20-sources.jar
2025-11-09 15:04:28,018 [Worker-13: ソースおよび Javadoc のダウンロード] INFO  o.e.m.j.internal.DownloadSourcesJob - Downloaded sources for ch.qos.logback:logback-core:1.5.20
2025-11-09 15:04:28,186 [Worker-13: ソースおよび Javadoc のダウンロード] INFO  o.e.m.c.i.e.AbstractTransferListenerAdapter - Downloading https://repo.maven.apache.org/maven2/org/springframework/boot/spring-boot-starter-jdbc/3.5.7/spring-boot-starter-jdbc-3.5.7-sources.jar
2025-11-09 15:04:28,193 [Worker-13: ソースおよび Javadoc のダウンロード] INFO  o.e.m.c.i.e.AbstractTransferListenerAdapter - Downloaded https://repo.maven.apache.org/maven2/org/springframework/boot/spring-boot-starter-jdbc/3.5.7/spring-boot-starter-jdbc-3.5.7-sources.jar
2025-11-09 15:04:28,199 [Worker-13: ソースおよび Javadoc のダウンロード] INFO  o.e.m.j.internal.DownloadSourcesJob - Downloaded sources for org.springframework.boot:spring-boot-starter-jdbc:3.5.7
2025-11-09 15:04:28,597 [Worker-13: ソースおよび Javadoc のダウンロード] INFO  o.e.m.c.i.e.AbstractTransferListenerAdapter - Downloading https://repo.maven.apache.org/maven2/org/springframework/spring-jdbc/6.2.12/spring-jdbc-6.2.12-sources.jar
2025-11-09 15:04:28,645 [Worker-11: 入門コンテンツのインポート] INFO  o.e.m.j.i.AbstractJavaProjectConfigurator - Adding source folder /samuraitravel/src/main/java
2025-11-09 15:04:28,645 [Worker-11: 入門コンテンツのインポート] INFO  o.e.m.j.i.AbstractJavaProjectConfigurator - Adding resource folder /samuraitravel/src/main/resources
2025-11-09 15:04:28,646 [Worker-11: 入門コンテンツのインポート] INFO  o.e.m.j.i.AbstractJavaProjectConfigurator - Adding resource folder /samuraitravel/src/main/resources
2025-11-09 15:04:28,646 [Worker-11: 入門コンテンツのインポート] INFO  o.e.m.j.i.AbstractJavaProjectConfigurator - Adding source folder /samuraitravel/src/test/java
2025-11-09 15:04:28,647 [Worker-11: 入門コンテンツのインポート] INFO  o.e.m.j.i.AbstractJavaProjectConfigurator - Adding resource folder /samuraitravel/src/test/resources
2025-11-09 15:04:29,021 [Worker-13: ソースおよび Javadoc のダウンロード] INFO  o.e.m.c.i.e.AbstractTransferListenerAdapter - Downloaded https://repo.maven.apache.org/maven2/org/springframework/spring-jdbc/6.2.12/spring-jdbc-6.2.12-sources.jar
2025-11-09 15:04:29,029 [Worker-13: ソースおよび Javadoc のダウンロード] INFO  o.e.m.j.internal.DownloadSourcesJob - Downloaded sources for org.springframework:spring-jdbc:6.2.12
2025-11-09 15:04:29,200 [Worker-13: ソースおよび Javadoc のダウンロード] INFO  o.e.m.c.i.e.AbstractTransferListenerAdapter - Downloading https://repo.maven.apache.org/maven2/org/hibernate/orm/hibernate-core/6.6.33.Final/hibernate-core-6.6.33.Final-sources.jar
2025-11-09 15:04:30,258 [Worker-11: 入門コンテンツのインポート] INFO  o.e.m.c.i.p.ProjectConfigurationManager - Update completed for 1 poms: local refresh takes 0.00 sec, refresh facades takes 3.00 sec, update config takes 0.00 sec 
2025-11-09 15:04:30,427 [Worker-14: Maven プロジェクトの更新中] INFO  o.e.m.c.i.p.ProjectConfigurationManager - Update started
2025-11-09 15:04:30,524 [Worker-13: ソースおよび Javadoc のダウンロード] INFO  o.e.m.c.i.e.AbstractTransferListenerAdapter - Downloaded https://repo.maven.apache.org/maven2/org/hibernate/orm/hibernate-core/6.6.33.Final/hibernate-core-6.6.33.Final-sources.jar
2025-11-09 15:04:30,530 [Worker-13: ソースおよび Javadoc のダウンロード] INFO  o.e.m.j.internal.DownloadSourcesJob - Downloaded sources for org.hibernate.orm:hibernate-core:6.6.33.Final
2025-11-09 15:04:32,631 [Worker-14: Maven プロジェクトの更新中] INFO  o.e.m.c.i.l.LifecycleMappingFactory - Using org.eclipse.m2e.jdt.JarLifecycleMapping lifecycle mapping for MavenProject: com.example:samuraitravel:0.0.1-SNAPSHOT @ C:\Users\Yu-Ma_WPC\Terakoya_Study\spring_boot\samuraitravel\pom.xml.
2025-11-09 15:04:33,145 [Worker-13: ソースおよび Javadoc のダウンロード] INFO  o.e.m.c.i.e.AbstractTransferListenerAdapter - Downloading https://repo.maven.apache.org/maven2/com/fasterxml/classmate/1.7.1/classmate-1.7.1-sources.jar
2025-11-09 15:04:33,166 [Worker-13: ソースおよび Javadoc のダウンロード] INFO  o.e.m.c.i.e.AbstractTransferListenerAdapter - Downloaded https://repo.maven.apache.org/maven2/com/fasterxml/classmate/1.7.1/classmate-1.7.1-sources.jar
2025-11-09 15:04:33,174 [Worker-13: ソースおよび Javadoc のダウンロード] INFO  o.e.m.j.internal.DownloadSourcesJob - Downloaded sources for com.fasterxml:classmate:1.7.1
2025-11-09 15:04:33,554 [Worker-13: ソースおよび Javadoc のダウンロード] INFO  o.e.m.c.i.e.AbstractTransferListenerAdapter - Downloading https://repo.maven.apache.org/maven2/net/bytebuddy/byte-buddy/1.17.8/byte-buddy-1.17.8-sources.jar
2025-11-09 15:04:34,212 [Worker-13: ソースおよび Javadoc のダウンロード] INFO  o.e.m.c.i.e.AbstractTransferListenerAdapter - Downloaded https://repo.maven.apache.org/maven2/net/bytebuddy/byte-buddy/1.17.8/byte-buddy-1.17.8-sources.jar
2025-11-09 15:04:34,219 [Worker-13: ソースおよび Javadoc のダウンロード] INFO  o.e.m.j.internal.DownloadSourcesJob - Downloaded sources for net.bytebuddy:byte-buddy:1.17.8
2025-11-09 15:04:34,389 [Worker-13: ソースおよび Javadoc のダウンロード] INFO  o.e.m.c.i.e.AbstractTransferListenerAdapter - Downloading https://repo.maven.apache.org/maven2/org/glassfish/jaxb/jaxb-runtime/4.0.6/jaxb-runtime-4.0.6-sources.jar
2025-11-09 15:04:34,484 [Worker-14: Maven プロジェクトの更新中] INFO  o.e.m.j.i.AbstractJavaProjectConfigurator - Adding source folder /samuraitravel/src/main/java
2025-11-09 15:04:34,485 [Worker-14: Maven プロジェクトの更新中] INFO  o.e.m.j.i.AbstractJavaProjectConfigurator - Adding resource folder /samuraitravel/src/main/resources
2025-11-09 15:04:34,485 [Worker-14: Maven プロジェクトの更新中] INFO  o.e.m.j.i.AbstractJavaProjectConfigurator - Adding resource folder /samuraitravel/src/main/resources
2025-11-09 15:04:34,486 [Worker-14: Maven プロジェクトの更新中] INFO  o.e.m.j.i.AbstractJavaProjectConfigurator - Adding source folder /samuraitravel/src/test/java
2025-11-09 15:04:34,486 [Worker-14: Maven プロジェクトの更新中] INFO  o.e.m.j.i.AbstractJavaProjectConfigurator - Adding resource folder /samuraitravel/src/test/resources
2025-11-09 15:04:34,617 [Worker-13: ソースおよび Javadoc のダウンロード] INFO  o.e.m.c.i.e.AbstractTransferListenerAdapter - Downloaded https://repo.maven.apache.org/maven2/org/glassfish/jaxb/jaxb-runtime/4.0.6/jaxb-runtime-4.0.6-sources.jar
2025-11-09 15:04:34,630 [Worker-13: ソースおよび Javadoc のダウンロード] INFO  o.e.m.j.internal.DownloadSourcesJob - Downloaded sources for org.glassfish.jaxb:jaxb-runtime:4.0.6
2025-11-09 15:04:34,785 [Worker-13: ソースおよび Javadoc のダウンロード] INFO  o.e.m.c.i.e.AbstractTransferListenerAdapter - Downloading https://repo.maven.apache.org/maven2/org/glassfish/jaxb/jaxb-core/4.0.6/jaxb-core-4.0.6-sources.jar
2025-11-09 15:04:34,871 [Worker-13: ソースおよび Javadoc のダウンロード] INFO  o.e.m.c.i.e.AbstractTransferListenerAdapter - Downloaded https://repo.maven.apache.org/maven2/org/glassfish/jaxb/jaxb-core/4.0.6/jaxb-core-4.0.6-sources.jar
2025-11-09 15:04:34,879 [Worker-13: ソースおよび Javadoc のダウンロード] INFO  o.e.m.j.internal.DownloadSourcesJob - Downloaded sources for org.glassfish.jaxb:jaxb-core:4.0.6
2025-11-09 15:04:35,206 [Worker-13: ソースおよび Javadoc のダウンロード] INFO  o.e.m.c.i.e.AbstractTransferListenerAdapter - Downloading https://repo.maven.apache.org/maven2/org/glassfish/jaxb/txw2/4.0.6/txw2-4.0.6-sources.jar
2025-11-09 15:04:35,257 [Worker-13: ソースおよび Javadoc のダウンロード] INFO  o.e.m.c.i.e.AbstractTransferListenerAdapter - Downloaded https://repo.maven.apache.org/maven2/org/glassfish/jaxb/txw2/4.0.6/txw2-4.0.6-sources.jar
2025-11-09 15:04:35,266 [Worker-13: ソースおよび Javadoc のダウンロード] INFO  o.e.m.j.internal.DownloadSourcesJob - Downloaded sources for org.glassfish.jaxb:txw2:4.0.6
2025-11-09 15:04:35,345 [Worker-14: Maven プロジェクトの更新中] INFO  o.e.m.c.i.p.ProjectConfigurationManager - Update completed for 1 poms: local refresh takes 0.00 sec, refresh facades takes 3.00 sec, update config takes 0.00 sec 
2025-11-09 15:04:35,438 [Worker-13: ソースおよび Javadoc のダウンロード] INFO  o.e.m.c.i.e.AbstractTransferListenerAdapter - Downloading https://repo.maven.apache.org/maven2/org/springframework/data/spring-data-jpa/3.5.5/spring-data-jpa-3.5.5-sources.jar
2025-11-09 15:04:35,672 [Worker-13: ソースおよび Javadoc のダウンロード] INFO  o.e.m.c.i.e.AbstractTransferListenerAdapter - Downloaded https://repo.maven.apache.org/maven2/org/springframework/data/spring-data-jpa/3.5.5/spring-data-jpa-3.5.5-sources.jar
2025-11-09 15:04:35,679 [Worker-13: ソースおよび Javadoc のダウンロード] INFO  o.e.m.j.internal.DownloadSourcesJob - Downloaded sources for org.springframework.data:spring-data-jpa:3.5.5
2025-11-09 15:04:35,903 [Worker-13: ソースおよび Javadoc のダウンロード] INFO  o.e.m.c.i.e.AbstractTransferListenerAdapter - Downloading https://repo.maven.apache.org/maven2/org/springframework/data/spring-data-commons/3.5.5/spring-data-commons-3.5.5-sources.jar
2025-11-09 15:04:36,165 [Worker-13: ソースおよび Javadoc のダウンロード] INFO  o.e.m.c.i.e.AbstractTransferListenerAdapter - Downloaded https://repo.maven.apache.org/maven2/org/springframework/data/spring-data-commons/3.5.5/spring-data-commons-3.5.5-sources.jar
2025-11-09 15:04:36,174 [Worker-13: ソースおよび Javadoc のダウンロード] INFO  o.e.m.j.internal.DownloadSourcesJob - Downloaded sources for org.springframework.data:spring-data-commons:3.5.5
2025-11-09 15:04:36,337 [Worker-13: ソースおよび Javadoc のダウンロード] INFO  o.e.m.c.i.e.AbstractTransferListenerAdapter - Downloading https://repo.maven.apache.org/maven2/org/springframework/spring-orm/6.2.12/spring-orm-6.2.12-sources.jar
2025-11-09 15:04:36,451 [Worker-13: ソースおよび Javadoc のダウンロード] INFO  o.e.m.c.i.e.AbstractTransferListenerAdapter - Downloaded https://repo.maven.apache.org/maven2/org/springframework/spring-orm/6.2.12/spring-orm-6.2.12-sources.jar
2025-11-09 15:04:36,461 [Worker-13: ソースおよび Javadoc のダウンロード] INFO  o.e.m.j.internal.DownloadSourcesJob - Downloaded sources for org.springframework:spring-orm:6.2.12
2025-11-09 15:04:36,854 [Worker-13: ソースおよび Javadoc のダウンロード] INFO  o.e.m.c.i.e.AbstractTransferListenerAdapter - Downloading https://repo.maven.apache.org/maven2/org/springframework/spring-context/6.2.12/spring-context-6.2.12-sources.jar
2025-11-09 15:04:37,255 [Worker-13: ソースおよび Javadoc のダウンロード] INFO  o.e.m.c.i.e.AbstractTransferListenerAdapter - Downloaded https://repo.maven.apache.org/maven2/org/springframework/spring-context/6.2.12/spring-context-6.2.12-sources.jar
2025-11-09 15:04:37,264 [Worker-13: ソースおよび Javadoc のダウンロード] INFO  o.e.m.j.internal.DownloadSourcesJob - Downloaded sources for org.springframework:spring-context:6.2.12
2025-11-09 15:04:37,270 [Worker-10: ビルド] INFO  o.a.m.s.f.DefaultMavenResourcesFiltering - Copying 1 resource from src\main\resources to target\classes
2025-11-09 15:04:37,321 [Worker-10: ビルド] INFO  o.a.m.s.f.DefaultMavenResourcesFiltering - Copying 0 resource from src\main\resources to target\classes
2025-11-09 15:04:37,332 [Worker-10: ビルド] INFO  o.a.m.s.f.DefaultMavenResourcesFiltering - skip non existing resourceDirectory C:\Users\Yu-Ma_WPC\Terakoya_Study\spring_boot\samuraitravel\src\test\resources
2025-11-09 15:04:38,263 [Worker-13: ソースおよび Javadoc のダウンロード] INFO  o.e.m.c.i.e.AbstractTransferListenerAdapter - Downloading https://repo.maven.apache.org/maven2/org/springframework/spring-tx/6.2.12/spring-tx-6.2.12-sources.jar
2025-11-09 15:04:38,335 [Worker-13: ソースおよび Javadoc のダウンロード] INFO  o.e.m.c.i.e.AbstractTransferListenerAdapter - Downloaded https://repo.maven.apache.org/maven2/org/springframework/spring-tx/6.2.12/spring-tx-6.2.12-sources.jar
2025-11-09 15:04:38,346 [Worker-13: ソースおよび Javadoc のダウンロード] INFO  o.e.m.j.internal.DownloadSourcesJob - Downloaded sources for org.springframework:spring-tx:6.2.12
2025-11-09 15:04:38,752 [Worker-13: ソースおよび Javadoc のダウンロード] INFO  o.e.m.c.i.e.AbstractTransferListenerAdapter - Downloading https://repo.maven.apache.org/maven2/org/springframework/spring-beans/6.2.12/spring-beans-6.2.12-sources.jar
2025-11-09 15:04:38,952 [Worker-13: ソースおよび Javadoc のダウンロード] INFO  o.e.m.c.i.e.AbstractTransferListenerAdapter - Downloaded https://repo.maven.apache.org/maven2/org/springframework/spring-beans/6.2.12/spring-beans-6.2.12-sources.jar
2025-11-09 15:04:38,959 [Worker-13: ソースおよび Javadoc のダウンロード] INFO  o.e.m.j.internal.DownloadSourcesJob - Downloaded sources for org.springframework:spring-beans:6.2.12
2025-11-09 15:04:39,289 [Worker-13: ソースおよび Javadoc のダウンロード] INFO  o.e.m.c.i.e.AbstractTransferListenerAdapter - Downloading https://repo.maven.apache.org/maven2/org/springframework/spring-aspects/6.2.12/spring-aspects-6.2.12-sources.jar
2025-11-09 15:04:39,302 [Worker-13: ソースおよび Javadoc のダウンロード] INFO  o.e.m.c.i.e.AbstractTransferListenerAdapter - Downloaded https://repo.maven.apache.org/maven2/org/springframework/spring-aspects/6.2.12/spring-aspects-6.2.12-sources.jar
2025-11-09 15:04:39,309 [Worker-13: ソースおよび Javadoc のダウンロード] INFO  o.e.m.j.internal.DownloadSourcesJob - Downloaded sources for org.springframework:spring-aspects:6.2.12
2025-11-09 15:04:39,698 [Worker-13: ソースおよび Javadoc のダウンロード] INFO  o.e.m.c.i.e.AbstractTransferListenerAdapter - Downloading https://repo.maven.apache.org/maven2/org/springframework/boot/spring-boot-starter-mail/3.5.7/spring-boot-starter-mail-3.5.7-sources.jar
2025-11-09 15:04:39,703 [Worker-13: ソースおよび Javadoc のダウンロード] INFO  o.e.m.c.i.e.AbstractTransferListenerAdapter - Downloaded https://repo.maven.apache.org/maven2/org/springframework/boot/spring-boot-starter-mail/3.5.7/spring-boot-starter-mail-3.5.7-sources.jar
2025-11-09 15:04:39,712 [Worker-13: ソースおよび Javadoc のダウンロード] INFO  o.e.m.j.internal.DownloadSourcesJob - Downloaded sources for org.springframework.boot:spring-boot-starter-mail:3.5.7
2025-11-09 15:04:39,862 [Worker-13: ソースおよび Javadoc のダウンロード] INFO  o.e.m.c.i.e.AbstractTransferListenerAdapter - Downloading https://repo.maven.apache.org/maven2/org/springframework/spring-context-support/6.2.12/spring-context-support-6.2.12-sources.jar
2025-11-09 15:04:39,947 [Worker-13: ソースおよび Javadoc のダウンロード] INFO  o.e.m.c.i.e.AbstractTransferListenerAdapter - Downloaded https://repo.maven.apache.org/maven2/org/springframework/spring-context-support/6.2.12/spring-context-support-6.2.12-sources.jar
2025-11-09 15:04:39,954 [Worker-13: ソースおよび Javadoc のダウンロード] INFO  o.e.m.j.internal.DownloadSourcesJob - Downloaded sources for org.springframework:spring-context-support:6.2.12
2025-11-09 15:04:40,124 [Worker-13: ソースおよび Javadoc のダウンロード] INFO  o.e.m.c.i.e.AbstractTransferListenerAdapter - Downloading https://repo.maven.apache.org/maven2/org/eclipse/angus/jakarta.mail/2.0.5/jakarta.mail-2.0.5-sources.jar
2025-11-09 15:04:40,374 [Worker-13: ソースおよび Javadoc のダウンロード] INFO  o.e.m.c.i.e.AbstractTransferListenerAdapter - Downloaded https://repo.maven.apache.org/maven2/org/eclipse/angus/jakarta.mail/2.0.5/jakarta.mail-2.0.5-sources.jar
2025-11-09 15:04:40,381 [Worker-13: ソースおよび Javadoc のダウンロード] INFO  o.e.m.j.internal.DownloadSourcesJob - Downloaded sources for org.eclipse.angus:jakarta.mail:2.0.5
2025-11-09 15:04:40,550 [Worker-13: ソースおよび Javadoc のダウンロード] INFO  o.e.m.c.i.e.AbstractTransferListenerAdapter - Downloading https://repo.maven.apache.org/maven2/org/eclipse/angus/angus-activation/2.0.3/angus-activation-2.0.3-sources.jar
2025-11-09 15:04:40,567 [Worker-13: ソースおよび Javadoc のダウンロード] INFO  o.e.m.c.i.e.AbstractTransferListenerAdapter - Downloaded https://repo.maven.apache.org/maven2/org/eclipse/angus/angus-activation/2.0.3/angus-activation-2.0.3-sources.jar
2025-11-09 15:04:40,580 [Worker-13: ソースおよび Javadoc のダウンロード] INFO  o.e.m.j.internal.DownloadSourcesJob - Downloaded sources for org.eclipse.angus:angus-activation:2.0.3
2025-11-09 15:04:40,928 [Worker-13: ソースおよび Javadoc のダウンロード] INFO  o.e.m.c.i.e.AbstractTransferListenerAdapter - Downloading https://repo.maven.apache.org/maven2/org/springframework/boot/spring-boot-starter-security/3.5.7/spring-boot-starter-security-3.5.7-sources.jar
2025-11-09 15:04:40,936 [Worker-13: ソースおよび Javadoc のダウンロード] INFO  o.e.m.c.i.e.AbstractTransferListenerAdapter - Downloaded https://repo.maven.apache.org/maven2/org/springframework/boot/spring-boot-starter-security/3.5.7/spring-boot-starter-security-3.5.7-sources.jar
2025-11-09 15:04:40,944 [Worker-13: ソースおよび Javadoc のダウンロード] INFO  o.e.m.j.internal.DownloadSourcesJob - Downloaded sources for org.springframework.boot:spring-boot-starter-security:3.5.7
2025-11-09 15:04:41,201 [Worker-13: ソースおよび Javadoc のダウンロード] INFO  o.e.m.c.i.e.AbstractTransferListenerAdapter - Downloading https://repo.maven.apache.org/maven2/org/springframework/spring-aop/6.2.12/spring-aop-6.2.12-sources.jar
2025-11-09 15:04:41,347 [Worker-13: ソースおよび Javadoc のダウンロード] INFO  o.e.m.c.i.e.AbstractTransferListenerAdapter - Downloaded https://repo.maven.apache.org/maven2/org/springframework/spring-aop/6.2.12/spring-aop-6.2.12-sources.jar
2025-11-09 15:04:41,354 [Worker-13: ソースおよび Javadoc のダウンロード] INFO  o.e.m.j.internal.DownloadSourcesJob - Downloaded sources for org.springframework:spring-aop:6.2.12
2025-11-09 15:04:41,546 [Worker-13: ソースおよび Javadoc のダウンロード] INFO  o.e.m.c.i.e.AbstractTransferListenerAdapter - Downloading https://repo.maven.apache.org/maven2/org/springframework/security/spring-security-config/6.5.6/spring-security-config-6.5.6-sources.jar
2025-11-09 15:04:41,870 [Worker-13: ソースおよび Javadoc のダウンロード] INFO  o.e.m.c.i.e.AbstractTransferListenerAdapter - Downloaded https://repo.maven.apache.org/maven2/org/springframework/security/spring-security-config/6.5.6/spring-security-config-6.5.6-sources.jar
2025-11-09 15:04:41,877 [Worker-13: ソースおよび Javadoc のダウンロード] INFO  o.e.m.j.internal.DownloadSourcesJob - Downloaded sources for org.springframework.security:spring-security-config:6.5.6
2025-11-09 15:04:42,056 [Worker-13: ソースおよび Javadoc のダウンロード] INFO  o.e.m.c.i.e.AbstractTransferListenerAdapter - Downloading https://repo.maven.apache.org/maven2/org/springframework/security/spring-security-web/6.5.6/spring-security-web-6.5.6-sources.jar
2025-11-09 15:04:42,342 [Worker-13: ソースおよび Javadoc のダウンロード] INFO  o.e.m.c.i.e.AbstractTransferListenerAdapter - Downloaded https://repo.maven.apache.org/maven2/org/springframework/security/spring-security-web/6.5.6/spring-security-web-6.5.6-sources.jar
2025-11-09 15:04:42,349 [Worker-13: ソースおよび Javadoc のダウンロード] INFO  o.e.m.j.internal.DownloadSourcesJob - Downloaded sources for org.springframework.security:spring-security-web:6.5.6
2025-11-09 15:04:42,566 [Worker-13: ソースおよび Javadoc のダウンロード] INFO  o.e.m.c.i.e.AbstractTransferListenerAdapter - Downloading https://repo.maven.apache.org/maven2/org/springframework/spring-expression/6.2.12/spring-expression-6.2.12-sources.jar
2025-11-09 15:04:42,677 [Worker-13: ソースおよび Javadoc のダウンロード] INFO  o.e.m.c.i.e.AbstractTransferListenerAdapter - Downloaded https://repo.maven.apache.org/maven2/org/springframework/spring-expression/6.2.12/spring-expression-6.2.12-sources.jar
2025-11-09 15:04:42,684 [Worker-13: ソースおよび Javadoc のダウンロード] INFO  o.e.m.j.internal.DownloadSourcesJob - Downloaded sources for org.springframework:spring-expression:6.2.12
2025-11-09 15:04:42,833 [Worker-13: ソースおよび Javadoc のダウンロード] INFO  o.e.m.c.i.e.AbstractTransferListenerAdapter - Downloading https://repo.maven.apache.org/maven2/org/springframework/boot/spring-boot-starter-thymeleaf/3.5.7/spring-boot-starter-thymeleaf-3.5.7-sources.jar
2025-11-09 15:04:42,838 [Worker-13: ソースおよび Javadoc のダウンロード] INFO  o.e.m.c.i.e.AbstractTransferListenerAdapter - Downloaded https://repo.maven.apache.org/maven2/org/springframework/boot/spring-boot-starter-thymeleaf/3.5.7/spring-boot-starter-thymeleaf-3.5.7-sources.jar
2025-11-09 15:04:42,843 [Worker-13: ソースおよび Javadoc のダウンロード] INFO  o.e.m.j.internal.DownloadSourcesJob - Downloaded sources for org.springframework.boot:spring-boot-starter-thymeleaf:3.5.7
2025-11-09 15:04:43,028 [Worker-13: ソースおよび Javadoc のダウンロード] INFO  o.e.m.c.i.e.AbstractTransferListenerAdapter - Downloading https://repo.maven.apache.org/maven2/org/springframework/boot/spring-boot-starter-validation/3.5.7/spring-boot-starter-validation-3.5.7-sources.jar
2025-11-09 15:04:43,035 [Worker-13: ソースおよび Javadoc のダウンロード] INFO  o.e.m.c.i.e.AbstractTransferListenerAdapter - Downloaded https://repo.maven.apache.org/maven2/org/springframework/boot/spring-boot-starter-validation/3.5.7/spring-boot-starter-validation-3.5.7-sources.jar
2025-11-09 15:04:43,041 [Worker-13: ソースおよび Javadoc のダウンロード] INFO  o.e.m.j.internal.DownloadSourcesJob - Downloaded sources for org.springframework.boot:spring-boot-starter-validation:3.5.7
2025-11-09 15:04:43,213 [Worker-13: ソースおよび Javadoc のダウンロード] INFO  o.e.m.c.i.e.AbstractTransferListenerAdapter - Downloading https://repo.maven.apache.org/maven2/org/apache/tomcat/embed/tomcat-embed-el/10.1.48/tomcat-embed-el-10.1.48-sources.jar
2025-11-09 15:04:43,334 [Worker-13: ソースおよび Javadoc のダウンロード] INFO  o.e.m.c.i.e.AbstractTransferListenerAdapter - Downloaded https://repo.maven.apache.org/maven2/org/apache/tomcat/embed/tomcat-embed-el/10.1.48/tomcat-embed-el-10.1.48-sources.jar
2025-11-09 15:04:43,341 [Worker-13: ソースおよび Javadoc のダウンロード] INFO  o.e.m.j.internal.DownloadSourcesJob - Downloaded sources for org.apache.tomcat.embed:tomcat-embed-el:10.1.48
2025-11-09 15:04:43,647 [Worker-13: ソースおよび Javadoc のダウンロード] INFO  o.e.m.c.i.e.AbstractTransferListenerAdapter - Downloading https://repo.maven.apache.org/maven2/org/springframework/boot/spring-boot-starter-web/3.5.7/spring-boot-starter-web-3.5.7-sources.jar
2025-11-09 15:04:43,655 [Worker-13: ソースおよび Javadoc のダウンロード] INFO  o.e.m.c.i.e.AbstractTransferListenerAdapter - Downloaded https://repo.maven.apache.org/maven2/org/springframework/boot/spring-boot-starter-web/3.5.7/spring-boot-starter-web-3.5.7-sources.jar
2025-11-09 15:04:43,660 [Worker-13: ソースおよび Javadoc のダウンロード] INFO  o.e.m.j.internal.DownloadSourcesJob - Downloaded sources for org.springframework.boot:spring-boot-starter-web:3.5.7
2025-11-09 15:04:43,808 [Worker-13: ソースおよび Javadoc のダウンロード] INFO  o.e.m.c.i.e.AbstractTransferListenerAdapter - Downloading https://repo.maven.apache.org/maven2/org/springframework/boot/spring-boot-starter-json/3.5.7/spring-boot-starter-json-3.5.7-sources.jar
2025-11-09 15:04:43,814 [Worker-13: ソースおよび Javadoc のダウンロード] INFO  o.e.m.c.i.e.AbstractTransferListenerAdapter - Downloaded https://repo.maven.apache.org/maven2/org/springframework/boot/spring-boot-starter-json/3.5.7/spring-boot-starter-json-3.5.7-sources.jar
2025-11-09 15:04:43,820 [Worker-13: ソースおよび Javadoc のダウンロード] INFO  o.e.m.j.internal.DownloadSourcesJob - Downloaded sources for org.springframework.boot:spring-boot-starter-json:3.5.7
2025-11-09 15:04:43,971 [Worker-13: ソースおよび Javadoc のダウンロード] INFO  o.e.m.c.i.e.AbstractTransferListenerAdapter - Downloading https://repo.maven.apache.org/maven2/org/springframework/boot/spring-boot-starter-tomcat/3.5.7/spring-boot-starter-tomcat-3.5.7-sources.jar
2025-11-09 15:04:43,976 [Worker-13: ソースおよび Javadoc のダウンロード] INFO  o.e.m.c.i.e.AbstractTransferListenerAdapter - Downloaded https://repo.maven.apache.org/maven2/org/springframework/boot/spring-boot-starter-tomcat/3.5.7/spring-boot-starter-tomcat-3.5.7-sources.jar
2025-11-09 15:04:43,984 [Worker-13: ソースおよび Javadoc のダウンロード] INFO  o.e.m.j.internal.DownloadSourcesJob - Downloaded sources for org.springframework.boot:spring-boot-starter-tomcat:3.5.7
2025-11-09 15:04:44,134 [Worker-13: ソースおよび Javadoc のダウンロード] INFO  o.e.m.c.i.e.AbstractTransferListenerAdapter - Downloading https://repo.maven.apache.org/maven2/org/apache/tomcat/embed/tomcat-embed-core/10.1.48/tomcat-embed-core-10.1.48-sources.jar
2025-11-09 15:04:44,873 [Worker-13: ソースおよび Javadoc のダウンロード] INFO  o.e.m.c.i.e.AbstractTransferListenerAdapter - Downloaded https://repo.maven.apache.org/maven2/org/apache/tomcat/embed/tomcat-embed-core/10.1.48/tomcat-embed-core-10.1.48-sources.jar
2025-11-09 15:04:44,881 [Worker-13: ソースおよび Javadoc のダウンロード] INFO  o.e.m.j.internal.DownloadSourcesJob - Downloaded sources for org.apache.tomcat.embed:tomcat-embed-core:10.1.48
2025-11-09 15:04:45,046 [Worker-13: ソースおよび Javadoc のダウンロード] INFO  o.e.m.c.i.e.AbstractTransferListenerAdapter - Downloading https://repo.maven.apache.org/maven2/org/apache/tomcat/embed/tomcat-embed-websocket/10.1.48/tomcat-embed-websocket-10.1.48-sources.jar
2025-11-09 15:04:45,173 [Worker-13: ソースおよび Javadoc のダウンロード] INFO  o.e.m.c.i.e.AbstractTransferListenerAdapter - Downloaded https://repo.maven.apache.org/maven2/org/apache/tomcat/embed/tomcat-embed-websocket/10.1.48/tomcat-embed-websocket-10.1.48-sources.jar
2025-11-09 15:04:45,181 [Worker-13: ソースおよび Javadoc のダウンロード] INFO  o.e.m.j.internal.DownloadSourcesJob - Downloaded sources for org.apache.tomcat.embed:tomcat-embed-websocket:10.1.48
2025-11-09 15:04:45,341 [Worker-13: ソースおよび Javadoc のダウンロード] INFO  o.e.m.c.i.e.AbstractTransferListenerAdapter - Downloading https://repo.maven.apache.org/maven2/org/springframework/spring-web/6.2.12/spring-web-6.2.12-sources.jar
2025-11-09 15:04:45,699 [Worker-13: ソースおよび Javadoc のダウンロード] INFO  o.e.m.c.i.e.AbstractTransferListenerAdapter - Downloaded https://repo.maven.apache.org/maven2/org/springframework/spring-web/6.2.12/spring-web-6.2.12-sources.jar
2025-11-09 15:04:45,707 [Worker-13: ソースおよび Javadoc のダウンロード] INFO  o.e.m.j.internal.DownloadSourcesJob - Downloaded sources for org.springframework:spring-web:6.2.12
2025-11-09 15:04:45,872 [Worker-13: ソースおよび Javadoc のダウンロード] INFO  o.e.m.c.i.e.AbstractTransferListenerAdapter - Downloading https://repo.maven.apache.org/maven2/io/micrometer/micrometer-observation/1.15.5/micrometer-observation-1.15.5-sources.jar
2025-11-09 15:04:45,891 [Worker-13: ソースおよび Javadoc のダウンロード] INFO  o.e.m.c.i.e.AbstractTransferListenerAdapter - Downloaded https://repo.maven.apache.org/maven2/io/micrometer/micrometer-observation/1.15.5/micrometer-observation-1.15.5-sources.jar
2025-11-09 15:04:45,897 [Worker-13: ソースおよび Javadoc のダウンロード] INFO  o.e.m.j.internal.DownloadSourcesJob - Downloaded sources for io.micrometer:micrometer-observation:1.15.5
2025-11-09 15:04:46,253 [Worker-13: ソースおよび Javadoc のダウンロード] INFO  o.e.m.c.i.e.AbstractTransferListenerAdapter - Downloading https://repo.maven.apache.org/maven2/io/micrometer/micrometer-commons/1.15.5/micrometer-commons-1.15.5-sources.jar
2025-11-09 15:04:46,266 [Worker-13: ソースおよび Javadoc のダウンロード] INFO  o.e.m.c.i.e.AbstractTransferListenerAdapter - Downloaded https://repo.maven.apache.org/maven2/io/micrometer/micrometer-commons/1.15.5/micrometer-commons-1.15.5-sources.jar
2025-11-09 15:04:46,274 [Worker-13: ソースおよび Javadoc のダウンロード] INFO  o.e.m.j.internal.DownloadSourcesJob - Downloaded sources for io.micrometer:micrometer-commons:1.15.5
2025-11-09 15:04:46,473 [Worker-13: ソースおよび Javadoc のダウンロード] INFO  o.e.m.c.i.e.AbstractTransferListenerAdapter - Downloading https://repo.maven.apache.org/maven2/org/springframework/spring-webmvc/6.2.12/spring-webmvc-6.2.12-sources.jar
2025-11-09 15:04:46,691 [Worker-13: ソースおよび Javadoc のダウンロード] INFO  o.e.m.c.i.e.AbstractTransferListenerAdapter - Downloaded https://repo.maven.apache.org/maven2/org/springframework/spring-webmvc/6.2.12/spring-webmvc-6.2.12-sources.jar
2025-11-09 15:04:46,696 [Worker-13: ソースおよび Javadoc のダウンロード] INFO  o.e.m.j.internal.DownloadSourcesJob - Downloaded sources for org.springframework:spring-webmvc:6.2.12
2025-11-09 15:04:46,865 [Worker-13: ソースおよび Javadoc のダウンロード] INFO  o.e.m.c.i.e.AbstractTransferListenerAdapter - Downloading https://repo.maven.apache.org/maven2/org/springframework/boot/spring-boot-devtools/3.5.7/spring-boot-devtools-3.5.7-sources.jar
2025-11-09 15:04:46,935 [Worker-13: ソースおよび Javadoc のダウンロード] INFO  o.e.m.c.i.e.AbstractTransferListenerAdapter - Downloaded https://repo.maven.apache.org/maven2/org/springframework/boot/spring-boot-devtools/3.5.7/spring-boot-devtools-3.5.7-sources.jar
2025-11-09 15:04:46,941 [Worker-13: ソースおよび Javadoc のダウンロード] INFO  o.e.m.j.internal.DownloadSourcesJob - Downloaded sources for org.springframework.boot:spring-boot-devtools:3.5.7
2025-11-09 15:04:47,101 [Worker-13: ソースおよび Javadoc のダウンロード] INFO  o.e.m.c.i.e.AbstractTransferListenerAdapter - Downloading https://repo.maven.apache.org/maven2/org/springframework/boot/spring-boot/3.5.7/spring-boot-3.5.7-sources.jar
2025-11-09 15:04:47,419 [Worker-13: ソースおよび Javadoc のダウンロード] INFO  o.e.m.c.i.e.AbstractTransferListenerAdapter - Downloaded https://repo.maven.apache.org/maven2/org/springframework/boot/spring-boot/3.5.7/spring-boot-3.5.7-sources.jar
2025-11-09 15:04:47,425 [Worker-13: ソースおよび Javadoc のダウンロード] INFO  o.e.m.j.internal.DownloadSourcesJob - Downloaded sources for org.springframework.boot:spring-boot:3.5.7
2025-11-09 15:04:47,591 [Worker-13: ソースおよび Javadoc のダウンロード] INFO  o.e.m.c.i.e.AbstractTransferListenerAdapter - Downloading https://repo.maven.apache.org/maven2/org/springframework/boot/spring-boot-autoconfigure/3.5.7/spring-boot-autoconfigure-3.5.7-sources.jar
2025-11-09 15:04:47,888 [Worker-13: ソースおよび Javadoc のダウンロード] INFO  o.e.m.c.i.e.AbstractTransferListenerAdapter - Downloaded https://repo.maven.apache.org/maven2/org/springframework/boot/spring-boot-autoconfigure/3.5.7/spring-boot-autoconfigure-3.5.7-sources.jar
2025-11-09 15:04:47,894 [Worker-13: ソースおよび Javadoc のダウンロード] INFO  o.e.m.j.internal.DownloadSourcesJob - Downloaded sources for org.springframework.boot:spring-boot-autoconfigure:3.5.7
2025-11-09 15:04:48,305 [Worker-13: ソースおよび Javadoc のダウンロード] INFO  o.e.m.c.i.e.AbstractTransferListenerAdapter - Downloading https://repo.maven.apache.org/maven2/org/projectlombok/lombok/1.18.42/lombok-1.18.42-sources.jar
2025-11-09 15:04:48,735 [Worker-13: ソースおよび Javadoc のダウンロード] INFO  o.e.m.c.i.e.AbstractTransferListenerAdapter - Downloaded https://repo.maven.apache.org/maven2/org/projectlombok/lombok/1.18.42/lombok-1.18.42-sources.jar
2025-11-09 15:04:48,740 [Worker-13: ソースおよび Javadoc のダウンロード] INFO  o.e.m.j.internal.DownloadSourcesJob - Downloaded sources for org.projectlombok:lombok:1.18.42
2025-11-09 15:04:48,903 [Worker-13: ソースおよび Javadoc のダウンロード] INFO  o.e.m.c.i.e.AbstractTransferListenerAdapter - Downloading https://repo.maven.apache.org/maven2/org/springframework/boot/spring-boot-starter-test/3.5.7/spring-boot-starter-test-3.5.7-sources.jar
2025-11-09 15:04:48,912 [Worker-13: ソースおよび Javadoc のダウンロード] INFO  o.e.m.c.i.e.AbstractTransferListenerAdapter - Downloaded https://repo.maven.apache.org/maven2/org/springframework/boot/spring-boot-starter-test/3.5.7/spring-boot-starter-test-3.5.7-sources.jar
2025-11-09 15:04:48,920 [Worker-13: ソースおよび Javadoc のダウンロード] INFO  o.e.m.j.internal.DownloadSourcesJob - Downloaded sources for org.springframework.boot:spring-boot-starter-test:3.5.7
2025-11-09 15:04:49,050 [Worker-13: ソースおよび Javadoc のダウンロード] INFO  o.e.m.c.i.e.AbstractTransferListenerAdapter - Downloading https://repo.maven.apache.org/maven2/org/springframework/boot/spring-boot-test/3.5.7/spring-boot-test-3.5.7-sources.jar
2025-11-09 15:04:49,142 [Worker-13: ソースおよび Javadoc のダウンロード] INFO  o.e.m.c.i.e.AbstractTransferListenerAdapter - Downloaded https://repo.maven.apache.org/maven2/org/springframework/boot/spring-boot-test/3.5.7/spring-boot-test-3.5.7-sources.jar
2025-11-09 15:04:49,148 [Worker-13: ソースおよび Javadoc のダウンロード] INFO  o.e.m.j.internal.DownloadSourcesJob - Downloaded sources for org.springframework.boot:spring-boot-test:3.5.7
2025-11-09 15:04:49,320 [Worker-13: ソースおよび Javadoc のダウンロード] INFO  o.e.m.c.i.e.AbstractTransferListenerAdapter - Downloading https://repo.maven.apache.org/maven2/org/springframework/boot/spring-boot-test-autoconfigure/3.5.7/spring-boot-test-autoconfigure-3.5.7-sources.jar
2025-11-09 15:04:49,432 [Worker-13: ソースおよび Javadoc のダウンロード] INFO  o.e.m.c.i.e.AbstractTransferListenerAdapter - Downloaded https://repo.maven.apache.org/maven2/org/springframework/boot/spring-boot-test-autoconfigure/3.5.7/spring-boot-test-autoconfigure-3.5.7-sources.jar
2025-11-09 15:04:49,440 [Worker-13: ソースおよび Javadoc のダウンロード] INFO  o.e.m.j.internal.DownloadSourcesJob - Downloaded sources for org.springframework.boot:spring-boot-test-autoconfigure:3.5.7
2025-11-09 15:04:49,586 [Worker-13: ソースおよび Javadoc のダウンロード] INFO  o.e.m.c.i.e.AbstractTransferListenerAdapter - Downloading https://repo.maven.apache.org/maven2/jakarta/xml/bind/jakarta.xml.bind-api/4.0.4/jakarta.xml.bind-api-4.0.4-sources.jar
2025-11-09 15:04:49,676 [Worker-13: ソースおよび Javadoc のダウンロード] INFO  o.e.m.c.i.e.AbstractTransferListenerAdapter - Downloaded https://repo.maven.apache.org/maven2/jakarta/xml/bind/jakarta.xml.bind-api/4.0.4/jakarta.xml.bind-api-4.0.4-sources.jar
2025-11-09 15:04:49,683 [Worker-13: ソースおよび Javadoc のダウンロード] INFO  o.e.m.j.internal.DownloadSourcesJob - Downloaded sources for jakarta.xml.bind:jakarta.xml.bind-api:4.0.4
2025-11-09 15:04:49,854 [Worker-13: ソースおよび Javadoc のダウンロード] INFO  o.e.m.c.i.e.AbstractTransferListenerAdapter - Downloading https://repo.maven.apache.org/maven2/org/assertj/assertj-core/3.27.6/assertj-core-3.27.6-sources.jar
2025-11-09 15:04:50,207 [Worker-13: ソースおよび Javadoc のダウンロード] INFO  o.e.m.c.i.e.AbstractTransferListenerAdapter - Downloaded https://repo.maven.apache.org/maven2/org/assertj/assertj-core/3.27.6/assertj-core-3.27.6-sources.jar
2025-11-09 15:04:50,212 [Worker-13: ソースおよび Javadoc のダウンロード] INFO  o.e.m.j.internal.DownloadSourcesJob - Downloaded sources for org.assertj:assertj-core:3.27.6
2025-11-09 15:04:50,349 [Worker-13: ソースおよび Javadoc のダウンロード] INFO  o.e.m.c.i.e.AbstractTransferListenerAdapter - Downloading https://repo.maven.apache.org/maven2/net/bytebuddy/byte-buddy-agent/1.17.8/byte-buddy-agent-1.17.8-sources.jar
2025-11-09 15:04:50,463 [Worker-13: ソースおよび Javadoc のダウンロード] INFO  o.e.m.c.i.e.AbstractTransferListenerAdapter - Downloaded https://repo.maven.apache.org/maven2/net/bytebuddy/byte-buddy-agent/1.17.8/byte-buddy-agent-1.17.8-sources.jar
2025-11-09 15:04:50,470 [Worker-13: ソースおよび Javadoc のダウンロード] INFO  o.e.m.j.internal.DownloadSourcesJob - Downloaded sources for net.bytebuddy:byte-buddy-agent:1.17.8
2025-11-09 15:04:50,757 [Worker-13: ソースおよび Javadoc のダウンロード] INFO  o.e.m.c.i.e.AbstractTransferListenerAdapter - Downloading https://repo.maven.apache.org/maven2/org/springframework/spring-core/6.2.12/spring-core-6.2.12-sources.jar
2025-11-09 15:04:51,103 [Worker-13: ソースおよび Javadoc のダウンロード] INFO  o.e.m.c.i.e.AbstractTransferListenerAdapter - Downloaded https://repo.maven.apache.org/maven2/org/springframework/spring-core/6.2.12/spring-core-6.2.12-sources.jar
2025-11-09 15:04:51,110 [Worker-13: ソースおよび Javadoc のダウンロード] INFO  o.e.m.j.internal.DownloadSourcesJob - Downloaded sources for org.springframework:spring-core:6.2.12
2025-11-09 15:04:51,372 [Worker-13: ソースおよび Javadoc のダウンロード] INFO  o.e.m.c.i.e.AbstractTransferListenerAdapter - Downloading https://repo.maven.apache.org/maven2/org/springframework/spring-jcl/6.2.12/spring-jcl-6.2.12-sources.jar
2025-11-09 15:04:51,380 [Worker-13: ソースおよび Javadoc のダウンロード] INFO  o.e.m.c.i.e.AbstractTransferListenerAdapter - Downloaded https://repo.maven.apache.org/maven2/org/springframework/spring-jcl/6.2.12/spring-jcl-6.2.12-sources.jar
2025-11-09 15:04:51,387 [Worker-13: ソースおよび Javadoc のダウンロード] INFO  o.e.m.j.internal.DownloadSourcesJob - Downloaded sources for org.springframework:spring-jcl:6.2.12
2025-11-09 15:04:51,554 [Worker-13: ソースおよび Javadoc のダウンロード] INFO  o.e.m.c.i.e.AbstractTransferListenerAdapter - Downloading https://repo.maven.apache.org/maven2/org/springframework/spring-test/6.2.12/spring-test-6.2.12-sources.jar
2025-11-09 15:04:51,801 [Worker-13: ソースおよび Javadoc のダウンロード] INFO  o.e.m.c.i.e.AbstractTransferListenerAdapter - Downloaded https://repo.maven.apache.org/maven2/org/springframework/spring-test/6.2.12/spring-test-6.2.12-sources.jar
2025-11-09 15:04:51,808 [Worker-13: ソースおよび Javadoc のダウンロード] INFO  o.e.m.j.internal.DownloadSourcesJob - Downloaded sources for org.springframework:spring-test:6.2.12
2025-11-09 15:04:51,987 [Worker-13: ソースおよび Javadoc のダウンロード] INFO  o.e.m.c.i.e.AbstractTransferListenerAdapter - Downloading https://repo.maven.apache.org/maven2/org/springframework/security/spring-security-test/6.5.6/spring-security-test-6.5.6-sources.jar
2025-11-09 15:04:52,016 [Worker-13: ソースおよび Javadoc のダウンロード] INFO  o.e.m.c.i.e.AbstractTransferListenerAdapter - Downloaded https://repo.maven.apache.org/maven2/org/springframework/security/spring-security-test/6.5.6/spring-security-test-6.5.6-sources.jar
2025-11-09 15:04:52,028 [Worker-13: ソースおよび Javadoc のダウンロード] INFO  o.e.m.j.internal.DownloadSourcesJob - Downloaded sources for org.springframework.security:spring-security-test:6.5.6
2025-11-09 15:04:52,184 [Worker-13: ソースおよび Javadoc のダウンロード] INFO  o.e.m.c.i.e.AbstractTransferListenerAdapter - Downloading https://repo.maven.apache.org/maven2/org/springframework/security/spring-security-core/6.5.6/spring-security-core-6.5.6-sources.jar
2025-11-09 15:04:52,428 [Worker-13: ソースおよび Javadoc のダウンロード] INFO  o.e.m.c.i.e.AbstractTransferListenerAdapter - Downloaded https://repo.maven.apache.org/maven2/org/springframework/security/spring-security-core/6.5.6/spring-security-core-6.5.6-sources.jar
2025-11-09 15:04:52,436 [Worker-13: ソースおよび Javadoc のダウンロード] INFO  o.e.m.j.internal.DownloadSourcesJob - Downloaded sources for org.springframework.security:spring-security-core:6.5.6
2025-11-09 15:04:52,593 [Worker-13: ソースおよび Javadoc のダウンロード] INFO  o.e.m.c.i.e.AbstractTransferListenerAdapter - Downloading https://repo.maven.apache.org/maven2/org/springframework/security/spring-security-crypto/6.5.6/spring-security-crypto-6.5.6-sources.jar
2025-11-09 15:04:52,647 [Worker-13: ソースおよび Javadoc のダウンロード] INFO  o.e.m.c.i.e.AbstractTransferListenerAdapter - Downloaded https://repo.maven.apache.org/maven2/org/springframework/security/spring-security-crypto/6.5.6/spring-security-crypto-6.5.6-sources.jar
2025-11-09 15:04:52,657 [Worker-13: ソースおよび Javadoc のダウンロード] INFO  o.e.m.j.internal.DownloadSourcesJob - Downloaded sources for org.springframework.security:spring-security-crypto:6.5.6
2025-11-09 15:28:32,171 [Worker-3: ビルド] INFO  o.a.m.s.f.DefaultMavenResourcesFiltering - Copying 0 resource from src\main\resources to target\classes
2025-11-09 15:28:32,172 [Worker-3: ビルド] INFO  o.a.m.s.f.DefaultMavenResourcesFiltering - Copying 0 resource from src\main\resources to target\classes
2025-11-09 15:28:32,176 [Worker-3: ビルド] INFO  o.a.m.s.f.DefaultMavenResourcesFiltering - skip non existing resourceDirectory C:\Users\Yu-Ma_WPC\Terakoya_Study\spring_boot\samuraitravel\src\test\resources
2025-11-09 15:36:59,948 [Worker-22: samuraitravel - SamuraitravelApplication の起動] INFO  o.a.m.s.f.DefaultMavenResourcesFiltering - Copying 1 resource from src\main\resources to target\classes
2025-11-09 15:36:59,974 [Worker-22: samuraitravel - SamuraitravelApplication の起動] INFO  o.a.m.s.f.DefaultMavenResourcesFiltering - Copying 0 resource from src\main\resources to target\classes
2025-11-09 15:36:59,979 [Worker-22: samuraitravel - SamuraitravelApplication の起動] INFO  o.a.m.s.f.DefaultMavenResourcesFiltering - skip non existing resourceDirectory C:\Users\Yu-Ma_WPC\Terakoya_Study\spring_boot\samuraitravel\src\test\resources
2025-11-09 15:38:29,827 [Worker-24: ビルド] INFO  o.a.m.s.f.DefaultMavenResourcesFiltering - Copying 0 resource from src\main\resources to target\classes
2025-11-09 15:38:29,828 [Worker-24: ビルド] INFO  o.a.m.s.f.DefaultMavenResourcesFiltering - Copying 1 resource from src\main\resources to target\classes
2025-11-09 15:38:29,835 [Worker-24: ビルド] INFO  o.a.m.s.f.DefaultMavenResourcesFiltering - skip non existing resourceDirectory C:\Users\Yu-Ma_WPC\Terakoya_Study\spring_boot\samuraitravel\src\test\resources
2025-11-09 15:39:33,038 [Worker-21: ビルド] INFO  o.a.m.s.f.DefaultMavenResourcesFiltering - Copying 0 resource from src\main\resources to target\classes
2025-11-09 15:39:33,039 [Worker-21: ビルド] INFO  o.a.m.s.f.DefaultMavenResourcesFiltering - Copying 1 resource from src\main\resources to target\classes
2025-11-09 15:39:33,043 [Worker-21: ビルド] INFO  o.a.m.s.f.DefaultMavenResourcesFiltering - skip non existing resourceDirectory C:\Users\Yu-Ma_WPC\Terakoya_Study\spring_boot\samuraitravel\src\test\resources
2025-11-09 15:39:56,267 [Worker-21: ビルド] INFO  o.a.m.s.f.DefaultMavenResourcesFiltering - Copying 0 resource from src\main\resources to target\classes
2025-11-09 15:39:56,269 [Worker-21: ビルド] INFO  o.a.m.s.f.DefaultMavenResourcesFiltering - Copying 1 resource from src\main\resources to target\classes
2025-11-09 15:39:56,274 [Worker-21: ビルド] INFO  o.a.m.s.f.DefaultMavenResourcesFiltering - skip non existing resourceDirectory C:\Users\Yu-Ma_WPC\Terakoya_Study\spring_boot\samuraitravel\src\test\resources
2025-11-09 15:41:09,960 [Worker-26: ビルド] INFO  o.a.m.s.f.DefaultMavenResourcesFiltering - Copying 0 resource from src\main\resources to target\classes
2025-11-09 15:41:09,961 [Worker-26: ビルド] INFO  o.a.m.s.f.DefaultMavenResourcesFiltering - Copying 1 resource from src\main\resources to target\classes
2025-11-09 15:41:09,966 [Worker-26: ビルド] INFO  o.a.m.s.f.DefaultMavenResourcesFiltering - skip non existing resourceDirectory C:\Users\Yu-Ma_WPC\Terakoya_Study\spring_boot\samuraitravel\src\test\resources
2025-11-09 16:08:35,312 [Worker-25: ビルド] INFO  o.a.m.s.f.DefaultMavenResourcesFiltering - Copying 1 resource from src\main\resources to target\classes
2025-11-09 16:08:35,328 [Worker-25: ビルド] INFO  o.a.m.s.f.DefaultMavenResourcesFiltering - Copying 1 resource from src\main\resources to target\classes
2025-11-09 16:08:35,333 [Worker-25: ビルド] INFO  o.a.m.s.f.DefaultMavenResourcesFiltering - skip non existing resourceDirectory C:\Users\Yu-Ma_WPC\Terakoya_Study\spring_boot\samuraitravel\src\test\resources
2025-11-09 16:08:58,289 [Worker-11: ビルド] INFO  o.a.m.s.f.DefaultMavenResourcesFiltering - Copying 1 resource from src\main\resources to target\classes
2025-11-09 16:08:58,309 [Worker-11: ビルド] INFO  o.a.m.s.f.DefaultMavenResourcesFiltering - Copying 1 resource from src\main\resources to target\classes
2025-11-09 16:08:58,312 [Worker-11: ビルド] INFO  o.a.m.s.f.DefaultMavenResourcesFiltering - skip non existing resourceDirectory C:\Users\Yu-Ma_WPC\Terakoya_Study\spring_boot\samuraitravel\src\test\resources
2025-11-09 16:20:33,283 [Worker-27: ビルド] INFO  o.a.m.s.f.DefaultMavenResourcesFiltering - Copying 1 resource from src\main\resources to target\classes
2025-11-09 16:20:33,293 [Worker-27: ビルド] INFO  o.a.m.s.f.DefaultMavenResourcesFiltering - Copying 1 resource from src\main\resources to target\classes
2025-11-09 16:20:33,300 [Worker-27: ビルド] INFO  o.a.m.s.f.DefaultMavenResourcesFiltering - skip non existing resourceDirectory C:\Users\Yu-Ma_WPC\Terakoya_Study\spring_boot\samuraitravel\src\test\resources
2025-11-09 16:20:55,807 [Worker-23: ビルド] INFO  o.a.m.s.f.DefaultMavenResourcesFiltering - Copying 1 resource from src\main\resources to target\classes
2025-11-09 16:20:55,815 [Worker-23: ビルド] INFO  o.a.m.s.f.DefaultMavenResourcesFiltering - Copying 1 resource from src\main\resources to target\classes
2025-11-09 16:20:55,822 [Worker-23: ビルド] INFO  o.a.m.s.f.DefaultMavenResourcesFiltering - skip non existing resourceDirectory C:\Users\Yu-Ma_WPC\Terakoya_Study\spring_boot\samuraitravel\src\test\resources
2025-11-09 16:21:07,646 [Worker-28: ビルド] INFO  o.a.m.s.f.DefaultMavenResourcesFiltering - Copying 1 resource from src\main\resources to target\classes
2025-11-09 16:21:07,654 [Worker-28: ビルド] INFO  o.a.m.s.f.DefaultMavenResourcesFiltering - Copying 1 resource from src\main\resources to target\classes
2025-11-09 16:21:07,660 [Worker-28: ビルド] INFO  o.a.m.s.f.DefaultMavenResourcesFiltering - skip non existing resourceDirectory C:\Users\Yu-Ma_WPC\Terakoya_Study\spring_boot\samuraitravel\src\test\resources
2025-11-09 16:25:09,650 [Worker-28: ビルド] INFO  o.a.m.s.f.DefaultMavenResourcesFiltering - Copying 1 resource from src\main\resources to target\classes
2025-11-09 16:25:09,655 [Worker-28: ビルド] INFO  o.a.m.s.f.DefaultMavenResourcesFiltering - Copying 1 resource from src\main\resources to target\classes
2025-11-09 16:25:09,661 [Worker-28: ビルド] INFO  o.a.m.s.f.DefaultMavenResourcesFiltering - skip non existing resourceDirectory C:\Users\Yu-Ma_WPC\Terakoya_Study\spring_boot\samuraitravel\src\test\resources
2025-11-09 16:26:29,049 [Worker-27: ビルド] INFO  o.a.m.s.f.DefaultMavenResourcesFiltering - Copying 1 resource from src\main\resources to target\classes
2025-11-09 16:26:29,059 [Worker-27: ビルド] INFO  o.a.m.s.f.DefaultMavenResourcesFiltering - Copying 1 resource from src\main\resources to target\classes
2025-11-09 16:26:29,067 [Worker-27: ビルド] INFO  o.a.m.s.f.DefaultMavenResourcesFiltering - skip non existing resourceDirectory C:\Users\Yu-Ma_WPC\Terakoya_Study\spring_boot\samuraitravel\src\test\resources
2025-11-09 16:26:44,665 [Worker-25: ビルド] INFO  o.a.m.s.f.DefaultMavenResourcesFiltering - Copying 1 resource from src\main\resources to target\classes
2025-11-09 16:26:44,672 [Worker-25: ビルド] INFO  o.a.m.s.f.DefaultMavenResourcesFiltering - Copying 1 resource from src\main\resources to target\classes
2025-11-09 16:26:44,678 [Worker-25: ビルド] INFO  o.a.m.s.f.DefaultMavenResourcesFiltering - skip non existing resourceDirectory C:\Users\Yu-Ma_WPC\Terakoya_Study\spring_boot\samuraitravel\src\test\resources
2025-11-09 16:28:51,989 [Worker-26: ビルド] INFO  o.a.m.s.f.DefaultMavenResourcesFiltering - Copying 1 resource from src\main\resources to target\classes
2025-11-09 16:28:51,993 [Worker-26: ビルド] INFO  o.a.m.s.f.DefaultMavenResourcesFiltering - Copying 1 resource from src\main\resources to target\classes
2025-11-09 16:28:51,996 [Worker-26: ビルド] INFO  o.a.m.s.f.DefaultMavenResourcesFiltering - skip non existing resourceDirectory C:\Users\Yu-Ma_WPC\Terakoya_Study\spring_boot\samuraitravel\src\test\resources
2025-11-09 17:13:00,536 [Worker-28: ビルド] INFO  o.a.m.s.f.DefaultMavenResourcesFiltering - Copying 1 resource from src\main\resources to target\classes
2025-11-09 17:13:00,546 [Worker-28: ビルド] INFO  o.a.m.s.f.DefaultMavenResourcesFiltering - Copying 1 resource from src\main\resources to target\classes
2025-11-09 17:13:00,553 [Worker-28: ビルド] INFO  o.a.m.s.f.DefaultMavenResourcesFiltering - skip non existing resourceDirectory C:\Users\Yu-Ma_WPC\Terakoya_Study\spring_boot\samuraitravel\src\test\resources
2025-11-09 17:13:22,604 [Worker-33: ビルド] INFO  o.a.m.s.f.DefaultMavenResourcesFiltering - Copying 1 resource from src\main\resources to target\classes
2025-11-09 17:13:22,611 [Worker-33: ビルド] INFO  o.a.m.s.f.DefaultMavenResourcesFiltering - Copying 1 resource from src\main\resources to target\classes
2025-11-09 17:13:22,615 [Worker-33: ビルド] INFO  o.a.m.s.f.DefaultMavenResourcesFiltering - skip non existing resourceDirectory C:\Users\Yu-Ma_WPC\Terakoya_Study\spring_boot\samuraitravel\src\test\resources
2025-11-09 17:17:53,697 [Worker-33: ビルド] INFO  o.a.m.s.f.DefaultMavenResourcesFiltering - Copying 1 resource from src\main\resources to target\classes
2025-11-09 17:17:53,714 [Worker-33: ビルド] INFO  o.a.m.s.f.DefaultMavenResourcesFiltering - Copying 1 resource from src\main\resources to target\classes
2025-11-09 17:17:53,719 [Worker-33: ビルド] INFO  o.a.m.s.f.DefaultMavenResourcesFiltering - skip non existing resourceDirectory C:\Users\Yu-Ma_WPC\Terakoya_Study\spring_boot\samuraitravel\src\test\resources
2025-11-09 17:21:04,146 [Worker-31: ビルド] INFO  o.a.m.s.f.DefaultMavenResourcesFiltering - Copying 1 resource from src\main\resources to target\classes
2025-11-09 17:21:04,155 [Worker-31: ビルド] INFO  o.a.m.s.f.DefaultMavenResourcesFiltering - Copying 1 resource from src\main\resources to target\classes
2025-11-09 17:21:04,160 [Worker-31: ビルド] INFO  o.a.m.s.f.DefaultMavenResourcesFiltering - skip non existing resourceDirectory C:\Users\Yu-Ma_WPC\Terakoya_Study\spring_boot\samuraitravel\src\test\resources
2025-11-09 17:22:00,963 [Worker-33: ビルド] INFO  o.a.m.s.f.DefaultMavenResourcesFiltering - Copying 1 resource from src\main\resources to target\classes
2025-11-09 17:22:00,975 [Worker-33: ビルド] INFO  o.a.m.s.f.DefaultMavenResourcesFiltering - Copying 1 resource from src\main\resources to target\classes
2025-11-09 17:22:00,981 [Worker-33: ビルド] INFO  o.a.m.s.f.DefaultMavenResourcesFiltering - skip non existing resourceDirectory C:\Users\Yu-Ma_WPC\Terakoya_Study\spring_boot\samuraitravel\src\test\resources
2025-11-09 17:25:28,284 [Worker-31: ビルド] INFO  o.a.m.s.f.DefaultMavenResourcesFiltering - Copying 1 resource from src\main\resources to target\classes
2025-11-09 17:25:28,291 [Worker-31: ビルド] INFO  o.a.m.s.f.DefaultMavenResourcesFiltering - Copying 1 resource from src\main\resources to target\classes
2025-11-09 17:25:28,295 [Worker-31: ビルド] INFO  o.a.m.s.f.DefaultMavenResourcesFiltering - skip non existing resourceDirectory C:\Users\Yu-Ma_WPC\Terakoya_Study\spring_boot\samuraitravel\src\test\resources
2025-11-09 17:26:07,903 [Worker-30: ビルド] INFO  o.a.m.s.f.DefaultMavenResourcesFiltering - Copying 0 resource from src\main\resources to target\classes
2025-11-09 17:26:07,903 [Worker-30: ビルド] INFO  o.a.m.s.f.DefaultMavenResourcesFiltering - Copying 1 resource from src\main\resources to target\classes
2025-11-09 17:26:07,908 [Worker-30: ビルド] INFO  o.a.m.s.f.DefaultMavenResourcesFiltering - skip non existing resourceDirectory C:\Users\Yu-Ma_WPC\Terakoya_Study\spring_boot\samuraitravel\src\test\resources
2025-11-09 17:28:51,473 [Worker-28: ビルド] INFO  o.a.m.s.f.DefaultMavenResourcesFiltering - Copying 0 resource from src\main\resources to target\classes
2025-11-09 17:28:51,475 [Worker-28: ビルド] INFO  o.a.m.s.f.DefaultMavenResourcesFiltering - Copying 1 resource from src\main\resources to target\classes
2025-11-09 17:28:51,481 [Worker-28: ビルド] INFO  o.a.m.s.f.DefaultMavenResourcesFiltering - skip non existing resourceDirectory C:\Users\Yu-Ma_WPC\Terakoya_Study\spring_boot\samuraitravel\src\test\resources
2025-11-09 17:29:15,932 [Worker-31: ビルド] INFO  o.a.m.s.f.DefaultMavenResourcesFiltering - Copying 0 resource from src\main\resources to target\classes
2025-11-09 17:29:15,933 [Worker-31: ビルド] INFO  o.a.m.s.f.DefaultMavenResourcesFiltering - Copying 1 resource from src\main\resources to target\classes
2025-11-09 17:29:15,938 [Worker-31: ビルド] INFO  o.a.m.s.f.DefaultMavenResourcesFiltering - skip non existing resourceDirectory C:\Users\Yu-Ma_WPC\Terakoya_Study\spring_boot\samuraitravel\src\test\resources
2025-11-09 17:29:27,733 [Worker-31: ビルド] INFO  o.a.m.s.f.DefaultMavenResourcesFiltering - Copying 0 resource from src\main\resources to target\classes
2025-11-09 17:29:27,734 [Worker-31: ビルド] INFO  o.a.m.s.f.DefaultMavenResourcesFiltering - Copying 1 resource from src\main\resources to target\classes
2025-11-09 17:29:27,738 [Worker-31: ビルド] INFO  o.a.m.s.f.DefaultMavenResourcesFiltering - skip non existing resourceDirectory C:\Users\Yu-Ma_WPC\Terakoya_Study\spring_boot\samuraitravel\src\test\resources
2025-11-09 17:30:50,005 [Worker-33: ビルド] INFO  o.a.m.s.f.DefaultMavenResourcesFiltering - Copying 0 resource from src\main\resources to target\classes
2025-11-09 17:30:50,006 [Worker-33: ビルド] INFO  o.a.m.s.f.DefaultMavenResourcesFiltering - Copying 1 resource from src\main\resources to target\classes
2025-11-09 17:30:50,012 [Worker-33: ビルド] INFO  o.a.m.s.f.DefaultMavenResourcesFiltering - skip non existing resourceDirectory C:\Users\Yu-Ma_WPC\Terakoya_Study\spring_boot\samuraitravel\src\test\resources
2025-11-09 17:32:56,836 [Worker-35: ビルド] INFO  o.a.m.s.f.DefaultMavenResourcesFiltering - Copying 0 resource from src\main\resources to target\classes
2025-11-09 17:32:56,837 [Worker-35: ビルド] INFO  o.a.m.s.f.DefaultMavenResourcesFiltering - Copying 1 resource from src\main\resources to target\classes
2025-11-09 17:32:56,842 [Worker-35: ビルド] INFO  o.a.m.s.f.DefaultMavenResourcesFiltering - skip non existing resourceDirectory C:\Users\Yu-Ma_WPC\Terakoya_Study\spring_boot\samuraitravel\src\test\resources
2025-11-09 17:33:53,386 [Worker-35: ビルド] INFO  o.a.m.s.f.DefaultMavenResourcesFiltering - Copying 0 resource from src\main\resources to target\classes
2025-11-09 17:33:53,387 [Worker-35: ビルド] INFO  o.a.m.s.f.DefaultMavenResourcesFiltering - Copying 1 resource from src\main\resources to target\classes
2025-11-09 17:33:53,393 [Worker-35: ビルド] INFO  o.a.m.s.f.DefaultMavenResourcesFiltering - skip non existing resourceDirectory C:\Users\Yu-Ma_WPC\Terakoya_Study\spring_boot\samuraitravel\src\test\resources
2025-11-09 17:41:06,395 [Worker-37: ビルド] INFO  o.a.m.s.f.DefaultMavenResourcesFiltering - Copying 0 resource from src\main\resources to target\classes
2025-11-09 17:41:06,397 [Worker-37: ビルド] INFO  o.a.m.s.f.DefaultMavenResourcesFiltering - Copying 1 resource from src\main\resources to target\classes
2025-11-09 17:41:06,401 [Worker-37: ビルド] INFO  o.a.m.s.f.DefaultMavenResourcesFiltering - skip non existing resourceDirectory C:\Users\Yu-Ma_WPC\Terakoya_Study\spring_boot\samuraitravel\src\test\resources
2025-11-09 17:41:53,540 [Worker-33: ビルド] INFO  o.a.m.s.f.DefaultMavenResourcesFiltering - Copying 0 resource from src\main\resources to target\classes
2025-11-09 17:41:53,543 [Worker-33: ビルド] INFO  o.a.m.s.f.DefaultMavenResourcesFiltering - Copying 1 resource from src\main\resources to target\classes
2025-11-09 17:41:53,547 [Worker-33: ビルド] INFO  o.a.m.s.f.DefaultMavenResourcesFiltering - skip non existing resourceDirectory C:\Users\Yu-Ma_WPC\Terakoya_Study\spring_boot\samuraitravel\src\test\resources
2025-11-15 15:38:27,792 [Worker-4: Loading available Gradle versions] INFO  o.e.b.c.i.u.g.PublishedGradleVersions - Gradle version information cache is out-of-date. Trying to update.
2025-11-15 15:48:52,450 [Worker-16: ビルド] INFO  o.a.m.s.f.DefaultMavenResourcesFiltering - Copying 1 resource from src\main\resources to target\classes
2025-11-15 15:48:52,482 [Worker-16: ビルド] INFO  o.a.m.s.f.DefaultMavenResourcesFiltering - Copying 2 resources from src\main\resources to target\classes
2025-11-15 15:48:52,493 [Worker-16: ビルド] INFO  o.a.m.s.f.DefaultMavenResourcesFiltering - skip non existing resourceDirectory C:\Users\Yu-Ma_WPC\Terakoya_Study\spring_boot\samuraitravel\src\test\resources
2025-11-15 15:49:32,296 [Worker-15: ビルド] INFO  o.a.m.s.f.DefaultMavenResourcesFiltering - Copying 1 resource from src\main\resources to target\classes
2025-11-15 15:49:32,322 [Worker-15: ビルド] INFO  o.a.m.s.f.DefaultMavenResourcesFiltering - Copying 2 resources from src\main\resources to target\classes
2025-11-15 15:49:32,331 [Worker-15: ビルド] INFO  o.a.m.s.f.DefaultMavenResourcesFiltering - skip non existing resourceDirectory C:\Users\Yu-Ma_WPC\Terakoya_Study\spring_boot\samuraitravel\src\test\resources
2025-11-15 15:52:20,357 [Worker-16: ビルド] INFO  o.a.m.s.f.DefaultMavenResourcesFiltering - Copying 1 resource from src\main\resources to target\classes
2025-11-15 15:52:20,365 [Worker-16: ビルド] INFO  o.a.m.s.f.DefaultMavenResourcesFiltering - Copying 2 resources from src\main\resources to target\classes
2025-11-15 15:52:20,371 [Worker-16: ビルド] INFO  o.a.m.s.f.DefaultMavenResourcesFiltering - skip non existing resourceDirectory C:\Users\Yu-Ma_WPC\Terakoya_Study\spring_boot\samuraitravel\src\test\resources
2025-11-15 15:53:33,231 [Worker-18: ビルド] INFO  o.a.m.s.f.DefaultMavenResourcesFiltering - Copying 1 resource from src\main\resources to target\classes
2025-11-15 15:53:33,239 [Worker-18: ビルド] INFO  o.a.m.s.f.DefaultMavenResourcesFiltering - Copying 2 resources from src\main\resources to target\classes
2025-11-15 15:53:33,245 [Worker-18: ビルド] INFO  o.a.m.s.f.DefaultMavenResourcesFiltering - skip non existing resourceDirectory C:\Users\Yu-Ma_WPC\Terakoya_Study\spring_boot\samuraitravel\src\test\resources
2025-11-15 16:00:31,683 [Worker-11: ビルド] INFO  o.a.m.s.f.DefaultMavenResourcesFiltering - Copying 1 resource from src\main\resources to target\classes
2025-11-15 16:00:31,692 [Worker-11: ビルド] INFO  o.a.m.s.f.DefaultMavenResourcesFiltering - Copying 2 resources from src\main\resources to target\classes
2025-11-15 16:00:31,697 [Worker-11: ビルド] INFO  o.a.m.s.f.DefaultMavenResourcesFiltering - skip non existing resourceDirectory C:\Users\Yu-Ma_WPC\Terakoya_Study\spring_boot\samuraitravel\src\test\resources
2025-11-15 16:08:25,938 [Worker-21: ビルド] INFO  o.a.m.s.f.DefaultMavenResourcesFiltering - Copying 0 resource from src\main\resources to target\classes
2025-11-15 16:08:25,949 [Worker-21: ビルド] INFO  o.a.m.s.f.DefaultMavenResourcesFiltering - Copying 1 resource from src\main\resources to target\classes
2025-11-15 16:08:25,973 [Worker-21: ビルド] INFO  o.a.m.s.f.DefaultMavenResourcesFiltering - skip non existing resourceDirectory C:\Users\Yu-Ma_WPC\Terakoya_Study\spring_boot\samuraitravel\src\test\resources
2025-11-15 16:09:13,201 [Worker-8: ビルド] INFO  o.a.m.s.f.DefaultMavenResourcesFiltering - Copying 0 resource from src\main\resources to target\classes
2025-11-15 16:09:13,204 [Worker-8: ビルド] INFO  o.a.m.s.f.DefaultMavenResourcesFiltering - Copying 1 resource from src\main\resources to target\classes
2025-11-15 16:09:13,214 [Worker-8: ビルド] INFO  o.a.m.s.f.DefaultMavenResourcesFiltering - skip non existing resourceDirectory C:\Users\Yu-Ma_WPC\Terakoya_Study\spring_boot\samuraitravel\src\test\resources
2025-11-15 16:12:11,335 [Worker-15: ビルド] INFO  o.a.m.s.f.DefaultMavenResourcesFiltering - Copying 0 resource from src\main\resources to target\classes
2025-11-15 16:12:11,338 [Worker-15: ビルド] INFO  o.a.m.s.f.DefaultMavenResourcesFiltering - Copying 1 resource from src\main\resources to target\classes
2025-11-15 16:12:11,347 [Worker-15: ビルド] INFO  o.a.m.s.f.DefaultMavenResourcesFiltering - skip non existing resourceDirectory C:\Users\Yu-Ma_WPC\Terakoya_Study\spring_boot\samuraitravel\src\test\resources
2025-11-15 16:14:55,038 [Worker-22: ビルド] INFO  o.a.m.s.f.DefaultMavenResourcesFiltering - Copying 0 resource from src\main\resources to target\classes
2025-11-15 16:14:55,046 [Worker-22: ビルド] INFO  o.a.m.s.f.DefaultMavenResourcesFiltering - Copying 1 resource from src\main\resources to target\classes
2025-11-15 16:14:55,064 [Worker-22: ビルド] INFO  o.a.m.s.f.DefaultMavenResourcesFiltering - skip non existing resourceDirectory C:\Users\Yu-Ma_WPC\Terakoya_Study\spring_boot\samuraitravel\src\test\resources
2025-11-15 16:17:28,338 [Worker-8: ビルド] INFO  o.a.m.s.f.DefaultMavenResourcesFiltering - Copying 0 resource from src\main\resources to target\classes
2025-11-15 16:17:28,345 [Worker-8: ビルド] INFO  o.a.m.s.f.DefaultMavenResourcesFiltering - Copying 1 resource from src\main\resources to target\classes
2025-11-15 16:17:28,359 [Worker-8: ビルド] INFO  o.a.m.s.f.DefaultMavenResourcesFiltering - skip non existing resourceDirectory C:\Users\Yu-Ma_WPC\Terakoya_Study\spring_boot\samuraitravel\src\test\resources
2025-11-15 16:24:47,497 [Worker-22: ビルド] INFO  o.a.m.s.f.DefaultMavenResourcesFiltering - Copying 0 resource from src\main\resources to target\classes
2025-11-15 16:24:47,505 [Worker-22: ビルド] INFO  o.a.m.s.f.DefaultMavenResourcesFiltering - Copying 1 resource from src\main\resources to target\classes
2025-11-15 16:24:47,525 [Worker-22: ビルド] INFO  o.a.m.s.f.DefaultMavenResourcesFiltering - skip non existing resourceDirectory C:\Users\Yu-Ma_WPC\Terakoya_Study\spring_boot\samuraitravel\src\test\resources
2025-11-15 16:25:40,065 [Worker-18: ビルド] INFO  o.a.m.s.f.DefaultMavenResourcesFiltering - Copying 0 resource from src\main\resources to target\classes
2025-11-15 16:25:40,068 [Worker-18: ビルド] INFO  o.a.m.s.f.DefaultMavenResourcesFiltering - Copying 1 resource from src\main\resources to target\classes
2025-11-15 16:25:40,076 [Worker-18: ビルド] INFO  o.a.m.s.f.DefaultMavenResourcesFiltering - skip non existing resourceDirectory C:\Users\Yu-Ma_WPC\Terakoya_Study\spring_boot\samuraitravel\src\test\resources
2025-11-15 16:26:05,671 [Worker-20: ビルド] INFO  o.a.m.s.f.DefaultMavenResourcesFiltering - Copying 0 resource from src\main\resources to target\classes
2025-11-15 16:26:05,674 [Worker-20: ビルド] INFO  o.a.m.s.f.DefaultMavenResourcesFiltering - Copying 1 resource from src\main\resources to target\classes
2025-11-15 16:26:05,682 [Worker-20: ビルド] INFO  o.a.m.s.f.DefaultMavenResourcesFiltering - skip non existing resourceDirectory C:\Users\Yu-Ma_WPC\Terakoya_Study\spring_boot\samuraitravel\src\test\resources
2025-11-15 16:28:03,850 [Worker-22: ビルド] INFO  o.a.m.s.f.DefaultMavenResourcesFiltering - Copying 0 resource from src\main\resources to target\classes
2025-11-15 16:28:03,854 [Worker-22: ビルド] INFO  o.a.m.s.f.DefaultMavenResourcesFiltering - Copying 1 resource from src\main\resources to target\classes
2025-11-15 16:28:03,862 [Worker-22: ビルド] INFO  o.a.m.s.f.DefaultMavenResourcesFiltering - skip non existing resourceDirectory C:\Users\Yu-Ma_WPC\Terakoya_Study\spring_boot\samuraitravel\src\test\resources
2025-11-15 16:30:04,941 [Worker-23: ビルド] INFO  o.a.m.s.f.DefaultMavenResourcesFiltering - Copying 0 resource from src\main\resources to target\classes
2025-11-15 16:30:04,944 [Worker-23: ビルド] INFO  o.a.m.s.f.DefaultMavenResourcesFiltering - Copying 1 resource from src\main\resources to target\classes
2025-11-15 16:30:04,961 [Worker-23: ビルド] INFO  o.a.m.s.f.DefaultMavenResourcesFiltering - skip non existing resourceDirectory C:\Users\Yu-Ma_WPC\Terakoya_Study\spring_boot\samuraitravel\src\test\resources
2025-11-15 16:35:40,364 [Worker-15: ビルド] INFO  o.a.m.s.f.DefaultMavenResourcesFiltering - Copying 0 resource from src\main\resources to target\classes
2025-11-15 16:35:40,370 [Worker-15: ビルド] INFO  o.a.m.s.f.DefaultMavenResourcesFiltering - Copying 1 resource from src\main\resources to target\classes
2025-11-15 16:35:40,386 [Worker-15: ビルド] INFO  o.a.m.s.f.DefaultMavenResourcesFiltering - skip non existing resourceDirectory C:\Users\Yu-Ma_WPC\Terakoya_Study\spring_boot\samuraitravel\src\test\resources
2025-11-15 16:37:33,637 [Worker-20: ビルド] INFO  o.a.m.s.f.DefaultMavenResourcesFiltering - Copying 0 resource from src\main\resources to target\classes
2025-11-15 16:37:33,644 [Worker-20: ビルド] INFO  o.a.m.s.f.DefaultMavenResourcesFiltering - Copying 1 resource from src\main\resources to target\classes
2025-11-15 16:37:33,662 [Worker-20: ビルド] INFO  o.a.m.s.f.DefaultMavenResourcesFiltering - skip non existing resourceDirectory C:\Users\Yu-Ma_WPC\Terakoya_Study\spring_boot\samuraitravel\src\test\resources
2025-11-15 16:39:55,562 [Worker-20: ビルド] INFO  o.a.m.s.f.DefaultMavenResourcesFiltering - Copying 0 resource from src\main\resources to target\classes
2025-11-15 16:39:55,562 [Worker-20: ビルド] INFO  o.a.m.s.f.DefaultMavenResourcesFiltering - Copying 1 resource from src\main\resources to target\classes
2025-11-15 16:39:55,578 [Worker-20: ビルド] INFO  o.a.m.s.f.DefaultMavenResourcesFiltering - skip non existing resourceDirectory C:\Users\Yu-Ma_WPC\Terakoya_Study\spring_boot\samuraitravel\src\test\resources
2025-11-15 16:40:19,134 [Worker-15: ビルド] INFO  o.a.m.s.f.DefaultMavenResourcesFiltering - Copying 0 resource from src\main\resources to target\classes
2025-11-15 16:40:19,139 [Worker-15: ビルド] INFO  o.a.m.s.f.DefaultMavenResourcesFiltering - Copying 1 resource from src\main\resources to target\classes
2025-11-15 16:40:19,155 [Worker-15: ビルド] INFO  o.a.m.s.f.DefaultMavenResourcesFiltering - skip non existing resourceDirectory C:\Users\Yu-Ma_WPC\Terakoya_Study\spring_boot\samuraitravel\src\test\resources
2025-11-15 16:44:49,424 [Worker-15: ビルド] INFO  o.a.m.s.f.DefaultMavenResourcesFiltering - Copying 0 resource from src\main\resources to target\classes
2025-11-15 16:44:49,430 [Worker-15: ビルド] INFO  o.a.m.s.f.DefaultMavenResourcesFiltering - Copying 1 resource from src\main\resources to target\classes
2025-11-15 16:44:49,450 [Worker-15: ビルド] INFO  o.a.m.s.f.DefaultMavenResourcesFiltering - skip non existing resourceDirectory C:\Users\Yu-Ma_WPC\Terakoya_Study\spring_boot\samuraitravel\src\test\resources
2025-11-19 20:54:09,116 [Worker-6: Loading available Gradle versions] INFO  o.e.b.c.i.u.g.PublishedGradleVersions - Gradle version information cache is out-of-date. Trying to update.
2025-11-19 20:58:39,661 [Worker-4: ビルド] INFO  o.a.m.s.f.DefaultMavenResourcesFiltering - Copying 1 resource from src\main\resources to target\classes
2025-11-19 20:58:39,695 [Worker-4: ビルド] INFO  o.a.m.s.f.DefaultMavenResourcesFiltering - Copying 5 resources from src\main\resources to target\classes
2025-11-19 20:58:39,709 [Worker-4: ビルド] INFO  o.a.m.s.f.DefaultMavenResourcesFiltering - skip non existing resourceDirectory C:\Users\Yu-Ma_WPC\Terakoya_Study\spring_boot\samuraitravel\src\test\resources
2025-11-19 21:00:28,317 [Worker-15: ビルド] INFO  o.a.m.s.f.DefaultMavenResourcesFiltering - Copying 1 resource from src\main\resources to target\classes
2025-11-19 21:00:28,376 [Worker-15: ビルド] INFO  o.a.m.s.f.DefaultMavenResourcesFiltering - Copying 5 resources from src\main\resources to target\classes
2025-11-19 21:00:28,388 [Worker-15: ビルド] INFO  o.a.m.s.f.DefaultMavenResourcesFiltering - skip non existing resourceDirectory C:\Users\Yu-Ma_WPC\Terakoya_Study\spring_boot\samuraitravel\src\test\resources
2025-11-19 21:06:13,784 [Worker-7: ビルド] INFO  o.a.m.s.f.DefaultMavenResourcesFiltering - Copying 0 resource from src\main\resources to target\classes
2025-11-19 21:06:13,792 [Worker-7: ビルド] INFO  o.a.m.s.f.DefaultMavenResourcesFiltering - Copying 1 resource from src\main\resources to target\classes
2025-11-19 21:06:13,800 [Worker-7: ビルド] INFO  o.a.m.s.f.DefaultMavenResourcesFiltering - skip non existing resourceDirectory C:\Users\Yu-Ma_WPC\Terakoya_Study\spring_boot\samuraitravel\src\test\resources
2025-11-19 21:07:29,094 [Worker-19: ビルド] INFO  o.a.m.s.f.DefaultMavenResourcesFiltering - Copying 0 resource from src\main\resources to target\classes
2025-11-19 21:07:29,101 [Worker-19: ビルド] INFO  o.a.m.s.f.DefaultMavenResourcesFiltering - Copying 1 resource from src\main\resources to target\classes
2025-11-19 21:07:29,110 [Worker-19: ビルド] INFO  o.a.m.s.f.DefaultMavenResourcesFiltering - skip non existing resourceDirectory C:\Users\Yu-Ma_WPC\Terakoya_Study\spring_boot\samuraitravel\src\test\resources
2025-11-19 21:08:43,907 [Worker-2: ビルド] INFO  o.a.m.s.f.DefaultMavenResourcesFiltering - Copying 0 resource from src\main\resources to target\classes
2025-11-19 21:08:43,914 [Worker-2: ビルド] INFO  o.a.m.s.f.DefaultMavenResourcesFiltering - Copying 1 resource from src\main\resources to target\classes
2025-11-19 21:08:43,923 [Worker-2: ビルド] INFO  o.a.m.s.f.DefaultMavenResourcesFiltering - skip non existing resourceDirectory C:\Users\Yu-Ma_WPC\Terakoya_Study\spring_boot\samuraitravel\src\test\resources
2025-11-19 21:16:01,424 [Worker-2: ビルド] INFO  o.a.m.s.f.DefaultMavenResourcesFiltering - Copying 0 resource from src\main\resources to target\classes
2025-11-19 21:16:01,428 [Worker-2: ビルド] INFO  o.a.m.s.f.DefaultMavenResourcesFiltering - Copying 1 resource from src\main\resources to target\classes
2025-11-19 21:16:01,436 [Worker-2: ビルド] INFO  o.a.m.s.f.DefaultMavenResourcesFiltering - skip non existing resourceDirectory C:\Users\Yu-Ma_WPC\Terakoya_Study\spring_boot\samuraitravel\src\test\resources
2025-11-19 21:16:30,113 [Worker-21: ビルド] INFO  o.a.m.s.f.DefaultMavenResourcesFiltering - Copying 0 resource from src\main\resources to target\classes
2025-11-19 21:16:30,122 [Worker-21: ビルド] INFO  o.a.m.s.f.DefaultMavenResourcesFiltering - Copying 1 resource from src\main\resources to target\classes
2025-11-19 21:16:30,135 [Worker-21: ビルド] INFO  o.a.m.s.f.DefaultMavenResourcesFiltering - skip non existing resourceDirectory C:\Users\Yu-Ma_WPC\Terakoya_Study\spring_boot\samuraitravel\src\test\resources
2025-11-19 21:37:41,988 [Worker-18: ビルド] INFO  o.a.m.s.f.DefaultMavenResourcesFiltering - Copying 1 resource from src\main\resources to target\classes
2025-11-19 21:37:42,062 [Worker-18: ビルド] INFO  o.a.m.s.f.DefaultMavenResourcesFiltering - Copying 6 resources from src\main\resources to target\classes
2025-11-19 21:37:42,079 [Worker-18: ビルド] INFO  o.a.m.s.f.DefaultMavenResourcesFiltering - skip non existing resourceDirectory C:\Users\Yu-Ma_WPC\Terakoya_Study\spring_boot\samuraitravel\src\test\resources
2025-11-19 21:39:48,114 [Worker-24: ビルド] INFO  o.a.m.s.f.DefaultMavenResourcesFiltering - Copying 1 resource from src\main\resources to target\classes
2025-11-19 21:39:48,123 [Worker-24: ビルド] INFO  o.a.m.s.f.DefaultMavenResourcesFiltering - Copying 6 resources from src\main\resources to target\classes
2025-11-19 21:39:48,129 [Worker-24: ビルド] INFO  o.a.m.s.f.DefaultMavenResourcesFiltering - skip non existing resourceDirectory C:\Users\Yu-Ma_WPC\Terakoya_Study\spring_boot\samuraitravel\src\test\resources
2025-11-19 21:41:26,977 [Worker-23: ビルド] INFO  o.a.m.s.f.DefaultMavenResourcesFiltering - Copying 1 resource from src\main\resources to target\classes
2025-11-19 21:41:26,985 [Worker-23: ビルド] INFO  o.a.m.s.f.DefaultMavenResourcesFiltering - Copying 6 resources from src\main\resources to target\classes
2025-11-19 21:41:26,991 [Worker-23: ビルド] INFO  o.a.m.s.f.DefaultMavenResourcesFiltering - skip non existing resourceDirectory C:\Users\Yu-Ma_WPC\Terakoya_Study\spring_boot\samuraitravel\src\test\resources
2025-11-19 22:09:22,015 [Worker-31: ビルド] INFO  o.a.m.s.f.DefaultMavenResourcesFiltering - Copying 1 resource from src\main\resources to target\classes
2025-11-19 22:09:22,028 [Worker-31: ビルド] INFO  o.a.m.s.f.DefaultMavenResourcesFiltering - Copying 6 resources from src\main\resources to target\classes
2025-11-19 22:09:22,038 [Worker-31: ビルド] INFO  o.a.m.s.f.DefaultMavenResourcesFiltering - skip non existing resourceDirectory C:\Users\Yu-Ma_WPC\Terakoya_Study\spring_boot\samuraitravel\src\test\resources
2025-11-19 22:09:46,894 [Worker-29: ビルド] INFO  o.a.m.s.f.DefaultMavenResourcesFiltering - Copying 1 resource from src\main\resources to target\classes
2025-11-19 22:09:46,903 [Worker-29: ビルド] INFO  o.a.m.s.f.DefaultMavenResourcesFiltering - Copying 6 resources from src\main\resources to target\classes
2025-11-19 22:09:46,910 [Worker-29: ビルド] INFO  o.a.m.s.f.DefaultMavenResourcesFiltering - skip non existing resourceDirectory C:\Users\Yu-Ma_WPC\Terakoya_Study\spring_boot\samuraitravel\src\test\resources
2025-11-19 22:10:35,450 [Worker-30: ビルド] INFO  o.a.m.s.f.DefaultMavenResourcesFiltering - Copying 1 resource from src\main\resources to target\classes
2025-11-19 22:10:35,455 [Worker-30: ビルド] INFO  o.a.m.s.f.DefaultMavenResourcesFiltering - Copying 6 resources from src\main\resources to target\classes
2025-11-19 22:10:35,461 [Worker-30: ビルド] INFO  o.a.m.s.f.DefaultMavenResourcesFiltering - skip non existing resourceDirectory C:\Users\Yu-Ma_WPC\Terakoya_Study\spring_boot\samuraitravel\src\test\resources
2025-11-23 22:36:18,301 [Worker-7: Loading available Gradle versions] INFO  o.e.b.c.i.u.g.PublishedGradleVersions - Gradle version information cache is out-of-date. Trying to update.
2025-11-23 22:36:57,704 [Worker-6: Loading available Gradle versions] INFO  o.e.b.c.i.u.g.PublishedGradleVersions - Gradle version information cache is up-to-date. Trying to read.
2025-11-24 00:14:47,810 [Worker-19: ビルド] INFO  o.a.m.s.f.DefaultMavenResourcesFiltering - Copying 1 resource from src\main\resources to target\classes
2025-11-24 00:14:47,826 [Worker-19: ビルド] INFO  o.a.m.s.f.DefaultMavenResourcesFiltering - Copying 6 resources from src\main\resources to target\classes
2025-11-24 00:14:47,858 [Worker-19: ビルド] INFO  o.a.m.s.f.DefaultMavenResourcesFiltering - skip non existing resourceDirectory C:\Users\Yu-Ma_WPC\Terakoya_Study\spring_boot\samuraitravel\src\test\resources
2025-11-24 00:15:27,180 [Worker-1: ビルド] INFO  o.a.m.s.f.DefaultMavenResourcesFiltering - Copying 1 resource from src\main\resources to target\classes
2025-11-24 00:15:27,185 [Worker-1: ビルド] INFO  o.a.m.s.f.DefaultMavenResourcesFiltering - Copying 6 resources from src\main\resources to target\classes
2025-11-24 00:15:27,190 [Worker-1: ビルド] INFO  o.a.m.s.f.DefaultMavenResourcesFiltering - skip non existing resourceDirectory C:\Users\Yu-Ma_WPC\Terakoya_Study\spring_boot\samuraitravel\src\test\resources
2025-11-24 00:15:48,097 [Worker-1: ビルド] INFO  o.a.m.s.f.DefaultMavenResourcesFiltering - Copying 1 resource from src\main\resources to target\classes
2025-11-24 00:15:48,101 [Worker-1: ビルド] INFO  o.a.m.s.f.DefaultMavenResourcesFiltering - Copying 6 resources from src\main\resources to target\classes
2025-11-24 00:15:48,107 [Worker-1: ビルド] INFO  o.a.m.s.f.DefaultMavenResourcesFiltering - skip non existing resourceDirectory C:\Users\Yu-Ma_WPC\Terakoya_Study\spring_boot\samuraitravel\src\test\resources
2025-11-24 00:16:46,451 [Worker-13: ビルド] INFO  o.a.m.s.f.DefaultMavenResourcesFiltering - Copying 1 resource from src\main\resources to target\classes
2025-11-24 00:16:46,457 [Worker-13: ビルド] INFO  o.a.m.s.f.DefaultMavenResourcesFiltering - Copying 6 resources from src\main\resources to target\classes
2025-11-24 00:16:46,464 [Worker-13: ビルド] INFO  o.a.m.s.f.DefaultMavenResourcesFiltering - skip non existing resourceDirectory C:\Users\Yu-Ma_WPC\Terakoya_Study\spring_boot\samuraitravel\src\test\resources
2025-11-24 00:20:07,099 [Worker-13: ビルド] INFO  o.a.m.s.f.DefaultMavenResourcesFiltering - Copying 1 resource from src\main\resources to target\classes
2025-11-24 00:20:07,105 [Worker-13: ビルド] INFO  o.a.m.s.f.DefaultMavenResourcesFiltering - Copying 6 resources from src\main\resources to target\classes
2025-11-24 00:20:07,109 [Worker-13: ビルド] INFO  o.a.m.s.f.DefaultMavenResourcesFiltering - skip non existing resourceDirectory C:\Users\Yu-Ma_WPC\Terakoya_Study\spring_boot\samuraitravel\src\test\resources
2025-11-24 00:41:33,115 [Worker-24: ビルド] INFO  o.a.m.s.f.DefaultMavenResourcesFiltering - Copying 1 resource from src\main\resources to target\classes
2025-11-24 00:41:33,121 [Worker-24: ビルド] INFO  o.a.m.s.f.DefaultMavenResourcesFiltering - Copying 6 resources from src\main\resources to target\classes
2025-11-24 00:41:33,126 [Worker-24: ビルド] INFO  o.a.m.s.f.DefaultMavenResourcesFiltering - skip non existing resourceDirectory C:\Users\Yu-Ma_WPC\Terakoya_Study\spring_boot\samuraitravel\src\test\resources
2025-11-24 00:42:35,467 [Worker-24: ビルド] INFO  o.a.m.s.f.DefaultMavenResourcesFiltering - Copying 1 resource from src\main\resources to target\classes
2025-11-24 00:42:35,473 [Worker-24: ビルド] INFO  o.a.m.s.f.DefaultMavenResourcesFiltering - Copying 6 resources from src\main\resources to target\classes
2025-11-24 00:42:35,478 [Worker-24: ビルド] INFO  o.a.m.s.f.DefaultMavenResourcesFiltering - skip non existing resourceDirectory C:\Users\Yu-Ma_WPC\Terakoya_Study\spring_boot\samuraitravel\src\test\resources
2025-11-24 00:45:33,455 [Worker-22: ビルド] INFO  o.a.m.s.f.DefaultMavenResourcesFiltering - Copying 0 resource from src\main\resources to target\classes
2025-11-24 00:45:33,458 [Worker-22: ビルド] INFO  o.a.m.s.f.DefaultMavenResourcesFiltering - Copying 1 resource from src\main\resources to target\classes
2025-11-24 00:45:33,465 [Worker-22: ビルド] INFO  o.a.m.s.f.DefaultMavenResourcesFiltering - skip non existing resourceDirectory C:\Users\Yu-Ma_WPC\Terakoya_Study\spring_boot\samuraitravel\src\test\resources
2025-11-24 00:45:59,933 [Worker-22: ビルド] INFO  o.a.m.s.f.DefaultMavenResourcesFiltering - Copying 0 resource from src\main\resources to target\classes
2025-11-24 00:45:59,936 [Worker-22: ビルド] INFO  o.a.m.s.f.DefaultMavenResourcesFiltering - Copying 1 resource from src\main\resources to target\classes
2025-11-24 00:45:59,941 [Worker-22: ビルド] INFO  o.a.m.s.f.DefaultMavenResourcesFiltering - skip non existing resourceDirectory C:\Users\Yu-Ma_WPC\Terakoya_Study\spring_boot\samuraitravel\src\test\resources
2025-11-24 01:15:48,792 [Worker-28: ビルド] INFO  o.a.m.s.f.DefaultMavenResourcesFiltering - Copying 0 resource from src\main\resources to target\classes
2025-11-24 01:15:48,794 [Worker-28: ビルド] INFO  o.a.m.s.f.DefaultMavenResourcesFiltering - Copying 1 resource from src\main\resources to target\classes
2025-11-24 01:15:48,799 [Worker-28: ビルド] INFO  o.a.m.s.f.DefaultMavenResourcesFiltering - skip non existing resourceDirectory C:\Users\Yu-Ma_WPC\Terakoya_Study\spring_boot\samuraitravel\src\test\resources
2025-11-24 01:19:47,371 [Worker-25: ビルド] INFO  o.a.m.s.f.DefaultMavenResourcesFiltering - Copying 0 resource from src\main\resources to target\classes
2025-11-24 01:19:47,373 [Worker-25: ビルド] INFO  o.a.m.s.f.DefaultMavenResourcesFiltering - Copying 1 resource from src\main\resources to target\classes
2025-11-24 01:19:47,379 [Worker-25: ビルド] INFO  o.a.m.s.f.DefaultMavenResourcesFiltering - skip non existing resourceDirectory C:\Users\Yu-Ma_WPC\Terakoya_Study\spring_boot\samuraitravel\src\test\resources
2025-11-24 01:20:17,566 [Worker-28: ビルド] INFO  o.a.m.s.f.DefaultMavenResourcesFiltering - Copying 0 resource from src\main\resources to target\classes
2025-11-24 01:20:17,569 [Worker-28: ビルド] INFO  o.a.m.s.f.DefaultMavenResourcesFiltering - Copying 1 resource from src\main\resources to target\classes
2025-11-24 01:20:17,575 [Worker-28: ビルド] INFO  o.a.m.s.f.DefaultMavenResourcesFiltering - skip non existing resourceDirectory C:\Users\Yu-Ma_WPC\Terakoya_Study\spring_boot\samuraitravel\src\test\resources
2025-11-24 01:24:21,324 [Worker-29: ビルド] INFO  o.a.m.s.f.DefaultMavenResourcesFiltering - Copying 0 resource from src\main\resources to target\classes
2025-11-24 01:24:21,329 [Worker-29: ビルド] INFO  o.a.m.s.f.DefaultMavenResourcesFiltering - Copying 1 resource from src\main\resources to target\classes
2025-11-24 01:24:21,338 [Worker-29: ビルド] INFO  o.a.m.s.f.DefaultMavenResourcesFiltering - skip non existing resourceDirectory C:\Users\Yu-Ma_WPC\Terakoya_Study\spring_boot\samuraitravel\src\test\resources
2025-11-24 01:26:02,339 [Worker-29: ビルド] INFO  o.a.m.s.f.DefaultMavenResourcesFiltering - Copying 0 resource from src\main\resources to target\classes
2025-11-24 01:26:02,342 [Worker-29: ビルド] INFO  o.a.m.s.f.DefaultMavenResourcesFiltering - Copying 1 resource from src\main\resources to target\classes
2025-11-24 01:26:02,348 [Worker-29: ビルド] INFO  o.a.m.s.f.DefaultMavenResourcesFiltering - skip non existing resourceDirectory C:\Users\Yu-Ma_WPC\Terakoya_Study\spring_boot\samuraitravel\src\test\resources
2025-11-24 01:27:37,515 [Worker-31: ビルド] INFO  o.a.m.s.f.DefaultMavenResourcesFiltering - Copying 0 resource from src\main\resources to target\classes
2025-11-24 01:27:37,518 [Worker-31: ビルド] INFO  o.a.m.s.f.DefaultMavenResourcesFiltering - Copying 1 resource from src\main\resources to target\classes
2025-11-24 01:27:37,523 [Worker-31: ビルド] INFO  o.a.m.s.f.DefaultMavenResourcesFiltering - skip non existing resourceDirectory C:\Users\Yu-Ma_WPC\Terakoya_Study\spring_boot\samuraitravel\src\test\resources
2025-11-24 09:05:26,301 [Worker-4: Loading available Gradle versions] INFO  o.e.b.c.i.u.g.PublishedGradleVersions - Gradle version information cache is up-to-date. Trying to read.
2025-11-24 09:14:34,376 [Worker-12: ビルド] INFO  o.a.m.s.f.DefaultMavenResourcesFiltering - Copying 1 resource from src\main\resources to target\classes
2025-11-24 09:14:34,437 [Worker-12: ビルド] INFO  o.a.m.s.f.DefaultMavenResourcesFiltering - Copying 7 resources from src\main\resources to target\classes
2025-11-24 09:14:34,453 [Worker-12: ビルド] INFO  o.a.m.s.f.DefaultMavenResourcesFiltering - skip non existing resourceDirectory C:\Users\Yu-Ma_WPC\Terakoya_Study\spring_boot\samuraitravel\src\test\resources
2025-11-24 09:15:02,023 [Worker-12: ビルド] INFO  o.a.m.s.f.DefaultMavenResourcesFiltering - Copying 1 resource from src\main\resources to target\classes
2025-11-24 09:15:02,031 [Worker-12: ビルド] INFO  o.a.m.s.f.DefaultMavenResourcesFiltering - Copying 7 resources from src\main\resources to target\classes
2025-11-24 09:15:02,042 [Worker-12: ビルド] INFO  o.a.m.s.f.DefaultMavenResourcesFiltering - skip non existing resourceDirectory C:\Users\Yu-Ma_WPC\Terakoya_Study\spring_boot\samuraitravel\src\test\resources
2025-11-24 09:24:11,870 [Worker-17: ビルド] INFO  o.a.m.s.f.DefaultMavenResourcesFiltering - Copying 1 resource from src\main\resources to target\classes
2025-11-24 09:24:11,881 [Worker-17: ビルド] INFO  o.a.m.s.f.DefaultMavenResourcesFiltering - Copying 7 resources from src\main\resources to target\classes
2025-11-24 09:24:11,889 [Worker-17: ビルド] INFO  o.a.m.s.f.DefaultMavenResourcesFiltering - skip non existing resourceDirectory C:\Users\Yu-Ma_WPC\Terakoya_Study\spring_boot\samuraitravel\src\test\resources
2025-11-24 09:24:43,928 [Worker-6: ビルド] INFO  o.a.m.s.f.DefaultMavenResourcesFiltering - Copying 1 resource from src\main\resources to target\classes
2025-11-24 09:24:43,936 [Worker-6: ビルド] INFO  o.a.m.s.f.DefaultMavenResourcesFiltering - Copying 7 resources from src\main\resources to target\classes
2025-11-24 09:24:43,945 [Worker-6: ビルド] INFO  o.a.m.s.f.DefaultMavenResourcesFiltering - skip non existing resourceDirectory C:\Users\Yu-Ma_WPC\Terakoya_Study\spring_boot\samuraitravel\src\test\resources
2025-11-24 09:26:51,360 [Worker-17: ビルド] INFO  o.a.m.s.f.DefaultMavenResourcesFiltering - Copying 1 resource from src\main\resources to target\classes
2025-11-24 09:26:51,368 [Worker-17: ビルド] INFO  o.a.m.s.f.DefaultMavenResourcesFiltering - Copying 7 resources from src\main\resources to target\classes
2025-11-24 09:26:51,376 [Worker-17: ビルド] INFO  o.a.m.s.f.DefaultMavenResourcesFiltering - skip non existing resourceDirectory C:\Users\Yu-Ma_WPC\Terakoya_Study\spring_boot\samuraitravel\src\test\resources
2025-11-24 09:28:34,111 [Worker-16: ビルド] INFO  o.a.m.s.f.DefaultMavenResourcesFiltering - Copying 1 resource from src\main\resources to target\classes
2025-11-24 09:28:34,118 [Worker-16: ビルド] INFO  o.a.m.s.f.DefaultMavenResourcesFiltering - Copying 7 resources from src\main\resources to target\classes
2025-11-24 09:28:34,138 [Worker-16: ビルド] INFO  o.a.m.s.f.DefaultMavenResourcesFiltering - skip non existing resourceDirectory C:\Users\Yu-Ma_WPC\Terakoya_Study\spring_boot\samuraitravel\src\test\resources
2025-11-24 09:28:47,343 [Worker-16: ビルド] INFO  o.a.m.s.f.DefaultMavenResourcesFiltering - Copying 1 resource from src\main\resources to target\classes
2025-11-24 09:28:47,351 [Worker-16: ビルド] INFO  o.a.m.s.f.DefaultMavenResourcesFiltering - Copying 7 resources from src\main\resources to target\classes
2025-11-24 09:28:47,360 [Worker-16: ビルド] INFO  o.a.m.s.f.DefaultMavenResourcesFiltering - skip non existing resourceDirectory C:\Users\Yu-Ma_WPC\Terakoya_Study\spring_boot\samuraitravel\src\test\resources
2025-11-24 09:32:40,010 [Worker-23: ビルド] INFO  o.a.m.s.f.DefaultMavenResourcesFiltering - Copying 1 resource from src\main\resources to target\classes
2025-11-24 09:32:40,020 [Worker-23: ビルド] INFO  o.a.m.s.f.DefaultMavenResourcesFiltering - Copying 7 resources from src\main\resources to target\classes
2025-11-24 09:32:40,033 [Worker-23: ビルド] INFO  o.a.m.s.f.DefaultMavenResourcesFiltering - skip non existing resourceDirectory C:\Users\Yu-Ma_WPC\Terakoya_Study\spring_boot\samuraitravel\src\test\resources
2025-11-24 09:33:13,204 [Worker-23: ビルド] INFO  o.a.m.s.f.DefaultMavenResourcesFiltering - Copying 0 resource from src\main\resources to target\classes
2025-11-24 09:33:13,208 [Worker-23: ビルド] INFO  o.a.m.s.f.DefaultMavenResourcesFiltering - Copying 1 resource from src\main\resources to target\classes
2025-11-24 09:33:13,214 [Worker-23: ビルド] INFO  o.a.m.s.f.DefaultMavenResourcesFiltering - skip non existing resourceDirectory C:\Users\Yu-Ma_WPC\Terakoya_Study\spring_boot\samuraitravel\src\test\resources
2025-11-24 09:33:39,300 [Worker-20: ビルド] INFO  o.a.m.s.f.DefaultMavenResourcesFiltering - Copying 0 resource from src\main\resources to target\classes
2025-11-24 09:33:39,304 [Worker-20: ビルド] INFO  o.a.m.s.f.DefaultMavenResourcesFiltering - Copying 1 resource from src\main\resources to target\classes
2025-11-24 09:33:39,314 [Worker-20: ビルド] INFO  o.a.m.s.f.DefaultMavenResourcesFiltering - skip non existing resourceDirectory C:\Users\Yu-Ma_WPC\Terakoya_Study\spring_boot\samuraitravel\src\test\resources
2025-11-24 09:40:43,344 [Worker-17: ビルド] INFO  o.a.m.s.f.DefaultMavenResourcesFiltering - Copying 0 resource from src\main\resources to target\classes
2025-11-24 09:40:43,351 [Worker-17: ビルド] INFO  o.a.m.s.f.DefaultMavenResourcesFiltering - Copying 1 resource from src\main\resources to target\classes
2025-11-24 09:40:43,362 [Worker-17: ビルド] INFO  o.a.m.s.f.DefaultMavenResourcesFiltering - skip non existing resourceDirectory C:\Users\Yu-Ma_WPC\Terakoya_Study\spring_boot\samuraitravel\src\test\resources
2025-11-24 09:41:43,201 [Worker-6: ビルド] INFO  o.a.m.s.f.DefaultMavenResourcesFiltering - Copying 0 resource from src\main\resources to target\classes
2025-11-24 09:41:43,206 [Worker-6: ビルド] INFO  o.a.m.s.f.DefaultMavenResourcesFiltering - Copying 1 resource from src\main\resources to target\classes
2025-11-24 09:41:43,213 [Worker-6: ビルド] INFO  o.a.m.s.f.DefaultMavenResourcesFiltering - skip non existing resourceDirectory C:\Users\Yu-Ma_WPC\Terakoya_Study\spring_boot\samuraitravel\src\test\resources
2025-11-24 09:42:20,477 [Worker-20: ビルド] INFO  o.a.m.s.f.DefaultMavenResourcesFiltering - Copying 0 resource from src\main\resources to target\classes
2025-11-24 09:42:20,489 [Worker-20: ビルド] INFO  o.a.m.s.f.DefaultMavenResourcesFiltering - Copying 1 resource from src\main\resources to target\classes
2025-11-24 09:42:20,501 [Worker-20: ビルド] INFO  o.a.m.s.f.DefaultMavenResourcesFiltering - skip non existing resourceDirectory C:\Users\Yu-Ma_WPC\Terakoya_Study\spring_boot\samuraitravel\src\test\resources
2025-11-24 09:45:45,756 [Worker-24: ビルド] INFO  o.a.m.s.f.DefaultMavenResourcesFiltering - Copying 1 resource from src\main\resources to target\classes
2025-11-24 09:45:45,768 [Worker-24: ビルド] INFO  o.a.m.s.f.DefaultMavenResourcesFiltering - Copying 8 resources from src\main\resources to target\classes
2025-11-24 09:45:45,781 [Worker-24: ビルド] INFO  o.a.m.s.f.DefaultMavenResourcesFiltering - skip non existing resourceDirectory C:\Users\Yu-Ma_WPC\Terakoya_Study\spring_boot\samuraitravel\src\test\resources
2025-11-24 10:03:55,378 [Worker-24: ビルド] INFO  o.a.m.s.f.DefaultMavenResourcesFiltering - Copying 1 resource from src\main\resources to target\classes
2025-11-24 10:03:55,391 [Worker-24: ビルド] INFO  o.a.m.s.f.DefaultMavenResourcesFiltering - Copying 8 resources from src\main\resources to target\classes
2025-11-24 10:03:55,403 [Worker-24: ビルド] INFO  o.a.m.s.f.DefaultMavenResourcesFiltering - skip non existing resourceDirectory C:\Users\Yu-Ma_WPC\Terakoya_Study\spring_boot\samuraitravel\src\test\resources
2025-11-24 10:04:58,524 [Worker-29: ビルド] INFO  o.a.m.s.f.DefaultMavenResourcesFiltering - Copying 1 resource from src\main\resources to target\classes
2025-11-24 10:04:58,548 [Worker-29: ビルド] INFO  o.a.m.s.f.DefaultMavenResourcesFiltering - Copying 8 resources from src\main\resources to target\classes
2025-11-24 10:04:58,563 [Worker-29: ビルド] INFO  o.a.m.s.f.DefaultMavenResourcesFiltering - skip non existing resourceDirectory C:\Users\Yu-Ma_WPC\Terakoya_Study\spring_boot\samuraitravel\src\test\resources
2025-11-24 10:21:20,130 [Worker-31: ビルド] INFO  o.a.m.s.f.DefaultMavenResourcesFiltering - Copying 1 resource from src\main\resources to target\classes
2025-11-24 10:21:20,137 [Worker-31: ビルド] INFO  o.a.m.s.f.DefaultMavenResourcesFiltering - Copying 8 resources from src\main\resources to target\classes
2025-11-24 10:21:20,145 [Worker-31: ビルド] INFO  o.a.m.s.f.DefaultMavenResourcesFiltering - skip non existing resourceDirectory C:\Users\Yu-Ma_WPC\Terakoya_Study\spring_boot\samuraitravel\src\test\resources
2025-11-24 10:47:48,465 [Worker-30: ビルド] INFO  o.a.m.s.f.DefaultMavenResourcesFiltering - Copying 1 resource from src\main\resources to target\classes
2025-11-24 10:47:48,476 [Worker-30: ビルド] INFO  o.a.m.s.f.DefaultMavenResourcesFiltering - Copying 8 resources from src\main\resources to target\classes
2025-11-24 10:47:48,486 [Worker-30: ビルド] INFO  o.a.m.s.f.DefaultMavenResourcesFiltering - skip non existing resourceDirectory C:\Users\Yu-Ma_WPC\Terakoya_Study\spring_boot\samuraitravel\src\test\resources
2025-11-24 10:49:54,331 [Worker-31: ビルド] INFO  o.a.m.s.f.DefaultMavenResourcesFiltering - Copying 1 resource from src\main\resources to target\classes
2025-11-24 10:49:54,357 [Worker-31: ビルド] INFO  o.a.m.s.f.DefaultMavenResourcesFiltering - Copying 8 resources from src\main\resources to target\classes
2025-11-24 10:49:54,373 [Worker-31: ビルド] INFO  o.a.m.s.f.DefaultMavenResourcesFiltering - skip non existing resourceDirectory C:\Users\Yu-Ma_WPC\Terakoya_Study\spring_boot\samuraitravel\src\test\resources
2025-11-24 10:50:00,249 [Worker-30: ビルド] INFO  o.a.m.s.f.DefaultMavenResourcesFiltering - Copying 1 resource from src\main\resources to target\classes
2025-11-24 10:50:00,256 [Worker-30: ビルド] INFO  o.a.m.s.f.DefaultMavenResourcesFiltering - Copying 8 resources from src\main\resources to target\classes
2025-11-24 10:50:00,267 [Worker-30: ビルド] INFO  o.a.m.s.f.DefaultMavenResourcesFiltering - skip non existing resourceDirectory C:\Users\Yu-Ma_WPC\Terakoya_Study\spring_boot\samuraitravel\src\test\resources
2025-11-24 10:50:54,509 [Worker-32: ビルド] INFO  o.a.m.s.f.DefaultMavenResourcesFiltering - Copying 1 resource from src\main\resources to target\classes
2025-11-24 10:50:54,530 [Worker-32: ビルド] INFO  o.a.m.s.f.DefaultMavenResourcesFiltering - Copying 8 resources from src\main\resources to target\classes
2025-11-24 10:50:54,546 [Worker-32: ビルド] INFO  o.a.m.s.f.DefaultMavenResourcesFiltering - skip non existing resourceDirectory C:\Users\Yu-Ma_WPC\Terakoya_Study\spring_boot\samuraitravel\src\test\resources
2025-11-24 12:16:50,760 [Worker-37: ビルド] INFO  o.a.m.s.f.DefaultMavenResourcesFiltering - Copying 1 resource from src\main\resources to target\classes
2025-11-24 12:16:50,767 [Worker-37: ビルド] INFO  o.a.m.s.f.DefaultMavenResourcesFiltering - Copying 8 resources from src\main\resources to target\classes
2025-11-24 12:16:50,780 [Worker-37: ビルド] INFO  o.a.m.s.f.DefaultMavenResourcesFiltering - skip non existing resourceDirectory C:\Users\Yu-Ma_WPC\Terakoya_Study\spring_boot\samuraitravel\src\test\resources
2025-11-24 12:23:45,207 [Worker-36: ビルド] INFO  o.a.m.s.f.DefaultMavenResourcesFiltering - Copying 1 resource from src\main\resources to target\classes
2025-11-24 12:23:45,218 [Worker-36: ビルド] INFO  o.a.m.s.f.DefaultMavenResourcesFiltering - Copying 8 resources from src\main\resources to target\classes
2025-11-24 12:23:45,225 [Worker-36: ビルド] INFO  o.a.m.s.f.DefaultMavenResourcesFiltering - skip non existing resourceDirectory C:\Users\Yu-Ma_WPC\Terakoya_Study\spring_boot\samuraitravel\src\test\resources
2025-11-24 12:27:12,019 [Worker-32: ビルド] INFO  o.a.m.s.f.DefaultMavenResourcesFiltering - Copying 1 resource from src\main\resources to target\classes
2025-11-24 12:27:12,033 [Worker-32: ビルド] INFO  o.a.m.s.f.DefaultMavenResourcesFiltering - Copying 8 resources from src\main\resources to target\classes
2025-11-24 12:27:12,040 [Worker-32: ビルド] INFO  o.a.m.s.f.DefaultMavenResourcesFiltering - skip non existing resourceDirectory C:\Users\Yu-Ma_WPC\Terakoya_Study\spring_boot\samuraitravel\src\test\resources
2025-11-24 12:29:52,861 [Worker-39: ビルド] INFO  o.a.m.s.f.DefaultMavenResourcesFiltering - Copying 0 resource from src\main\resources to target\classes
2025-11-24 12:29:52,864 [Worker-39: ビルド] INFO  o.a.m.s.f.DefaultMavenResourcesFiltering - Copying 1 resource from src\main\resources to target\classes
2025-11-24 12:29:52,870 [Worker-39: ビルド] INFO  o.a.m.s.f.DefaultMavenResourcesFiltering - skip non existing resourceDirectory C:\Users\Yu-Ma_WPC\Terakoya_Study\spring_boot\samuraitravel\src\test\resources
2025-11-24 14:38:52,701 [Worker-42: ビルド] INFO  o.a.m.s.f.DefaultMavenResourcesFiltering - Copying 0 resource from src\main\resources to target\classes
2025-11-24 14:38:52,704 [Worker-42: ビルド] INFO  o.a.m.s.f.DefaultMavenResourcesFiltering - Copying 1 resource from src\main\resources to target\classes
2025-11-24 14:38:52,709 [Worker-42: ビルド] INFO  o.a.m.s.f.DefaultMavenResourcesFiltering - skip non existing resourceDirectory C:\Users\Yu-Ma_WPC\Terakoya_Study\spring_boot\samuraitravel\src\test\resources
2025-11-24 14:46:50,050 [Worker-41: ビルド] INFO  o.a.m.s.f.DefaultMavenResourcesFiltering - Copying 1 resource from src\main\resources to target\classes
2025-11-24 14:46:50,080 [Worker-41: ビルド] INFO  o.a.m.s.f.DefaultMavenResourcesFiltering - Copying 8 resources from src\main\resources to target\classes
2025-11-24 14:46:50,091 [Worker-41: ビルド] INFO  o.a.m.s.f.DefaultMavenResourcesFiltering - skip non existing resourceDirectory C:\Users\Yu-Ma_WPC\Terakoya_Study\spring_boot\samuraitravel\src\test\resources
2025-11-24 14:47:01,066 [Worker-39: ビルド] INFO  o.a.m.s.f.DefaultMavenResourcesFiltering - Copying 1 resource from src\main\resources to target\classes
2025-11-24 14:47:01,070 [Worker-39: ビルド] INFO  o.a.m.s.f.DefaultMavenResourcesFiltering - Copying 8 resources from src\main\resources to target\classes
2025-11-24 14:47:01,078 [Worker-39: ビルド] INFO  o.a.m.s.f.DefaultMavenResourcesFiltering - skip non existing resourceDirectory C:\Users\Yu-Ma_WPC\Terakoya_Study\spring_boot\samuraitravel\src\test\resources
2025-11-24 14:49:56,518 [Worker-44: ビルド] INFO  o.a.m.s.f.DefaultMavenResourcesFiltering - Copying 1 resource from src\main\resources to target\classes
2025-11-24 14:49:56,525 [Worker-44: ビルド] INFO  o.a.m.s.f.DefaultMavenResourcesFiltering - Copying 8 resources from src\main\resources to target\classes
2025-11-24 14:49:56,532 [Worker-44: ビルド] INFO  o.a.m.s.f.DefaultMavenResourcesFiltering - skip non existing resourceDirectory C:\Users\Yu-Ma_WPC\Terakoya_Study\spring_boot\samuraitravel\src\test\resources
2025-11-24 14:50:21,002 [Worker-46: ビルド] INFO  o.a.m.s.f.DefaultMavenResourcesFiltering - Copying 1 resource from src\main\resources to target\classes
2025-11-24 14:50:21,014 [Worker-46: ビルド] INFO  o.a.m.s.f.DefaultMavenResourcesFiltering - Copying 8 resources from src\main\resources to target\classes
2025-11-24 14:50:21,019 [Worker-46: ビルド] INFO  o.a.m.s.f.DefaultMavenResourcesFiltering - skip non existing resourceDirectory C:\Users\Yu-Ma_WPC\Terakoya_Study\spring_boot\samuraitravel\src\test\resources
2025-11-24 14:51:51,110 [Worker-45: ビルド] INFO  o.a.m.s.f.DefaultMavenResourcesFiltering - Copying 1 resource from src\main\resources to target\classes
2025-11-24 14:51:51,121 [Worker-45: ビルド] INFO  o.a.m.s.f.DefaultMavenResourcesFiltering - Copying 8 resources from src\main\resources to target\classes
2025-11-24 14:51:51,127 [Worker-45: ビルド] INFO  o.a.m.s.f.DefaultMavenResourcesFiltering - skip non existing resourceDirectory C:\Users\Yu-Ma_WPC\Terakoya_Study\spring_boot\samuraitravel\src\test\resources
2025-11-24 14:52:03,282 [Worker-41: ビルド] INFO  o.a.m.s.f.DefaultMavenResourcesFiltering - Copying 1 resource from src\main\resources to target\classes
2025-11-24 14:52:03,287 [Worker-41: ビルド] INFO  o.a.m.s.f.DefaultMavenResourcesFiltering - Copying 8 resources from src\main\resources to target\classes
2025-11-24 14:52:03,292 [Worker-41: ビルド] INFO  o.a.m.s.f.DefaultMavenResourcesFiltering - skip non existing resourceDirectory C:\Users\Yu-Ma_WPC\Terakoya_Study\spring_boot\samuraitravel\src\test\resources
2025-11-24 15:03:27,277 [Worker-47: ビルド] INFO  o.a.m.s.f.DefaultMavenResourcesFiltering - Copying 1 resource from src\main\resources to target\classes
2025-11-24 15:03:27,283 [Worker-47: ビルド] INFO  o.a.m.s.f.DefaultMavenResourcesFiltering - Copying 8 resources from src\main\resources to target\classes
2025-11-24 15:03:27,290 [Worker-47: ビルド] INFO  o.a.m.s.f.DefaultMavenResourcesFiltering - skip non existing resourceDirectory C:\Users\Yu-Ma_WPC\Terakoya_Study\spring_boot\samuraitravel\src\test\resources
2025-11-24 15:05:10,003 [Worker-41: ビルド] INFO  o.a.m.s.f.DefaultMavenResourcesFiltering - Copying 1 resource from src\main\resources to target\classes
2025-11-24 15:05:10,007 [Worker-41: ビルド] INFO  o.a.m.s.f.DefaultMavenResourcesFiltering - Copying 8 resources from src\main\resources to target\classes
2025-11-24 15:05:10,012 [Worker-41: ビルド] INFO  o.a.m.s.f.DefaultMavenResourcesFiltering - skip non existing resourceDirectory C:\Users\Yu-Ma_WPC\Terakoya_Study\spring_boot\samuraitravel\src\test\resources
2025-11-24 17:52:09,989 [Worker-57: ビルド] INFO  o.a.m.s.f.DefaultMavenResourcesFiltering - Copying 1 resource from src\main\resources to target\classes
2025-11-24 17:52:09,997 [Worker-57: ビルド] INFO  o.a.m.s.f.DefaultMavenResourcesFiltering - Copying 8 resources from src\main\resources to target\classes
2025-11-24 17:52:10,009 [Worker-57: ビルド] INFO  o.a.m.s.f.DefaultMavenResourcesFiltering - skip non existing resourceDirectory C:\Users\Yu-Ma_WPC\Terakoya_Study\spring_boot\samuraitravel\src\test\resources
2025-11-24 17:53:36,157 [Worker-56: ビルド] INFO  o.a.m.s.f.DefaultMavenResourcesFiltering - Copying 1 resource from src\main\resources to target\classes
2025-11-24 17:53:36,166 [Worker-56: ビルド] INFO  o.a.m.s.f.DefaultMavenResourcesFiltering - Copying 8 resources from src\main\resources to target\classes
2025-11-24 17:53:36,175 [Worker-56: ビルド] INFO  o.a.m.s.f.DefaultMavenResourcesFiltering - skip non existing resourceDirectory C:\Users\Yu-Ma_WPC\Terakoya_Study\spring_boot\samuraitravel\src\test\resources
2025-11-24 17:54:37,029 [Worker-56: ビルド] INFO  o.a.m.s.f.DefaultMavenResourcesFiltering - Copying 1 resource from src\main\resources to target\classes
2025-11-24 17:54:37,037 [Worker-56: ビルド] INFO  o.a.m.s.f.DefaultMavenResourcesFiltering - Copying 8 resources from src\main\resources to target\classes
2025-11-24 17:54:37,042 [Worker-56: ビルド] INFO  o.a.m.s.f.DefaultMavenResourcesFiltering - skip non existing resourceDirectory C:\Users\Yu-Ma_WPC\Terakoya_Study\spring_boot\samuraitravel\src\test\resources
2025-11-24 18:00:32,991 [Worker-56: ビルド] INFO  o.a.m.s.f.DefaultMavenResourcesFiltering - Copying 1 resource from src\main\resources to target\classes
2025-11-24 18:00:33,004 [Worker-56: ビルド] INFO  o.a.m.s.f.DefaultMavenResourcesFiltering - Copying 8 resources from src\main\resources to target\classes
2025-11-24 18:00:33,013 [Worker-56: ビルド] INFO  o.a.m.s.f.DefaultMavenResourcesFiltering - skip non existing resourceDirectory C:\Users\Yu-Ma_WPC\Terakoya_Study\spring_boot\samuraitravel\src\test\resources
2025-11-24 18:00:50,185 [Worker-53: ビルド] INFO  o.a.m.s.f.DefaultMavenResourcesFiltering - Copying 1 resource from src\main\resources to target\classes
2025-11-24 18:00:50,189 [Worker-53: ビルド] INFO  o.a.m.s.f.DefaultMavenResourcesFiltering - Copying 8 resources from src\main\resources to target\classes
2025-11-24 18:00:50,194 [Worker-53: ビルド] INFO  o.a.m.s.f.DefaultMavenResourcesFiltering - skip non existing resourceDirectory C:\Users\Yu-Ma_WPC\Terakoya_Study\spring_boot\samuraitravel\src\test\resources
2025-11-24 18:21:07,248 [Worker-62: ビルド] INFO  o.a.m.s.f.DefaultMavenResourcesFiltering - Copying 1 resource from src\main\resources to target\classes
2025-11-24 18:21:07,263 [Worker-62: ビルド] INFO  o.a.m.s.f.DefaultMavenResourcesFiltering - Copying 8 resources from src\main\resources to target\classes
2025-11-24 18:21:07,271 [Worker-62: ビルド] INFO  o.a.m.s.f.DefaultMavenResourcesFiltering - skip non existing resourceDirectory C:\Users\Yu-Ma_WPC\Terakoya_Study\spring_boot\samuraitravel\src\test\resources
2025-11-24 18:21:30,895 [Worker-59: ビルド] INFO  o.a.m.s.f.DefaultMavenResourcesFiltering - Copying 1 resource from src\main\resources to target\classes
2025-11-24 18:21:30,906 [Worker-59: ビルド] INFO  o.a.m.s.f.DefaultMavenResourcesFiltering - Copying 8 resources from src\main\resources to target\classes
2025-11-24 18:21:30,911 [Worker-59: ビルド] INFO  o.a.m.s.f.DefaultMavenResourcesFiltering - skip non existing resourceDirectory C:\Users\Yu-Ma_WPC\Terakoya_Study\spring_boot\samuraitravel\src\test\resources
2025-11-24 21:19:36,900 [Worker-2: Loading available Gradle versions] INFO  o.e.b.c.i.u.g.PublishedGradleVersions - Gradle version information cache is up-to-date. Trying to read.
2025-11-24 21:26:57,929 [Worker-17: ビルド] INFO  o.a.m.s.f.DefaultMavenResourcesFiltering - Copying 1 resource from src\main\resources to target\classes
2025-11-24 21:26:58,015 [Worker-17: ビルド] INFO  o.a.m.s.f.DefaultMavenResourcesFiltering - Copying 8 resources from src\main\resources to target\classes
2025-11-24 21:26:58,050 [Worker-17: ビルド] INFO  o.a.m.s.f.DefaultMavenResourcesFiltering - skip non existing resourceDirectory C:\Users\Yu-Ma_WPC\Terakoya_Study\spring_boot\samuraitravel\src\test\resources
2025-11-24 21:27:03,461 [Worker-12: ビルド] INFO  o.a.m.s.f.DefaultMavenResourcesFiltering - Copying 1 resource from src\main\resources to target\classes
2025-11-24 21:27:03,471 [Worker-12: ビルド] INFO  o.a.m.s.f.DefaultMavenResourcesFiltering - Copying 8 resources from src\main\resources to target\classes
2025-11-24 21:27:03,482 [Worker-12: ビルド] INFO  o.a.m.s.f.DefaultMavenResourcesFiltering - skip non existing resourceDirectory C:\Users\Yu-Ma_WPC\Terakoya_Study\spring_boot\samuraitravel\src\test\resources
2025-11-24 21:27:10,652 [Worker-13: ビルド] INFO  o.a.m.s.f.DefaultMavenResourcesFiltering - Copying 1 resource from src\main\resources to target\classes
2025-11-24 21:27:10,660 [Worker-13: ビルド] INFO  o.a.m.s.f.DefaultMavenResourcesFiltering - Copying 8 resources from src\main\resources to target\classes
2025-11-24 21:27:10,667 [Worker-13: ビルド] INFO  o.a.m.s.f.DefaultMavenResourcesFiltering - skip non existing resourceDirectory C:\Users\Yu-Ma_WPC\Terakoya_Study\spring_boot\samuraitravel\src\test\resources
2025-11-24 21:31:24,892 [Worker-13: ビルド] INFO  o.a.m.s.f.DefaultMavenResourcesFiltering - Copying 1 resource from src\main\resources to target\classes
2025-11-24 21:31:24,908 [Worker-13: ビルド] INFO  o.a.m.s.f.DefaultMavenResourcesFiltering - Copying 8 resources from src\main\resources to target\classes
2025-11-24 21:31:24,916 [Worker-13: ビルド] INFO  o.a.m.s.f.DefaultMavenResourcesFiltering - skip non existing resourceDirectory C:\Users\Yu-Ma_WPC\Terakoya_Study\spring_boot\samuraitravel\src\test\resources
2025-11-24 21:32:57,840 [Worker-4: ビルド] INFO  o.a.m.s.f.DefaultMavenResourcesFiltering - Copying 1 resource from src\main\resources to target\classes
2025-11-24 21:32:57,855 [Worker-4: ビルド] INFO  o.a.m.s.f.DefaultMavenResourcesFiltering - Copying 8 resources from src\main\resources to target\classes
2025-11-24 21:32:57,871 [Worker-4: ビルド] INFO  o.a.m.s.f.DefaultMavenResourcesFiltering - skip non existing resourceDirectory C:\Users\Yu-Ma_WPC\Terakoya_Study\spring_boot\samuraitravel\src\test\resources
2025-11-24 21:36:15,060 [Worker-18: ビルド] INFO  o.a.m.s.f.DefaultMavenResourcesFiltering - Copying 1 resource from src\main\resources to target\classes
2025-11-24 21:36:15,067 [Worker-18: ビルド] INFO  o.a.m.s.f.DefaultMavenResourcesFiltering - Copying 8 resources from src\main\resources to target\classes
2025-11-24 21:36:15,077 [Worker-18: ビルド] INFO  o.a.m.s.f.DefaultMavenResourcesFiltering - skip non existing resourceDirectory C:\Users\Yu-Ma_WPC\Terakoya_Study\spring_boot\samuraitravel\src\test\resources
2025-11-24 21:37:34,743 [Worker-4: ビルド] INFO  o.a.m.s.f.DefaultMavenResourcesFiltering - Copying 1 resource from src\main\resources to target\classes
2025-11-24 21:37:34,751 [Worker-4: ビルド] INFO  o.a.m.s.f.DefaultMavenResourcesFiltering - Copying 8 resources from src\main\resources to target\classes
2025-11-24 21:37:34,762 [Worker-4: ビルド] INFO  o.a.m.s.f.DefaultMavenResourcesFiltering - skip non existing resourceDirectory C:\Users\Yu-Ma_WPC\Terakoya_Study\spring_boot\samuraitravel\src\test\resources
2025-11-24 21:40:00,099 [Worker-18: ビルド] INFO  o.a.m.s.f.DefaultMavenResourcesFiltering - Copying 1 resource from src\main\resources to target\classes
2025-11-24 21:40:00,110 [Worker-18: ビルド] INFO  o.a.m.s.f.DefaultMavenResourcesFiltering - Copying 8 resources from src\main\resources to target\classes
2025-11-24 21:40:00,141 [Worker-18: ビルド] INFO  o.a.m.s.f.DefaultMavenResourcesFiltering - skip non existing resourceDirectory C:\Users\Yu-Ma_WPC\Terakoya_Study\spring_boot\samuraitravel\src\test\resources
2025-11-24 21:40:55,350 [Worker-16: ビルド] INFO  o.a.m.s.f.DefaultMavenResourcesFiltering - Copying 1 resource from src\main\resources to target\classes
2025-11-24 21:40:55,358 [Worker-16: ビルド] INFO  o.a.m.s.f.DefaultMavenResourcesFiltering - Copying 8 resources from src\main\resources to target\classes
2025-11-24 21:40:55,367 [Worker-16: ビルド] INFO  o.a.m.s.f.DefaultMavenResourcesFiltering - skip non existing resourceDirectory C:\Users\Yu-Ma_WPC\Terakoya_Study\spring_boot\samuraitravel\src\test\resources
2025-11-24 21:50:09,267 [Worker-20: ビルド] INFO  o.a.m.s.f.DefaultMavenResourcesFiltering - Copying 1 resource from src\main\resources to target\classes
2025-11-24 21:50:09,286 [Worker-20: ビルド] INFO  o.a.m.s.f.DefaultMavenResourcesFiltering - Copying 8 resources from src\main\resources to target\classes
2025-11-24 21:50:09,296 [Worker-20: ビルド] INFO  o.a.m.s.f.DefaultMavenResourcesFiltering - skip non existing resourceDirectory C:\Users\Yu-Ma_WPC\Terakoya_Study\spring_boot\samuraitravel\src\test\resources
2025-11-24 21:50:36,397 [Worker-19: ビルド] INFO  o.a.m.s.f.DefaultMavenResourcesFiltering - Copying 0 resource from src\main\resources to target\classes
2025-11-24 21:50:36,404 [Worker-19: ビルド] INFO  o.a.m.s.f.DefaultMavenResourcesFiltering - Copying 1 resource from src\main\resources to target\classes
2025-11-24 21:50:36,411 [Worker-19: ビルド] INFO  o.a.m.s.f.DefaultMavenResourcesFiltering - skip non existing resourceDirectory C:\Users\Yu-Ma_WPC\Terakoya_Study\spring_boot\samuraitravel\src\test\resources
2025-11-24 21:50:50,592 [Worker-16: ビルド] INFO  o.a.m.s.f.DefaultMavenResourcesFiltering - Copying 0 resource from src\main\resources to target\classes
2025-11-24 21:50:50,600 [Worker-16: ビルド] INFO  o.a.m.s.f.DefaultMavenResourcesFiltering - Copying 1 resource from src\main\resources to target\classes
2025-11-24 21:50:50,610 [Worker-16: ビルド] INFO  o.a.m.s.f.DefaultMavenResourcesFiltering - skip non existing resourceDirectory C:\Users\Yu-Ma_WPC\Terakoya_Study\spring_boot\samuraitravel\src\test\resources
2025-11-24 22:10:30,569 [Worker-23: ビルド] INFO  o.a.m.s.f.DefaultMavenResourcesFiltering - Copying 1 resource from src\main\resources to target\classes
2025-11-24 22:10:30,581 [Worker-23: ビルド] INFO  o.a.m.s.f.DefaultMavenResourcesFiltering - Copying 0 resource from src\main\resources to target\classes
2025-11-24 22:10:30,586 [Worker-23: ビルド] INFO  o.a.m.s.f.DefaultMavenResourcesFiltering - skip non existing resourceDirectory C:\Users\Yu-Ma_WPC\Terakoya_Study\spring_boot\samuraitravel\src\test\resources
2025-12-02 21:24:18,856 [Worker-4: Loading available Gradle versions] INFO  o.e.b.c.i.u.g.PublishedGradleVersions - Gradle version information cache is out-of-date. Trying to update.
2025-12-02 21:30:02,528 [Worker-2: ビルド] INFO  o.a.m.s.f.DefaultMavenResourcesFiltering - Copying 1 resource from src\main\resources to target\classes
2025-12-02 21:30:02,617 [Worker-2: ビルド] INFO  o.a.m.s.f.DefaultMavenResourcesFiltering - Copying 9 resources from src\main\resources to target\classes
2025-12-02 21:30:02,663 [Worker-2: ビルド] INFO  o.a.m.s.f.DefaultMavenResourcesFiltering - skip non existing resourceDirectory C:\Users\Yu-Ma_WPC\Terakoya_Study\spring_boot\samuraitravel\src\test\resources
2025-12-02 21:33:11,443 [Worker-16: ビルド] INFO  o.a.m.s.f.DefaultMavenResourcesFiltering - Copying 0 resource from src\main\resources to target\classes
2025-12-02 21:33:11,450 [Worker-16: ビルド] INFO  o.a.m.s.f.DefaultMavenResourcesFiltering - Copying 1 resource from src\main\resources to target\classes
2025-12-02 21:33:11,459 [Worker-16: ビルド] INFO  o.a.m.s.f.DefaultMavenResourcesFiltering - skip non existing resourceDirectory C:\Users\Yu-Ma_WPC\Terakoya_Study\spring_boot\samuraitravel\src\test\resources
2025-12-02 21:40:42,059 [Worker-13: ビルド] INFO  o.a.m.s.f.DefaultMavenResourcesFiltering - Copying 0 resource from src\main\resources to target\classes
2025-12-02 21:40:42,059 [Worker-13: ビルド] INFO  o.a.m.s.f.DefaultMavenResourcesFiltering - Copying 10 resources from src\main\resources to target\classes
2025-12-02 21:40:42,122 [Worker-13: ビルド] INFO  o.a.m.s.f.DefaultMavenResourcesFiltering - skip non existing resourceDirectory C:\Users\Yu-Ma_WPC\Terakoya_Study\spring_boot\samuraitravel\src\test\resources
2025-12-02 21:42:07,520 [Worker-13: ビルド] INFO  o.a.m.s.f.DefaultMavenResourcesFiltering - Copying 1 resource from src\main\resources to target\classes
2025-12-02 21:42:07,529 [Worker-13: ビルド] INFO  o.a.m.s.f.DefaultMavenResourcesFiltering - Copying 19 resources from src\main\resources to target\classes
2025-12-02 21:42:07,545 [Worker-13: ビルド] INFO  o.a.m.s.f.DefaultMavenResourcesFiltering - skip non existing resourceDirectory C:\Users\Yu-Ma_WPC\Terakoya_Study\spring_boot\samuraitravel\src\test\resources
2025-12-02 21:42:43,671 [Worker-13: ビルド] INFO  o.a.m.s.f.DefaultMavenResourcesFiltering - Copying 1 resource from src\main\resources to target\classes
2025-12-02 21:42:43,680 [Worker-13: ビルド] INFO  o.a.m.s.f.DefaultMavenResourcesFiltering - Copying 19 resources from src\main\resources to target\classes
2025-12-02 21:42:43,696 [Worker-13: ビルド] INFO  o.a.m.s.f.DefaultMavenResourcesFiltering - skip non existing resourceDirectory C:\Users\Yu-Ma_WPC\Terakoya_Study\spring_boot\samuraitravel\src\test\resources
2025-12-02 21:43:15,208 [Worker-14: ビルド] INFO  o.a.m.s.f.DefaultMavenResourcesFiltering - Copying 1 resource from src\main\resources to target\classes
2025-12-02 21:43:15,239 [Worker-14: ビルド] INFO  o.a.m.s.f.DefaultMavenResourcesFiltering - Copying 19 resources from src\main\resources to target\classes
2025-12-02 21:43:15,257 [Worker-14: ビルド] INFO  o.a.m.s.f.DefaultMavenResourcesFiltering - skip non existing resourceDirectory C:\Users\Yu-Ma_WPC\Terakoya_Study\spring_boot\samuraitravel\src\test\resources
2025-12-02 21:43:40,624 [Worker-16: ビルド] INFO  o.a.m.s.f.DefaultMavenResourcesFiltering - Copying 1 resource from src\main\resources to target\classes
2025-12-02 21:43:40,640 [Worker-16: ビルド] INFO  o.a.m.s.f.DefaultMavenResourcesFiltering - Copying 19 resources from src\main\resources to target\classes
2025-12-02 21:43:40,674 [Worker-16: ビルド] INFO  o.a.m.s.f.DefaultMavenResourcesFiltering - skip non existing resourceDirectory C:\Users\Yu-Ma_WPC\Terakoya_Study\spring_boot\samuraitravel\src\test\resources
2025-12-02 21:44:32,836 [Worker-19: ビルド] INFO  o.a.m.s.f.DefaultMavenResourcesFiltering - Copying 1 resource from src\main\resources to target\classes
2025-12-02 21:44:32,847 [Worker-19: ビルド] INFO  o.a.m.s.f.DefaultMavenResourcesFiltering - Copying 19 resources from src\main\resources to target\classes
2025-12-02 21:44:32,870 [Worker-19: ビルド] INFO  o.a.m.s.f.DefaultMavenResourcesFiltering - skip non existing resourceDirectory C:\Users\Yu-Ma_WPC\Terakoya_Study\spring_boot\samuraitravel\src\test\resources
2025-12-02 21:44:47,036 [Worker-18: ビルド] INFO  o.a.m.s.f.DefaultMavenResourcesFiltering - Copying 1 resource from src\main\resources to target\classes
2025-12-02 21:44:47,048 [Worker-18: ビルド] INFO  o.a.m.s.f.DefaultMavenResourcesFiltering - Copying 19 resources from src\main\resources to target\classes
2025-12-02 21:44:47,069 [Worker-18: ビルド] INFO  o.a.m.s.f.DefaultMavenResourcesFiltering - skip non existing resourceDirectory C:\Users\Yu-Ma_WPC\Terakoya_Study\spring_boot\samuraitravel\src\test\resources
2025-12-02 21:46:07,622 [Worker-19: ビルド] INFO  o.a.m.s.f.DefaultMavenResourcesFiltering - Copying 1 resource from src\main\resources to target\classes
2025-12-02 21:46:07,632 [Worker-19: ビルド] INFO  o.a.m.s.f.DefaultMavenResourcesFiltering - Copying 19 resources from src\main\resources to target\classes
2025-12-02 21:46:07,654 [Worker-19: ビルド] INFO  o.a.m.s.f.DefaultMavenResourcesFiltering - skip non existing resourceDirectory C:\Users\Yu-Ma_WPC\Terakoya_Study\spring_boot\samuraitravel\src\test\resources
2025-12-02 21:46:23,005 [Worker-19: ビルド] INFO  o.a.m.s.f.DefaultMavenResourcesFiltering - Copying 1 resource from src\main\resources to target\classes
2025-12-02 21:46:23,013 [Worker-19: ビルド] INFO  o.a.m.s.f.DefaultMavenResourcesFiltering - Copying 19 resources from src\main\resources to target\classes
2025-12-02 21:46:23,026 [Worker-19: ビルド] INFO  o.a.m.s.f.DefaultMavenResourcesFiltering - skip non existing resourceDirectory C:\Users\Yu-Ma_WPC\Terakoya_Study\spring_boot\samuraitravel\src\test\resources
2025-12-02 21:47:42,688 [Worker-16: ビルド] INFO  o.a.m.s.f.DefaultMavenResourcesFiltering - Copying 1 resource from src\main\resources to target\classes
2025-12-02 21:47:42,704 [Worker-16: ビルド] INFO  o.a.m.s.f.DefaultMavenResourcesFiltering - Copying 19 resources from src\main\resources to target\classes
2025-12-02 21:47:42,730 [Worker-16: ビルド] INFO  o.a.m.s.f.DefaultMavenResourcesFiltering - skip non existing resourceDirectory C:\Users\Yu-Ma_WPC\Terakoya_Study\spring_boot\samuraitravel\src\test\resources
2025-12-02 21:47:57,427 [Worker-20: ビルド] INFO  o.a.m.s.f.DefaultMavenResourcesFiltering - Copying 1 resource from src\main\resources to target\classes
2025-12-02 21:47:57,451 [Worker-20: ビルド] INFO  o.a.m.s.f.DefaultMavenResourcesFiltering - Copying 19 resources from src\main\resources to target\classes
2025-12-02 21:47:57,471 [Worker-20: ビルド] INFO  o.a.m.s.f.DefaultMavenResourcesFiltering - skip non existing resourceDirectory C:\Users\Yu-Ma_WPC\Terakoya_Study\spring_boot\samuraitravel\src\test\resources
2025-12-02 21:53:14,582 [Worker-19: ビルド] INFO  o.a.m.s.f.DefaultMavenResourcesFiltering - Copying 1 resource from src\main\resources to target\classes
2025-12-02 21:53:14,603 [Worker-19: ビルド] INFO  o.a.m.s.f.DefaultMavenResourcesFiltering - Copying 19 resources from src\main\resources to target\classes
2025-12-02 21:53:14,626 [Worker-19: ビルド] INFO  o.a.m.s.f.DefaultMavenResourcesFiltering - skip non existing resourceDirectory C:\Users\Yu-Ma_WPC\Terakoya_Study\spring_boot\samuraitravel\src\test\resources
2025-12-02 21:54:57,547 [Worker-21: ビルド] INFO  o.a.m.s.f.DefaultMavenResourcesFiltering - Copying 0 resource from src\main\resources to target\classes
2025-12-02 21:54:57,556 [Worker-21: ビルド] INFO  o.a.m.s.f.DefaultMavenResourcesFiltering - Copying 1 resource from src\main\resources to target\classes
2025-12-02 21:54:57,567 [Worker-21: ビルド] INFO  o.a.m.s.f.DefaultMavenResourcesFiltering - skip non existing resourceDirectory C:\Users\Yu-Ma_WPC\Terakoya_Study\spring_boot\samuraitravel\src\test\resources
2025-12-02 21:55:16,591 [Worker-18: ビルド] INFO  o.a.m.s.f.DefaultMavenResourcesFiltering - Copying 0 resource from src\main\resources to target\classes
2025-12-02 21:55:16,605 [Worker-18: ビルド] INFO  o.a.m.s.f.DefaultMavenResourcesFiltering - Copying 1 resource from src\main\resources to target\classes
2025-12-02 21:55:16,619 [Worker-18: ビルド] INFO  o.a.m.s.f.DefaultMavenResourcesFiltering - skip non existing resourceDirectory C:\Users\Yu-Ma_WPC\Terakoya_Study\spring_boot\samuraitravel\src\test\resources
2025-12-02 22:02:29,100 [Worker-21: ビルド] INFO  o.a.m.s.f.DefaultMavenResourcesFiltering - Copying 0 resource from src\main\resources to target\classes
2025-12-02 22:02:29,108 [Worker-21: ビルド] INFO  o.a.m.s.f.DefaultMavenResourcesFiltering - Copying 1 resource from src\main\resources to target\classes
2025-12-02 22:02:29,115 [Worker-21: ビルド] INFO  o.a.m.s.f.DefaultMavenResourcesFiltering - skip non existing resourceDirectory C:\Users\Yu-Ma_WPC\Terakoya_Study\spring_boot\samuraitravel\src\test\resources
2025-12-02 22:04:09,176 [Worker-18: ビルド] INFO  o.a.m.s.f.DefaultMavenResourcesFiltering - Copying 0 resource from src\main\resources to target\classes
2025-12-02 22:04:09,188 [Worker-18: ビルド] INFO  o.a.m.s.f.DefaultMavenResourcesFiltering - Copying 1 resource from src\main\resources to target\classes
2025-12-02 22:04:09,198 [Worker-18: ビルド] INFO  o.a.m.s.f.DefaultMavenResourcesFiltering - skip non existing resourceDirectory C:\Users\Yu-Ma_WPC\Terakoya_Study\spring_boot\samuraitravel\src\test\resources
2025-12-02 22:06:03,241 [Worker-21: ビルド] INFO  o.a.m.s.f.DefaultMavenResourcesFiltering - Copying 1 resource from src\main\resources to target\classes
2025-12-02 22:06:03,256 [Worker-21: ビルド] INFO  o.a.m.s.f.DefaultMavenResourcesFiltering - Copying 20 resources from src\main\resources to target\classes
2025-12-02 22:06:03,280 [Worker-21: ビルド] INFO  o.a.m.s.f.DefaultMavenResourcesFiltering - skip non existing resourceDirectory C:\Users\Yu-Ma_WPC\Terakoya_Study\spring_boot\samuraitravel\src\test\resources
2025-12-02 22:12:32,563 [Worker-23: ビルド] INFO  o.a.m.s.f.DefaultMavenResourcesFiltering - Copying 1 resource from src\main\resources to target\classes
2025-12-02 22:12:32,599 [Worker-23: ビルド] INFO  o.a.m.s.f.DefaultMavenResourcesFiltering - Copying 0 resource from src\main\resources to target\classes
2025-12-02 22:12:32,613 [Worker-23: ビルド] INFO  o.a.m.s.f.DefaultMavenResourcesFiltering - skip non existing resourceDirectory C:\Users\Yu-Ma_WPC\Terakoya_Study\spring_boot\samuraitravel\src\test\resources
2025-12-02 22:13:02,601 [Worker-22: ビルド] INFO  o.a.m.s.f.DefaultMavenResourcesFiltering - Copying 1 resource from src\main\resources to target\classes
2025-12-02 22:13:02,615 [Worker-22: ビルド] INFO  o.a.m.s.f.DefaultMavenResourcesFiltering - Copying 0 resource from src\main\resources to target\classes
2025-12-02 22:13:02,626 [Worker-22: ビルド] INFO  o.a.m.s.f.DefaultMavenResourcesFiltering - skip non existing resourceDirectory C:\Users\Yu-Ma_WPC\Terakoya_Study\spring_boot\samuraitravel\src\test\resources
2025-12-02 22:15:41,010 [Worker-26: ビルド] INFO  o.a.m.s.f.DefaultMavenResourcesFiltering - Copying 0 resource from src\main\resources to target\classes
2025-12-02 22:15:41,024 [Worker-26: ビルド] INFO  o.a.m.s.f.DefaultMavenResourcesFiltering - Copying 0 resource from src\main\resources to target\classes
2025-12-02 22:15:41,035 [Worker-26: ビルド] INFO  o.a.m.s.f.DefaultMavenResourcesFiltering - skip non existing resourceDirectory C:\Users\Yu-Ma_WPC\Terakoya_Study\spring_boot\samuraitravel\src\test\resources
2025-12-02 22:16:35,734 [Worker-26: ビルド] INFO  o.a.m.s.f.DefaultMavenResourcesFiltering - Copying 0 resource from src\main\resources to target\classes
2025-12-02 22:16:35,745 [Worker-26: ビルド] INFO  o.a.m.s.f.DefaultMavenResourcesFiltering - Copying 0 resource from src\main\resources to target\classes
2025-12-02 22:16:35,753 [Worker-26: ビルド] INFO  o.a.m.s.f.DefaultMavenResourcesFiltering - skip non existing resourceDirectory C:\Users\Yu-Ma_WPC\Terakoya_Study\spring_boot\samuraitravel\src\test\resources
2025-12-02 22:53:49,836 [Worker-27: ビルド] INFO  o.a.m.s.f.DefaultMavenResourcesFiltering - Copying 0 resource from src\main\resources to target\classes
2025-12-02 22:53:49,841 [Worker-27: ビルド] INFO  o.a.m.s.f.DefaultMavenResourcesFiltering - Copying 0 resource from src\main\resources to target\classes
2025-12-02 22:53:49,845 [Worker-27: ビルド] INFO  o.a.m.s.f.DefaultMavenResourcesFiltering - skip non existing resourceDirectory C:\Users\Yu-Ma_WPC\Terakoya_Study\spring_boot\samuraitravel\src\test\resources
2025-12-12 12:26:32,489 [Worker-2: Loading available Gradle versions] INFO  o.e.b.c.i.u.g.PublishedGradleVersions - Gradle version information cache is out-of-date. Trying to update.
2025-12-12 12:31:00,912 [Worker-19: ビルド] INFO  o.a.m.s.f.DefaultMavenResourcesFiltering - Copying 2 resources from src\main\resources to target\classes
2025-12-12 12:31:00,954 [Worker-19: ビルド] INFO  o.a.m.s.f.DefaultMavenResourcesFiltering - Copying 20 resources from src\main\resources to target\classes
2025-12-12 12:31:00,973 [Worker-19: ビルド] INFO  o.a.m.s.f.DefaultMavenResourcesFiltering - skip non existing resourceDirectory C:\Users\Yu-Ma_WPC\Terakoya_Study\spring_boot\samuraitravel\src\test\resources
2025-12-12 12:31:03,919 [Worker-19: ビルド] INFO  o.a.m.s.f.DefaultMavenResourcesFiltering - Copying 2 resources from src\main\resources to target\classes
2025-12-12 12:31:03,927 [Worker-19: ビルド] INFO  o.a.m.s.f.DefaultMavenResourcesFiltering - Copying 20 resources from src\main\resources to target\classes
2025-12-12 12:31:03,935 [Worker-19: ビルド] INFO  o.a.m.s.f.DefaultMavenResourcesFiltering - skip non existing resourceDirectory C:\Users\Yu-Ma_WPC\Terakoya_Study\spring_boot\samuraitravel\src\test\resources
2025-12-12 12:32:21,226 [Worker-5: ビルド] INFO  o.a.m.s.f.DefaultMavenResourcesFiltering - Copying 2 resources from src\main\resources to target\classes
2025-12-12 12:32:21,238 [Worker-5: ビルド] INFO  o.a.m.s.f.DefaultMavenResourcesFiltering - Copying 20 resources from src\main\resources to target\classes
2025-12-12 12:32:21,254 [Worker-5: ビルド] INFO  o.a.m.s.f.DefaultMavenResourcesFiltering - skip non existing resourceDirectory C:\Users\Yu-Ma_WPC\Terakoya_Study\spring_boot\samuraitravel\src\test\resources
2025-12-12 12:32:48,837 [Worker-3: ビルド] INFO  o.a.m.s.f.DefaultMavenResourcesFiltering - Copying 2 resources from src\main\resources to target\classes
2025-12-12 12:32:48,845 [Worker-3: ビルド] INFO  o.a.m.s.f.DefaultMavenResourcesFiltering - Copying 20 resources from src\main\resources to target\classes
2025-12-12 12:32:48,854 [Worker-3: ビルド] INFO  o.a.m.s.f.DefaultMavenResourcesFiltering - skip non existing resourceDirectory C:\Users\Yu-Ma_WPC\Terakoya_Study\spring_boot\samuraitravel\src\test\resources
2025-12-12 12:39:53,828 [Worker-3: ビルド] INFO  o.a.m.s.f.DefaultMavenResourcesFiltering - Copying 2 resources from src\main\resources to target\classes
2025-12-12 12:39:53,845 [Worker-3: ビルド] INFO  o.a.m.s.f.DefaultMavenResourcesFiltering - Copying 20 resources from src\main\resources to target\classes
2025-12-12 12:39:53,861 [Worker-3: ビルド] INFO  o.a.m.s.f.DefaultMavenResourcesFiltering - skip non existing resourceDirectory C:\Users\Yu-Ma_WPC\Terakoya_Study\spring_boot\samuraitravel\src\test\resources
2025-12-12 12:41:10,419 [Worker-24: ビルド] INFO  o.a.m.s.f.DefaultMavenResourcesFiltering - Copying 2 resources from src\main\resources to target\classes
2025-12-12 12:41:10,432 [Worker-24: ビルド] INFO  o.a.m.s.f.DefaultMavenResourcesFiltering - Copying 20 resources from src\main\resources to target\classes
2025-12-12 12:41:10,446 [Worker-24: ビルド] INFO  o.a.m.s.f.DefaultMavenResourcesFiltering - skip non existing resourceDirectory C:\Users\Yu-Ma_WPC\Terakoya_Study\spring_boot\samuraitravel\src\test\resources
2025-12-12 12:41:54,362 [Worker-23: ビルド] INFO  o.a.m.s.f.DefaultMavenResourcesFiltering - Copying 2 resources from src\main\resources to target\classes
2025-12-12 12:41:54,373 [Worker-23: ビルド] INFO  o.a.m.s.f.DefaultMavenResourcesFiltering - Copying 20 resources from src\main\resources to target\classes
2025-12-12 12:41:54,383 [Worker-23: ビルド] INFO  o.a.m.s.f.DefaultMavenResourcesFiltering - skip non existing resourceDirectory C:\Users\Yu-Ma_WPC\Terakoya_Study\spring_boot\samuraitravel\src\test\resources
2025-12-12 12:43:42,893 [Worker-24: ビルド] INFO  o.a.m.s.f.DefaultMavenResourcesFiltering - Copying 0 resource from src\main\resources to target\classes
2025-12-12 12:43:42,899 [Worker-24: ビルド] INFO  o.a.m.s.f.DefaultMavenResourcesFiltering - Copying 1 resource from src\main\resources to target\classes
2025-12-12 12:43:42,907 [Worker-24: ビルド] INFO  o.a.m.s.f.DefaultMavenResourcesFiltering - skip non existing resourceDirectory C:\Users\Yu-Ma_WPC\Terakoya_Study\spring_boot\samuraitravel\src\test\resources
2025-12-12 12:58:34,319 [Worker-25: ビルド] INFO  o.a.m.s.f.DefaultMavenResourcesFiltering - Copying 2 resources from src\main\resources to target\classes
2025-12-12 12:58:34,342 [Worker-25: ビルド] INFO  o.a.m.s.f.DefaultMavenResourcesFiltering - Copying 20 resources from src\main\resources to target\classes
2025-12-12 12:58:34,352 [Worker-25: ビルド] INFO  o.a.m.s.f.DefaultMavenResourcesFiltering - skip non existing resourceDirectory C:\Users\Yu-Ma_WPC\Terakoya_Study\spring_boot\samuraitravel\src\test\resources
2025-12-12 13:07:56,635 [Worker-25: ビルド] INFO  o.a.m.s.f.DefaultMavenResourcesFiltering - Copying 0 resource from src\main\resources to target\classes
2025-12-12 13:07:56,640 [Worker-25: ビルド] INFO  o.a.m.s.f.DefaultMavenResourcesFiltering - Copying 1 resource from src\main\resources to target\classes
2025-12-12 13:07:56,645 [Worker-25: ビルド] INFO  o.a.m.s.f.DefaultMavenResourcesFiltering - skip non existing resourceDirectory C:\Users\Yu-Ma_WPC\Terakoya_Study\spring_boot\samuraitravel\src\test\resources
2025-12-12 13:46:46,701 [Worker-28: ビルド] INFO  o.a.m.s.f.DefaultMavenResourcesFiltering - Copying 0 resource from src\main\resources to target\classes
2025-12-12 13:46:46,706 [Worker-28: ビルド] INFO  o.a.m.s.f.DefaultMavenResourcesFiltering - Copying 1 resource from src\main\resources to target\classes
2025-12-12 13:46:46,712 [Worker-28: ビルド] INFO  o.a.m.s.f.DefaultMavenResourcesFiltering - skip non existing resourceDirectory C:\Users\Yu-Ma_WPC\Terakoya_Study\spring_boot\samuraitravel\src\test\resources
2025-12-12 14:55:02,961 [Worker-1: Loading available Gradle versions] INFO  o.e.b.c.i.u.g.PublishedGradleVersions - Gradle version information cache is up-to-date. Trying to read.
2025-12-12 15:03:54,281 [Worker-3: ビルド] INFO  o.a.m.s.f.DefaultMavenResourcesFiltering - Copying 2 resources from src\main\resources to target\classes
2025-12-12 15:03:54,295 [Worker-3: ビルド] INFO  o.a.m.s.f.DefaultMavenResourcesFiltering - Copying 20 resources from src\main\resources to target\classes
2025-12-12 15:03:54,311 [Worker-3: ビルド] INFO  o.a.m.s.f.DefaultMavenResourcesFiltering - skip non existing resourceDirectory C:\Users\Yu-Ma_WPC\Terakoya_Study\spring_boot\samuraitravel\src\test\resources
2025-12-12 15:08:56,469 [Worker-15: ビルド] INFO  o.a.m.s.f.DefaultMavenResourcesFiltering - Copying 2 resources from src\main\resources to target\classes
2025-12-12 15:08:56,481 [Worker-15: ビルド] INFO  o.a.m.s.f.DefaultMavenResourcesFiltering - Copying 20 resources from src\main\resources to target\classes
2025-12-12 15:08:56,491 [Worker-15: ビルド] INFO  o.a.m.s.f.DefaultMavenResourcesFiltering - skip non existing resourceDirectory C:\Users\Yu-Ma_WPC\Terakoya_Study\spring_boot\samuraitravel\src\test\resources
2025-12-12 15:10:34,965 [Worker-3: ビルド] INFO  o.a.m.s.f.DefaultMavenResourcesFiltering - Copying 2 resources from src\main\resources to target\classes
2025-12-12 15:10:34,974 [Worker-3: ビルド] INFO  o.a.m.s.f.DefaultMavenResourcesFiltering - Copying 20 resources from src\main\resources to target\classes
2025-12-12 15:10:34,983 [Worker-3: ビルド] INFO  o.a.m.s.f.DefaultMavenResourcesFiltering - skip non existing resourceDirectory C:\Users\Yu-Ma_WPC\Terakoya_Study\spring_boot\samuraitravel\src\test\resources
2025-12-12 15:14:23,340 [Worker-8: ビルド] INFO  o.a.m.s.f.DefaultMavenResourcesFiltering - Copying 2 resources from src\main\resources to target\classes
2025-12-12 15:14:23,355 [Worker-8: ビルド] INFO  o.a.m.s.f.DefaultMavenResourcesFiltering - Copying 20 resources from src\main\resources to target\classes
2025-12-12 15:14:23,364 [Worker-8: ビルド] INFO  o.a.m.s.f.DefaultMavenResourcesFiltering - skip non existing resourceDirectory C:\Users\Yu-Ma_WPC\Terakoya_Study\spring_boot\samuraitravel\src\test\resources
2025-12-12 15:15:29,453 [Worker-13: ビルド] INFO  o.a.m.s.f.DefaultMavenResourcesFiltering - Copying 2 resources from src\main\resources to target\classes
2025-12-12 15:15:29,462 [Worker-13: ビルド] INFO  o.a.m.s.f.DefaultMavenResourcesFiltering - Copying 20 resources from src\main\resources to target\classes
2025-12-12 15:15:29,472 [Worker-13: ビルド] INFO  o.a.m.s.f.DefaultMavenResourcesFiltering - skip non existing resourceDirectory C:\Users\Yu-Ma_WPC\Terakoya_Study\spring_boot\samuraitravel\src\test\resources
2025-12-12 15:18:14,853 [Worker-16: ビルド] INFO  o.a.m.s.f.DefaultMavenResourcesFiltering - Copying 2 resources from src\main\resources to target\classes
2025-12-12 15:18:14,871 [Worker-16: ビルド] INFO  o.a.m.s.f.DefaultMavenResourcesFiltering - Copying 20 resources from src\main\resources to target\classes
2025-12-12 15:18:14,881 [Worker-16: ビルド] INFO  o.a.m.s.f.DefaultMavenResourcesFiltering - skip non existing resourceDirectory C:\Users\Yu-Ma_WPC\Terakoya_Study\spring_boot\samuraitravel\src\test\resources
2025-12-12 15:18:44,747 [Worker-17: ビルド] INFO  o.a.m.s.f.DefaultMavenResourcesFiltering - Copying 2 resources from src\main\resources to target\classes
2025-12-12 15:18:44,756 [Worker-17: ビルド] INFO  o.a.m.s.f.DefaultMavenResourcesFiltering - Copying 20 resources from src\main\resources to target\classes
2025-12-12 15:18:44,765 [Worker-17: ビルド] INFO  o.a.m.s.f.DefaultMavenResourcesFiltering - skip non existing resourceDirectory C:\Users\Yu-Ma_WPC\Terakoya_Study\spring_boot\samuraitravel\src\test\resources
2025-12-12 15:20:58,568 [Worker-8: ビルド] INFO  o.a.m.s.f.DefaultMavenResourcesFiltering - Copying 0 resource from src\main\resources to target\classes
2025-12-12 15:20:58,573 [Worker-8: ビルド] INFO  o.a.m.s.f.DefaultMavenResourcesFiltering - Copying 1 resource from src\main\resources to target\classes
2025-12-12 15:20:58,579 [Worker-8: ビルド] INFO  o.a.m.s.f.DefaultMavenResourcesFiltering - skip non existing resourceDirectory C:\Users\Yu-Ma_WPC\Terakoya_Study\spring_boot\samuraitravel\src\test\resources
2025-12-12 15:22:47,501 [Worker-16: ビルド] INFO  o.a.m.s.f.DefaultMavenResourcesFiltering - Copying 0 resource from src\main\resources to target\classes
2025-12-12 15:22:47,506 [Worker-16: ビルド] INFO  o.a.m.s.f.DefaultMavenResourcesFiltering - Copying 1 resource from src\main\resources to target\classes
2025-12-12 15:22:47,511 [Worker-16: ビルド] INFO  o.a.m.s.f.DefaultMavenResourcesFiltering - skip non existing resourceDirectory C:\Users\Yu-Ma_WPC\Terakoya_Study\spring_boot\samuraitravel\src\test\resources
2025-12-12 15:33:22,156 [Worker-16: ビルド] INFO  o.a.m.s.f.DefaultMavenResourcesFiltering - Copying 0 resource from src\main\resources to target\classes
2025-12-12 15:33:22,160 [Worker-16: ビルド] INFO  o.a.m.s.f.DefaultMavenResourcesFiltering - Copying 1 resource from src\main\resources to target\classes
2025-12-12 15:33:22,165 [Worker-16: ビルド] INFO  o.a.m.s.f.DefaultMavenResourcesFiltering - skip non existing resourceDirectory C:\Users\Yu-Ma_WPC\Terakoya_Study\spring_boot\samuraitravel\src\test\resources
2025-12-12 15:37:05,217 [Worker-13: ビルド] INFO  o.a.m.s.f.DefaultMavenResourcesFiltering - Copying 0 resource from src\main\resources to target\classes
2025-12-12 15:37:05,221 [Worker-13: ビルド] INFO  o.a.m.s.f.DefaultMavenResourcesFiltering - Copying 1 resource from src\main\resources to target\classes
2025-12-12 15:37:05,227 [Worker-13: ビルド] INFO  o.a.m.s.f.DefaultMavenResourcesFiltering - skip non existing resourceDirectory C:\Users\Yu-Ma_WPC\Terakoya_Study\spring_boot\samuraitravel\src\test\resources
2025-12-12 15:37:52,153 [Worker-16: ビルド] INFO  o.a.m.s.f.DefaultMavenResourcesFiltering - Copying 0 resource from src\main\resources to target\classes
2025-12-12 15:37:52,169 [Worker-16: ビルド] INFO  o.a.m.s.f.DefaultMavenResourcesFiltering - Copying 1 resource from src\main\resources to target\classes
2025-12-12 15:37:52,169 [Worker-16: ビルド] INFO  o.a.m.s.f.DefaultMavenResourcesFiltering - skip non existing resourceDirectory C:\Users\Yu-Ma_WPC\Terakoya_Study\spring_boot\samuraitravel\src\test\resources
2025-12-12 15:53:26,460 [Worker-18: ビルド] INFO  o.a.m.s.f.DefaultMavenResourcesFiltering - Copying 2 resources from src\main\resources to target\classes
2025-12-12 15:53:26,475 [Worker-18: ビルド] INFO  o.a.m.s.f.DefaultMavenResourcesFiltering - Copying 20 resources from src\main\resources to target\classes
2025-12-12 15:53:26,484 [Worker-18: ビルド] INFO  o.a.m.s.f.DefaultMavenResourcesFiltering - skip non existing resourceDirectory C:\Users\Yu-Ma_WPC\Terakoya_Study\spring_boot\samuraitravel\src\test\resources
2025-12-12 16:04:35,826 [Worker-8: ビルド] INFO  o.a.m.s.f.DefaultMavenResourcesFiltering - Copying 2 resources from src\main\resources to target\classes
2025-12-12 16:04:35,837 [Worker-8: ビルド] INFO  o.a.m.s.f.DefaultMavenResourcesFiltering - Copying 20 resources from src\main\resources to target\classes
2025-12-12 16:04:35,845 [Worker-8: ビルド] INFO  o.a.m.s.f.DefaultMavenResourcesFiltering - skip non existing resourceDirectory C:\Users\Yu-Ma_WPC\Terakoya_Study\spring_boot\samuraitravel\src\test\resources
2025-12-12 16:09:28,694 [Worker-23: ビルド] INFO  o.a.m.s.f.DefaultMavenResourcesFiltering - Copying 2 resources from src\main\resources to target\classes
2025-12-12 16:09:28,709 [Worker-23: ビルド] INFO  o.a.m.s.f.DefaultMavenResourcesFiltering - Copying 20 resources from src\main\resources to target\classes
2025-12-12 16:09:28,718 [Worker-23: ビルド] INFO  o.a.m.s.f.DefaultMavenResourcesFiltering - skip non existing resourceDirectory C:\Users\Yu-Ma_WPC\Terakoya_Study\spring_boot\samuraitravel\src\test\resources
2025-12-12 16:12:09,742 [Worker-18: ビルド] INFO  o.a.m.s.f.DefaultMavenResourcesFiltering - Copying 2 resources from src\main\resources to target\classes
2025-12-12 16:12:09,781 [Worker-18: ビルド] INFO  o.a.m.s.f.DefaultMavenResourcesFiltering - Copying 20 resources from src\main\resources to target\classes
2025-12-12 16:12:09,834 [Worker-18: ビルド] INFO  o.a.m.s.f.DefaultMavenResourcesFiltering - skip non existing resourceDirectory C:\Users\Yu-Ma_WPC\Terakoya_Study\spring_boot\samuraitravel\src\test\resources
2025-12-12 16:12:21,554 [Worker-18: ビルド] INFO  o.a.m.s.f.DefaultMavenResourcesFiltering - Copying 2 resources from src\main\resources to target\classes
2025-12-12 16:12:21,566 [Worker-18: ビルド] INFO  o.a.m.s.f.DefaultMavenResourcesFiltering - Copying 20 resources from src\main\resources to target\classes
2025-12-12 16:12:21,579 [Worker-18: ビルド] INFO  o.a.m.s.f.DefaultMavenResourcesFiltering - skip non existing resourceDirectory C:\Users\Yu-Ma_WPC\Terakoya_Study\spring_boot\samuraitravel\src\test\resources
2025-12-12 16:14:58,250 [Worker-22: ビルド] INFO  o.a.m.s.f.DefaultMavenResourcesFiltering - Copying 0 resource from src\main\resources to target\classes
2025-12-12 16:14:58,256 [Worker-22: ビルド] INFO  o.a.m.s.f.DefaultMavenResourcesFiltering - Copying 1 resource from src\main\resources to target\classes
2025-12-12 16:14:58,264 [Worker-22: ビルド] INFO  o.a.m.s.f.DefaultMavenResourcesFiltering - skip non existing resourceDirectory C:\Users\Yu-Ma_WPC\Terakoya_Study\spring_boot\samuraitravel\src\test\resources
2025-12-12 16:15:11,382 [Worker-18: ビルド] INFO  o.a.m.s.f.DefaultMavenResourcesFiltering - Copying 0 resource from src\main\resources to target\classes
2025-12-12 16:15:11,388 [Worker-18: ビルド] INFO  o.a.m.s.f.DefaultMavenResourcesFiltering - Copying 1 resource from src\main\resources to target\classes
2025-12-12 16:15:11,396 [Worker-18: ビルド] INFO  o.a.m.s.f.DefaultMavenResourcesFiltering - skip non existing resourceDirectory C:\Users\Yu-Ma_WPC\Terakoya_Study\spring_boot\samuraitravel\src\test\resources
2025-12-12 16:19:49,067 [Worker-22: ビルド] INFO  o.a.m.s.f.DefaultMavenResourcesFiltering - Copying 0 resource from src\main\resources to target\classes
2025-12-12 16:19:49,073 [Worker-22: ビルド] INFO  o.a.m.s.f.DefaultMavenResourcesFiltering - Copying 1 resource from src\main\resources to target\classes
2025-12-12 16:19:49,081 [Worker-22: ビルド] INFO  o.a.m.s.f.DefaultMavenResourcesFiltering - skip non existing resourceDirectory C:\Users\Yu-Ma_WPC\Terakoya_Study\spring_boot\samuraitravel\src\test\resources
2025-12-12 16:22:41,907 [Worker-26: ビルド] INFO  o.a.m.s.f.DefaultMavenResourcesFiltering - Copying 0 resource from src\main\resources to target\classes
2025-12-12 16:22:41,912 [Worker-26: ビルド] INFO  o.a.m.s.f.DefaultMavenResourcesFiltering - Copying 1 resource from src\main\resources to target\classes
2025-12-12 16:22:41,922 [Worker-26: ビルド] INFO  o.a.m.s.f.DefaultMavenResourcesFiltering - skip non existing resourceDirectory C:\Users\Yu-Ma_WPC\Terakoya_Study\spring_boot\samuraitravel\src\test\resources
2025-12-12 16:24:31,649 [Worker-8: ビルド] INFO  o.a.m.s.f.DefaultMavenResourcesFiltering - Copying 0 resource from src\main\resources to target\classes
2025-12-12 16:24:31,654 [Worker-8: ビルド] INFO  o.a.m.s.f.DefaultMavenResourcesFiltering - Copying 1 resource from src\main\resources to target\classes
2025-12-12 16:24:31,659 [Worker-8: ビルド] INFO  o.a.m.s.f.DefaultMavenResourcesFiltering - skip non existing resourceDirectory C:\Users\Yu-Ma_WPC\Terakoya_Study\spring_boot\samuraitravel\src\test\resources
2025-12-12 16:25:00,196 [Worker-8: ビルド] INFO  o.a.m.s.f.DefaultMavenResourcesFiltering - Copying 0 resource from src\main\resources to target\classes
2025-12-12 16:25:00,200 [Worker-8: ビルド] INFO  o.a.m.s.f.DefaultMavenResourcesFiltering - Copying 1 resource from src\main\resources to target\classes
2025-12-12 16:25:00,206 [Worker-8: ビルド] INFO  o.a.m.s.f.DefaultMavenResourcesFiltering - skip non existing resourceDirectory C:\Users\Yu-Ma_WPC\Terakoya_Study\spring_boot\samuraitravel\src\test\resources
2025-12-12 16:26:08,807 [Worker-27: ビルド] INFO  o.a.m.s.f.DefaultMavenResourcesFiltering - Copying 0 resource from src\main\resources to target\classes
2025-12-12 16:26:08,811 [Worker-27: ビルド] INFO  o.a.m.s.f.DefaultMavenResourcesFiltering - Copying 1 resource from src\main\resources to target\classes
2025-12-12 16:26:08,817 [Worker-27: ビルド] INFO  o.a.m.s.f.DefaultMavenResourcesFiltering - skip non existing resourceDirectory C:\Users\Yu-Ma_WPC\Terakoya_Study\spring_boot\samuraitravel\src\test\resources
2025-12-12 16:26:17,737 [Worker-8: ビルド] INFO  o.a.m.s.f.DefaultMavenResourcesFiltering - Copying 0 resource from src\main\resources to target\classes
2025-12-12 16:26:17,743 [Worker-8: ビルド] INFO  o.a.m.s.f.DefaultMavenResourcesFiltering - Copying 1 resource from src\main\resources to target\classes
2025-12-12 16:26:17,749 [Worker-8: ビルド] INFO  o.a.m.s.f.DefaultMavenResourcesFiltering - skip non existing resourceDirectory C:\Users\Yu-Ma_WPC\Terakoya_Study\spring_boot\samuraitravel\src\test\resources
2025-12-12 16:27:07,302 [Worker-18: ビルド] INFO  o.a.m.s.f.DefaultMavenResourcesFiltering - Copying 0 resource from src\main\resources to target\classes
2025-12-12 16:27:07,306 [Worker-18: ビルド] INFO  o.a.m.s.f.DefaultMavenResourcesFiltering - Copying 1 resource from src\main\resources to target\classes
2025-12-12 16:27:07,311 [Worker-18: ビルド] INFO  o.a.m.s.f.DefaultMavenResourcesFiltering - skip non existing resourceDirectory C:\Users\Yu-Ma_WPC\Terakoya_Study\spring_boot\samuraitravel\src\test\resources
2025-12-12 16:29:45,279 [Worker-18: ビルド] INFO  o.a.m.s.f.DefaultMavenResourcesFiltering - Copying 0 resource from src\main\resources to target\classes
2025-12-12 16:29:45,284 [Worker-18: ビルド] INFO  o.a.m.s.f.DefaultMavenResourcesFiltering - Copying 1 resource from src\main\resources to target\classes
2025-12-12 16:29:45,290 [Worker-18: ビルド] INFO  o.a.m.s.f.DefaultMavenResourcesFiltering - skip non existing resourceDirectory C:\Users\Yu-Ma_WPC\Terakoya_Study\spring_boot\samuraitravel\src\test\resources
2025-12-12 16:34:58,167 [Worker-18: ビルド] INFO  o.a.m.s.f.DefaultMavenResourcesFiltering - Copying 0 resource from src\main\resources to target\classes
2025-12-12 16:34:58,172 [Worker-18: ビルド] INFO  o.a.m.s.f.DefaultMavenResourcesFiltering - Copying 0 resource from src\main\resources to target\classes
2025-12-12 16:34:58,176 [Worker-18: ビルド] INFO  o.a.m.s.f.DefaultMavenResourcesFiltering - skip non existing resourceDirectory C:\Users\Yu-Ma_WPC\Terakoya_Study\spring_boot\samuraitravel\src\test\resources
2025-12-12 16:38:18,886 [Worker-8: ビルド] INFO  o.a.m.s.f.DefaultMavenResourcesFiltering - Copying 2 resources from src\main\resources to target\classes
2025-12-12 16:38:18,907 [Worker-8: ビルド] INFO  o.a.m.s.f.DefaultMavenResourcesFiltering - Copying 22 resources from src\main\resources to target\classes
2025-12-12 16:38:18,926 [Worker-8: ビルド] INFO  o.a.m.s.f.DefaultMavenResourcesFiltering - skip non existing resourceDirectory C:\Users\Yu-Ma_WPC\Terakoya_Study\spring_boot\samuraitravel\src\test\resources
2025-12-12 16:38:46,168 [Worker-18: ビルド] INFO  o.a.m.s.f.DefaultMavenResourcesFiltering - Copying 2 resources from src\main\resources to target\classes
2025-12-12 16:38:46,176 [Worker-18: ビルド] INFO  o.a.m.s.f.DefaultMavenResourcesFiltering - Copying 22 resources from src\main\resources to target\classes
2025-12-12 16:38:46,186 [Worker-18: ビルド] INFO  o.a.m.s.f.DefaultMavenResourcesFiltering - skip non existing resourceDirectory C:\Users\Yu-Ma_WPC\Terakoya_Study\spring_boot\samuraitravel\src\test\resources
2025-12-12 16:40:24,664 [Worker-18: ビルド] INFO  o.a.m.s.f.DefaultMavenResourcesFiltering - Copying 2 resources from src\main\resources to target\classes
2025-12-12 16:40:24,677 [Worker-18: ビルド] INFO  o.a.m.s.f.DefaultMavenResourcesFiltering - Copying 22 resources from src\main\resources to target\classes
2025-12-12 16:40:24,685 [Worker-18: ビルド] INFO  o.a.m.s.f.DefaultMavenResourcesFiltering - skip non existing resourceDirectory C:\Users\Yu-Ma_WPC\Terakoya_Study\spring_boot\samuraitravel\src\test\resources
2025-12-12 16:40:38,808 [Worker-28: ビルド] INFO  o.a.m.s.f.DefaultMavenResourcesFiltering - Copying 2 resources from src\main\resources to target\classes
2025-12-12 16:40:38,821 [Worker-28: ビルド] INFO  o.a.m.s.f.DefaultMavenResourcesFiltering - Copying 22 resources from src\main\resources to target\classes
2025-12-12 16:40:38,830 [Worker-28: ビルド] INFO  o.a.m.s.f.DefaultMavenResourcesFiltering - skip non existing resourceDirectory C:\Users\Yu-Ma_WPC\Terakoya_Study\spring_boot\samuraitravel\src\test\resources
2025-12-12 16:41:50,870 [Worker-32: ビルド] INFO  o.a.m.s.f.DefaultMavenResourcesFiltering - Copying 2 resources from src\main\resources to target\classes
2025-12-12 16:41:50,889 [Worker-32: ビルド] INFO  o.a.m.s.f.DefaultMavenResourcesFiltering - Copying 22 resources from src\main\resources to target\classes
2025-12-12 16:41:50,899 [Worker-32: ビルド] INFO  o.a.m.s.f.DefaultMavenResourcesFiltering - skip non existing resourceDirectory C:\Users\Yu-Ma_WPC\Terakoya_Study\spring_boot\samuraitravel\src\test\resources
2025-12-12 16:43:25,973 [Worker-30: ビルド] INFO  o.a.m.s.f.DefaultMavenResourcesFiltering - Copying 2 resources from src\main\resources to target\classes
2025-12-12 16:43:25,987 [Worker-30: ビルド] INFO  o.a.m.s.f.DefaultMavenResourcesFiltering - Copying 22 resources from src\main\resources to target\classes
2025-12-12 16:43:25,997 [Worker-30: ビルド] INFO  o.a.m.s.f.DefaultMavenResourcesFiltering - skip non existing resourceDirectory C:\Users\Yu-Ma_WPC\Terakoya_Study\spring_boot\samuraitravel\src\test\resources
2025-12-12 16:44:13,011 [Worker-8: ビルド] INFO  o.a.m.s.f.DefaultMavenResourcesFiltering - Copying 0 resource from src\main\resources to target\classes
2025-12-12 16:44:13,016 [Worker-8: ビルド] INFO  o.a.m.s.f.DefaultMavenResourcesFiltering - Copying 1 resource from src\main\resources to target\classes
2025-12-12 16:44:13,020 [Worker-8: ビルド] INFO  o.a.m.s.f.DefaultMavenResourcesFiltering - skip non existing resourceDirectory C:\Users\Yu-Ma_WPC\Terakoya_Study\spring_boot\samuraitravel\src\test\resources
2025-12-12 16:44:23,102 [Worker-28: ビルド] INFO  o.a.m.s.f.DefaultMavenResourcesFiltering - Copying 0 resource from src\main\resources to target\classes
2025-12-12 16:44:23,106 [Worker-28: ビルド] INFO  o.a.m.s.f.DefaultMavenResourcesFiltering - Copying 1 resource from src\main\resources to target\classes
2025-12-12 16:44:23,111 [Worker-28: ビルド] INFO  o.a.m.s.f.DefaultMavenResourcesFiltering - skip non existing resourceDirectory C:\Users\Yu-Ma_WPC\Terakoya_Study\spring_boot\samuraitravel\src\test\resources
2025-12-12 16:47:56,683 [Worker-33: ビルド] INFO  o.a.m.s.f.DefaultMavenResourcesFiltering - Copying 0 resource from src\main\resources to target\classes
2025-12-12 16:47:56,688 [Worker-33: ビルド] INFO  o.a.m.s.f.DefaultMavenResourcesFiltering - Copying 1 resource from src\main\resources to target\classes
2025-12-12 16:47:56,693 [Worker-33: ビルド] INFO  o.a.m.s.f.DefaultMavenResourcesFiltering - skip non existing resourceDirectory C:\Users\Yu-Ma_WPC\Terakoya_Study\spring_boot\samuraitravel\src\test\resources
2025-12-12 16:48:05,712 [Worker-28: ビルド] INFO  o.a.m.s.f.DefaultMavenResourcesFiltering - Copying 0 resource from src\main\resources to target\classes
2025-12-12 16:48:05,717 [Worker-28: ビルド] INFO  o.a.m.s.f.DefaultMavenResourcesFiltering - Copying 1 resource from src\main\resources to target\classes
2025-12-12 16:48:05,724 [Worker-28: ビルド] INFO  o.a.m.s.f.DefaultMavenResourcesFiltering - skip non existing resourceDirectory C:\Users\Yu-Ma_WPC\Terakoya_Study\spring_boot\samuraitravel\src\test\resources
2025-12-12 16:53:38,123 [Worker-28: ビルド] INFO  o.a.m.s.f.DefaultMavenResourcesFiltering - Copying 0 resource from src\main\resources to target\classes
2025-12-12 16:53:38,133 [Worker-28: ビルド] INFO  o.a.m.s.f.DefaultMavenResourcesFiltering - Copying 1 resource from src\main\resources to target\classes
2025-12-12 16:53:38,139 [Worker-28: ビルド] INFO  o.a.m.s.f.DefaultMavenResourcesFiltering - skip non existing resourceDirectory C:\Users\Yu-Ma_WPC\Terakoya_Study\spring_boot\samuraitravel\src\test\resources
2025-12-12 16:54:41,504 [Worker-30: ビルド] INFO  o.a.m.s.f.DefaultMavenResourcesFiltering - Copying 0 resource from src\main\resources to target\classes
2025-12-12 16:54:41,509 [Worker-30: ビルド] INFO  o.a.m.s.f.DefaultMavenResourcesFiltering - Copying 1 resource from src\main\resources to target\classes
2025-12-12 16:54:41,514 [Worker-30: ビルド] INFO  o.a.m.s.f.DefaultMavenResourcesFiltering - skip non existing resourceDirectory C:\Users\Yu-Ma_WPC\Terakoya_Study\spring_boot\samuraitravel\src\test\resources
2025-12-12 17:00:08,625 [Worker-40: ビルド] INFO  o.a.m.s.f.DefaultMavenResourcesFiltering - Copying 0 resource from src\main\resources to target\classes
2025-12-12 17:00:08,629 [Worker-40: ビルド] INFO  o.a.m.s.f.DefaultMavenResourcesFiltering - Copying 1 resource from src\main\resources to target\classes
2025-12-12 17:00:08,634 [Worker-40: ビルド] INFO  o.a.m.s.f.DefaultMavenResourcesFiltering - skip non existing resourceDirectory C:\Users\Yu-Ma_WPC\Terakoya_Study\spring_boot\samuraitravel\src\test\resources
2025-12-12 17:02:05,847 [Worker-30: ビルド] INFO  o.a.m.s.f.DefaultMavenResourcesFiltering - Copying 0 resource from src\main\resources to target\classes
2025-12-12 17:02:05,852 [Worker-30: ビルド] INFO  o.a.m.s.f.DefaultMavenResourcesFiltering - Copying 1 resource from src\main\resources to target\classes
2025-12-12 17:02:05,857 [Worker-30: ビルド] INFO  o.a.m.s.f.DefaultMavenResourcesFiltering - skip non existing resourceDirectory C:\Users\Yu-Ma_WPC\Terakoya_Study\spring_boot\samuraitravel\src\test\resources
2025-12-12 17:03:54,498 [Worker-30: ビルド] INFO  o.a.m.s.f.DefaultMavenResourcesFiltering - Copying 0 resource from src\main\resources to target\classes
2025-12-12 17:03:54,503 [Worker-30: ビルド] INFO  o.a.m.s.f.DefaultMavenResourcesFiltering - Copying 0 resource from src\main\resources to target\classes
2025-12-12 17:03:54,506 [Worker-30: ビルド] INFO  o.a.m.s.f.DefaultMavenResourcesFiltering - skip non existing resourceDirectory C:\Users\Yu-Ma_WPC\Terakoya_Study\spring_boot\samuraitravel\src\test\resources
2025-12-12 17:09:04,428 [Worker-42: ビルド] INFO  o.a.m.s.f.DefaultMavenResourcesFiltering - Copying 2 resources from src\main\resources to target\classes
2025-12-12 17:09:04,447 [Worker-42: ビルド] INFO  o.a.m.s.f.DefaultMavenResourcesFiltering - Copying 24 resources from src\main\resources to target\classes
2025-12-12 17:09:04,458 [Worker-42: ビルド] INFO  o.a.m.s.f.DefaultMavenResourcesFiltering - skip non existing resourceDirectory C:\Users\Yu-Ma_WPC\Terakoya_Study\spring_boot\samuraitravel\src\test\resources
2025-12-12 17:25:42,235 [Worker-47: ビルド] INFO  o.a.m.s.f.DefaultMavenResourcesFiltering - Copying 2 resources from src\main\resources to target\classes
2025-12-12 17:25:42,247 [Worker-47: ビルド] INFO  o.a.m.s.f.DefaultMavenResourcesFiltering - Copying 24 resources from src\main\resources to target\classes
2025-12-12 17:25:42,260 [Worker-47: ビルド] INFO  o.a.m.s.f.DefaultMavenResourcesFiltering - skip non existing resourceDirectory C:\Users\Yu-Ma_WPC\Terakoya_Study\spring_boot\samuraitravel\src\test\resources
2025-12-12 17:28:29,727 [Worker-45: ビルド] INFO  o.a.m.s.f.DefaultMavenResourcesFiltering - Copying 1 resource from src\main\resources to target\classes
2025-12-12 17:28:29,738 [Worker-45: ビルド] INFO  o.a.m.s.f.DefaultMavenResourcesFiltering - Copying 0 resource from src\main\resources to target\classes
2025-12-12 17:28:29,741 [Worker-45: ビルド] INFO  o.a.m.s.f.DefaultMavenResourcesFiltering - skip non existing resourceDirectory C:\Users\Yu-Ma_WPC\Terakoya_Study\spring_boot\samuraitravel\src\test\resources
2025-12-12 17:31:43,109 [Worker-45: ビルド] INFO  o.a.m.s.f.DefaultMavenResourcesFiltering - Copying 0 resource from src\main\resources to target\classes
2025-12-12 17:31:43,116 [Worker-45: ビルド] INFO  o.a.m.s.f.DefaultMavenResourcesFiltering - Copying 1 resource from src\main\resources to target\classes
2025-12-12 17:31:43,120 [Worker-45: ビルド] INFO  o.a.m.s.f.DefaultMavenResourcesFiltering - skip non existing resourceDirectory C:\Users\Yu-Ma_WPC\Terakoya_Study\spring_boot\samuraitravel\src\test\resources
2025-12-12 17:34:21,227 [Worker-30: ビルド] INFO  o.a.m.s.f.DefaultMavenResourcesFiltering - Copying 0 resource from src\main\resources to target\classes
2025-12-12 17:34:21,227 [Worker-30: ビルド] INFO  o.a.m.s.f.DefaultMavenResourcesFiltering - Copying 1 resource from src\main\resources to target\classes
2025-12-12 17:34:21,243 [Worker-30: ビルド] INFO  o.a.m.s.f.DefaultMavenResourcesFiltering - skip non existing resourceDirectory C:\Users\Yu-Ma_WPC\Terakoya_Study\spring_boot\samuraitravel\src\test\resources
2025-12-12 17:42:01,634 [Worker-45: ビルド] INFO  o.a.m.s.f.DefaultMavenResourcesFiltering - Copying 0 resource from src\main\resources to target\classes
2025-12-12 17:42:01,644 [Worker-45: ビルド] INFO  o.a.m.s.f.DefaultMavenResourcesFiltering - Copying 1 resource from src\main\resources to target\classes
2025-12-12 17:42:01,651 [Worker-45: ビルド] INFO  o.a.m.s.f.DefaultMavenResourcesFiltering - skip non existing resourceDirectory C:\Users\Yu-Ma_WPC\Terakoya_Study\spring_boot\samuraitravel\src\test\resources
2025-12-12 17:43:55,819 [Worker-51: ビルド] INFO  o.a.m.s.f.DefaultMavenResourcesFiltering - Copying 0 resource from src\main\resources to target\classes
2025-12-12 17:43:55,824 [Worker-51: ビルド] INFO  o.a.m.s.f.DefaultMavenResourcesFiltering - Copying 1 resource from src\main\resources to target\classes
2025-12-12 17:43:55,829 [Worker-51: ビルド] INFO  o.a.m.s.f.DefaultMavenResourcesFiltering - skip non existing resourceDirectory C:\Users\Yu-Ma_WPC\Terakoya_Study\spring_boot\samuraitravel\src\test\resources
2025-12-12 17:44:20,299 [Worker-48: ビルド] INFO  o.a.m.s.f.DefaultMavenResourcesFiltering - Copying 0 resource from src\main\resources to target\classes
2025-12-12 17:44:20,304 [Worker-48: ビルド] INFO  o.a.m.s.f.DefaultMavenResourcesFiltering - Copying 1 resource from src\main\resources to target\classes
2025-12-12 17:44:20,309 [Worker-48: ビルド] INFO  o.a.m.s.f.DefaultMavenResourcesFiltering - skip non existing resourceDirectory C:\Users\Yu-Ma_WPC\Terakoya_Study\spring_boot\samuraitravel\src\test\resources
2025-12-12 17:44:30,146 [Worker-48: ビルド] INFO  o.a.m.s.f.DefaultMavenResourcesFiltering - Copying 0 resource from src\main\resources to target\classes
2025-12-12 17:44:30,151 [Worker-48: ビルド] INFO  o.a.m.s.f.DefaultMavenResourcesFiltering - Copying 1 resource from src\main\resources to target\classes
2025-12-12 17:44:30,157 [Worker-48: ビルド] INFO  o.a.m.s.f.DefaultMavenResourcesFiltering - skip non existing resourceDirectory C:\Users\Yu-Ma_WPC\Terakoya_Study\spring_boot\samuraitravel\src\test\resources
2025-12-12 17:44:45,884 [Worker-48: ビルド] INFO  o.a.m.s.f.DefaultMavenResourcesFiltering - Copying 0 resource from src\main\resources to target\classes
2025-12-12 17:44:45,889 [Worker-48: ビルド] INFO  o.a.m.s.f.DefaultMavenResourcesFiltering - Copying 1 resource from src\main\resources to target\classes
2025-12-12 17:44:45,895 [Worker-48: ビルド] INFO  o.a.m.s.f.DefaultMavenResourcesFiltering - skip non existing resourceDirectory C:\Users\Yu-Ma_WPC\Terakoya_Study\spring_boot\samuraitravel\src\test\resources
2025-12-12 21:23:51,683 [Worker-4: Loading available Gradle versions] INFO  o.e.b.c.i.u.g.PublishedGradleVersions - Gradle version information cache is up-to-date. Trying to read.
2025-12-12 21:29:38,354 [Worker-10: ビルド] INFO  o.a.m.s.f.DefaultMavenResourcesFiltering - Copying 2 resources from src\main\resources to target\classes
2025-12-12 21:29:38,393 [Worker-10: ビルド] INFO  o.a.m.s.f.DefaultMavenResourcesFiltering - Copying 25 resources from src\main\resources to target\classes
2025-12-12 21:29:38,418 [Worker-10: ビルド] INFO  o.a.m.s.f.DefaultMavenResourcesFiltering - skip non existing resourceDirectory C:\Users\Yu-Ma_WPC\Terakoya_Study\spring_boot\samuraitravel\src\test\resources
2025-12-12 21:30:23,175 [Worker-15: ビルド] INFO  o.a.m.s.f.DefaultMavenResourcesFiltering - Copying 2 resources from src\main\resources to target\classes
2025-12-12 21:30:23,193 [Worker-15: ビルド] INFO  o.a.m.s.f.DefaultMavenResourcesFiltering - Copying 25 resources from src\main\resources to target\classes
2025-12-12 21:30:23,203 [Worker-15: ビルド] INFO  o.a.m.s.f.DefaultMavenResourcesFiltering - skip non existing resourceDirectory C:\Users\Yu-Ma_WPC\Terakoya_Study\spring_boot\samuraitravel\src\test\resources
2025-12-12 21:30:30,889 [Worker-12: ビルド] INFO  o.a.m.s.f.DefaultMavenResourcesFiltering - Copying 2 resources from src\main\resources to target\classes
2025-12-12 21:30:30,907 [Worker-12: ビルド] INFO  o.a.m.s.f.DefaultMavenResourcesFiltering - Copying 25 resources from src\main\resources to target\classes
2025-12-12 21:30:30,922 [Worker-12: ビルド] INFO  o.a.m.s.f.DefaultMavenResourcesFiltering - skip non existing resourceDirectory C:\Users\Yu-Ma_WPC\Terakoya_Study\spring_boot\samuraitravel\src\test\resources
2025-12-12 21:43:00,767 [Worker-20: ビルド] INFO  o.a.m.s.f.DefaultMavenResourcesFiltering - Copying 0 resource from src\main\resources to target\classes
2025-12-12 21:43:00,773 [Worker-20: ビルド] INFO  o.a.m.s.f.DefaultMavenResourcesFiltering - Copying 0 resource from src\main\resources to target\classes
2025-12-12 21:43:00,776 [Worker-20: ビルド] INFO  o.a.m.s.f.DefaultMavenResourcesFiltering - skip non existing resourceDirectory C:\Users\Yu-Ma_WPC\Terakoya_Study\spring_boot\samuraitravel\src\test\resources
2025-12-12 21:43:07,266 [Worker-15: ビルド] INFO  o.a.m.s.f.DefaultMavenResourcesFiltering - Copying 0 resource from src\main\resources to target\classes
2025-12-12 21:43:07,272 [Worker-15: ビルド] INFO  o.a.m.s.f.DefaultMavenResourcesFiltering - Copying 0 resource from src\main\resources to target\classes
2025-12-12 21:43:07,275 [Worker-15: ビルド] INFO  o.a.m.s.f.DefaultMavenResourcesFiltering - skip non existing resourceDirectory C:\Users\Yu-Ma_WPC\Terakoya_Study\spring_boot\samuraitravel\src\test\resources
2025-12-12 22:30:50,687 [Worker-15: ビルド] INFO  o.a.m.s.f.DefaultMavenResourcesFiltering - Copying 0 resource from src\main\resources to target\classes
2025-12-12 22:30:50,694 [Worker-15: ビルド] INFO  o.a.m.s.f.DefaultMavenResourcesFiltering - Copying 1 resource from src\main\resources to target\classes
2025-12-12 22:30:50,700 [Worker-15: ビルド] INFO  o.a.m.s.f.DefaultMavenResourcesFiltering - skip non existing resourceDirectory C:\Users\Yu-Ma_WPC\Terakoya_Study\spring_boot\samuraitravel\src\test\resources
2025-12-12 22:36:21,676 [Worker-23: ビルド] INFO  o.a.m.s.f.DefaultMavenResourcesFiltering - Copying 2 resources from src\main\resources to target\classes
2025-12-12 22:36:21,702 [Worker-23: ビルド] INFO  o.a.m.s.f.DefaultMavenResourcesFiltering - Copying 26 resources from src\main\resources to target\classes
2025-12-12 22:36:21,718 [Worker-23: ビルド] INFO  o.a.m.s.f.DefaultMavenResourcesFiltering - skip non existing resourceDirectory C:\Users\Yu-Ma_WPC\Terakoya_Study\spring_boot\samuraitravel\src\test\resources
2025-12-12 22:36:42,465 [Worker-28: ビルド] INFO  o.a.m.s.f.DefaultMavenResourcesFiltering - Copying 2 resources from src\main\resources to target\classes
2025-12-12 22:36:42,494 [Worker-28: ビルド] INFO  o.a.m.s.f.DefaultMavenResourcesFiltering - Copying 26 resources from src\main\resources to target\classes
2025-12-12 22:36:42,508 [Worker-28: ビルド] INFO  o.a.m.s.f.DefaultMavenResourcesFiltering - skip non existing resourceDirectory C:\Users\Yu-Ma_WPC\Terakoya_Study\spring_boot\samuraitravel\src\test\resources
2025-12-12 22:50:58,234 [Worker-23: ビルド] INFO  o.a.m.s.f.DefaultMavenResourcesFiltering - Copying 2 resources from src\main\resources to target\classes
2025-12-12 22:50:58,264 [Worker-23: ビルド] INFO  o.a.m.s.f.DefaultMavenResourcesFiltering - Copying 26 resources from src\main\resources to target\classes
2025-12-12 22:50:58,279 [Worker-23: ビルド] INFO  o.a.m.s.f.DefaultMavenResourcesFiltering - skip non existing resourceDirectory C:\Users\Yu-Ma_WPC\Terakoya_Study\spring_boot\samuraitravel\src\test\resources
2025-12-12 22:53:48,010 [Worker-27: ビルド] INFO  o.a.m.s.f.DefaultMavenResourcesFiltering - Copying 2 resources from src\main\resources to target\classes
2025-12-12 22:53:48,028 [Worker-27: ビルド] INFO  o.a.m.s.f.DefaultMavenResourcesFiltering - Copying 26 resources from src\main\resources to target\classes
2025-12-12 22:53:48,043 [Worker-27: ビルド] INFO  o.a.m.s.f.DefaultMavenResourcesFiltering - skip non existing resourceDirectory C:\Users\Yu-Ma_WPC\Terakoya_Study\spring_boot\samuraitravel\src\test\resources
2025-12-12 22:54:35,633 [Worker-28: ビルド] INFO  o.a.m.s.f.DefaultMavenResourcesFiltering - Copying 2 resources from src\main\resources to target\classes
2025-12-12 22:54:35,646 [Worker-28: ビルド] INFO  o.a.m.s.f.DefaultMavenResourcesFiltering - Copying 26 resources from src\main\resources to target\classes
2025-12-12 22:54:35,661 [Worker-28: ビルド] INFO  o.a.m.s.f.DefaultMavenResourcesFiltering - skip non existing resourceDirectory C:\Users\Yu-Ma_WPC\Terakoya_Study\spring_boot\samuraitravel\src\test\resources
2025-12-12 22:55:22,715 [Worker-30: ビルド] INFO  o.a.m.s.f.DefaultMavenResourcesFiltering - Copying 0 resource from src\main\resources to target\classes
2025-12-12 22:55:22,723 [Worker-30: ビルド] INFO  o.a.m.s.f.DefaultMavenResourcesFiltering - Copying 1 resource from src\main\resources to target\classes
2025-12-12 22:55:22,733 [Worker-30: ビルド] INFO  o.a.m.s.f.DefaultMavenResourcesFiltering - skip non existing resourceDirectory C:\Users\Yu-Ma_WPC\Terakoya_Study\spring_boot\samuraitravel\src\test\resources
2025-12-12 22:55:34,909 [Worker-28: ビルド] INFO  o.a.m.s.f.DefaultMavenResourcesFiltering - Copying 0 resource from src\main\resources to target\classes
2025-12-12 22:55:34,914 [Worker-28: ビルド] INFO  o.a.m.s.f.DefaultMavenResourcesFiltering - Copying 1 resource from src\main\resources to target\classes
2025-12-12 22:55:34,923 [Worker-28: ビルド] INFO  o.a.m.s.f.DefaultMavenResourcesFiltering - skip non existing resourceDirectory C:\Users\Yu-Ma_WPC\Terakoya_Study\spring_boot\samuraitravel\src\test\resources
2025-12-12 23:02:39,237 [Worker-27: ビルド] INFO  o.a.m.s.f.DefaultMavenResourcesFiltering - Copying 0 resource from src\main\resources to target\classes
2025-12-12 23:02:39,243 [Worker-27: ビルド] INFO  o.a.m.s.f.DefaultMavenResourcesFiltering - Copying 1 resource from src\main\resources to target\classes
2025-12-12 23:02:39,250 [Worker-27: ビルド] INFO  o.a.m.s.f.DefaultMavenResourcesFiltering - skip non existing resourceDirectory C:\Users\Yu-Ma_WPC\Terakoya_Study\spring_boot\samuraitravel\src\test\resources
2025-12-12 23:27:24,595 [Worker-28: ビルド] INFO  o.a.m.s.f.DefaultMavenResourcesFiltering - Copying 0 resource from src\main\resources to target\classes
2025-12-12 23:27:24,602 [Worker-28: ビルド] INFO  o.a.m.s.f.DefaultMavenResourcesFiltering - Copying 0 resource from src\main\resources to target\classes
2025-12-12 23:27:24,604 [Worker-28: ビルド] INFO  o.a.m.s.f.DefaultMavenResourcesFiltering - skip non existing resourceDirectory C:\Users\Yu-Ma_WPC\Terakoya_Study\spring_boot\samuraitravel\src\test\resources
2025-12-12 23:27:52,698 [Worker-23: ビルド] INFO  o.a.m.s.f.DefaultMavenResourcesFiltering - Copying 0 resource from src\main\resources to target\classes
2025-12-12 23:27:52,706 [Worker-23: ビルド] INFO  o.a.m.s.f.DefaultMavenResourcesFiltering - Copying 1 resource from src\main\resources to target\classes
2025-12-12 23:27:52,731 [Worker-23: ビルド] INFO  o.a.m.s.f.DefaultMavenResourcesFiltering - skip non existing resourceDirectory C:\Users\Yu-Ma_WPC\Terakoya_Study\spring_boot\samuraitravel\src\test\resources
2025-12-12 23:31:28,718 [Worker-35: ビルド] INFO  o.a.m.s.f.DefaultMavenResourcesFiltering - Copying 2 resources from src\main\resources to target\classes
2025-12-12 23:31:28,755 [Worker-35: ビルド] INFO  o.a.m.s.f.DefaultMavenResourcesFiltering - Copying 28 resources from src\main\resources to target\classes
2025-12-12 23:31:28,772 [Worker-35: ビルド] INFO  o.a.m.s.f.DefaultMavenResourcesFiltering - skip non existing resourceDirectory C:\Users\Yu-Ma_WPC\Terakoya_Study\spring_boot\samuraitravel\src\test\resources
2025-12-12 23:32:50,501 [Worker-28: ビルド] INFO  o.a.m.s.f.DefaultMavenResourcesFiltering - Copying 2 resources from src\main\resources to target\classes
2025-12-12 23:32:50,512 [Worker-28: ビルド] INFO  o.a.m.s.f.DefaultMavenResourcesFiltering - Copying 28 resources from src\main\resources to target\classes
2025-12-12 23:32:50,524 [Worker-28: ビルド] INFO  o.a.m.s.f.DefaultMavenResourcesFiltering - skip non existing resourceDirectory C:\Users\Yu-Ma_WPC\Terakoya_Study\spring_boot\samuraitravel\src\test\resources
2025-12-12 23:33:55,841 [Worker-36: ビルド] INFO  o.a.m.s.f.DefaultMavenResourcesFiltering - Copying 2 resources from src\main\resources to target\classes
2025-12-12 23:33:55,867 [Worker-36: ビルド] INFO  o.a.m.s.f.DefaultMavenResourcesFiltering - Copying 28 resources from src\main\resources to target\classes
2025-12-12 23:33:55,878 [Worker-36: ビルド] INFO  o.a.m.s.f.DefaultMavenResourcesFiltering - skip non existing resourceDirectory C:\Users\Yu-Ma_WPC\Terakoya_Study\spring_boot\samuraitravel\src\test\resources
2025-12-12 23:38:01,568 [Worker-35: ビルド] INFO  o.a.m.s.f.DefaultMavenResourcesFiltering - Copying 0 resource from src\main\resources to target\classes
2025-12-12 23:38:01,573 [Worker-35: ビルド] INFO  o.a.m.s.f.DefaultMavenResourcesFiltering - Copying 1 resource from src\main\resources to target\classes
2025-12-12 23:38:01,580 [Worker-35: ビルド] INFO  o.a.m.s.f.DefaultMavenResourcesFiltering - skip non existing resourceDirectory C:\Users\Yu-Ma_WPC\Terakoya_Study\spring_boot\samuraitravel\src\test\resources
2025-12-12 23:41:14,721 [Worker-35: ビルド] INFO  o.a.m.s.f.DefaultMavenResourcesFiltering - Copying 0 resource from src\main\resources to target\classes
2025-12-12 23:41:14,727 [Worker-35: ビルド] INFO  o.a.m.s.f.DefaultMavenResourcesFiltering - Copying 0 resource from src\main\resources to target\classes
2025-12-12 23:41:14,730 [Worker-35: ビルド] INFO  o.a.m.s.f.DefaultMavenResourcesFiltering - skip non existing resourceDirectory C:\Users\Yu-Ma_WPC\Terakoya_Study\spring_boot\samuraitravel\src\test\resources
2025-12-13 00:05:40,400 [Worker-39: ビルド] INFO  o.a.m.s.f.DefaultMavenResourcesFiltering - Copying 0 resource from src\main\resources to target\classes
2025-12-13 00:05:40,406 [Worker-39: ビルド] INFO  o.a.m.s.f.DefaultMavenResourcesFiltering - Copying 2 resources from src\main\resources to target\classes
2025-12-13 00:05:40,413 [Worker-39: ビルド] INFO  o.a.m.s.f.DefaultMavenResourcesFiltering - skip non existing resourceDirectory C:\Users\Yu-Ma_WPC\Terakoya_Study\spring_boot\samuraitravel\src\test\resources
2025-12-13 23:03:54,367 [Worker-1: Loading available Gradle versions] INFO  o.e.b.c.i.u.g.PublishedGradleVersions - Gradle version information cache is out-of-date. Trying to update.
2025-12-14 23:51:11,911 [Worker-1: Loading available Gradle versions] INFO  o.e.b.c.i.u.g.PublishedGradleVersions - Gradle version information cache is out-of-date. Trying to update.
2025-12-14 23:53:10,732 [Worker-0: ビルド] INFO  o.a.m.s.f.DefaultMavenResourcesFiltering - Copying 2 resources from src\main\resources to target\classes
2025-12-14 23:53:10,775 [Worker-0: ビルド] INFO  o.a.m.s.f.DefaultMavenResourcesFiltering - Copying 31 resources from src\main\resources to target\classes
2025-12-14 23:53:10,875 [Worker-0: ビルド] INFO  o.a.m.s.f.DefaultMavenResourcesFiltering - skip non existing resourceDirectory C:\Users\Yu-Ma_WPC\Terakoya_Study\spring_boot\samuraitravel\src\test\resources
2025-12-14 23:53:28,391 [Worker-0: ビルド] INFO  o.a.m.s.f.DefaultMavenResourcesFiltering - Copying 2 resources from src\main\resources to target\classes
2025-12-14 23:53:28,403 [Worker-0: ビルド] INFO  o.a.m.s.f.DefaultMavenResourcesFiltering - Copying 31 resources from src\main\resources to target\classes
2025-12-14 23:53:28,421 [Worker-0: ビルド] INFO  o.a.m.s.f.DefaultMavenResourcesFiltering - skip non existing resourceDirectory C:\Users\Yu-Ma_WPC\Terakoya_Study\spring_boot\samuraitravel\src\test\resources
2025-12-14 23:54:55,079 [Worker-4: ビルド] INFO  o.a.m.s.f.DefaultMavenResourcesFiltering - Copying 0 resource from src\main\resources to target\classes
2025-12-14 23:54:55,090 [Worker-4: ビルド] INFO  o.a.m.s.f.DefaultMavenResourcesFiltering - Copying 1 resource from src\main\resources to target\classes
2025-12-14 23:54:55,097 [Worker-4: ビルド] INFO  o.a.m.s.f.DefaultMavenResourcesFiltering - skip non existing resourceDirectory C:\Users\Yu-Ma_WPC\Terakoya_Study\spring_boot\samuraitravel\src\test\resources
2025-12-15 00:08:06,237 [Worker-2: ビルド] INFO  o.a.m.s.f.DefaultMavenResourcesFiltering - Copying 0 resource from src\main\resources to target\classes
2025-12-15 00:08:06,243 [Worker-2: ビルド] INFO  o.a.m.s.f.DefaultMavenResourcesFiltering - Copying 1 resource from src\main\resources to target\classes
2025-12-15 00:08:06,248 [Worker-2: ビルド] INFO  o.a.m.s.f.DefaultMavenResourcesFiltering - skip non existing resourceDirectory C:\Users\Yu-Ma_WPC\Terakoya_Study\spring_boot\samuraitravel\src\test\resources
2025-12-15 00:10:37,984 [Worker-17: ビルド] INFO  o.a.m.s.f.DefaultMavenResourcesFiltering - Copying 0 resource from src\main\resources to target\classes
2025-12-15 00:10:37,990 [Worker-17: ビルド] INFO  o.a.m.s.f.DefaultMavenResourcesFiltering - Copying 0 resource from src\main\resources to target\classes
2025-12-15 00:10:37,993 [Worker-17: ビルド] INFO  o.a.m.s.f.DefaultMavenResourcesFiltering - skip non existing resourceDirectory C:\Users\Yu-Ma_WPC\Terakoya_Study\spring_boot\samuraitravel\src\test\resources
2025-12-15 00:12:16,637 [Worker-18: ビルド] INFO  o.a.m.s.f.DefaultMavenResourcesFiltering - Copying 0 resource from src\main\resources to target\classes
2025-12-15 00:12:16,642 [Worker-18: ビルド] INFO  o.a.m.s.f.DefaultMavenResourcesFiltering - Copying 2 resources from src\main\resources to target\classes
2025-12-15 00:12:16,651 [Worker-18: ビルド] INFO  o.a.m.s.f.DefaultMavenResourcesFiltering - skip non existing resourceDirectory C:\Users\Yu-Ma_WPC\Terakoya_Study\spring_boot\samuraitravel\src\test\resources
2025-12-21 13:07:37,840 [Worker-2: Loading available Gradle versions] INFO  o.e.b.c.i.u.g.PublishedGradleVersions - Gradle version information cache is out-of-date. Trying to update.
2025-12-21 13:24:30,640 [Worker-2: ビルド] INFO  o.a.m.s.f.DefaultMavenResourcesFiltering - Copying 2 resources from src\main\resources to target\classes
2025-12-21 13:24:30,683 [Worker-2: ビルド] INFO  o.a.m.s.f.DefaultMavenResourcesFiltering - Copying 33 resources from src\main\resources to target\classes
2025-12-21 13:24:30,738 [Worker-2: ビルド] INFO  o.a.m.s.f.DefaultMavenResourcesFiltering - skip non existing resourceDirectory C:\Users\Yu-Ma_WPC\Terakoya_Study\spring_boot\samuraitravel\src\test\resources
2025-12-21 13:34:47,704 [Worker-21: ビルド] INFO  o.a.m.s.f.DefaultMavenResourcesFiltering - Copying 2 resources from src\main\resources to target\classes
2025-12-21 13:34:47,726 [Worker-21: ビルド] INFO  o.a.m.s.f.DefaultMavenResourcesFiltering - Copying 33 resources from src\main\resources to target\classes
2025-12-21 13:34:47,747 [Worker-21: ビルド] INFO  o.a.m.s.f.DefaultMavenResourcesFiltering - skip non existing resourceDirectory C:\Users\Yu-Ma_WPC\Terakoya_Study\spring_boot\samuraitravel\src\test\resources
2025-12-21 13:51:22,723 [Worker-6: ビルド] INFO  o.a.m.s.f.DefaultMavenResourcesFiltering - Copying 0 resource from src\main\resources to target\classes
2025-12-21 13:51:22,740 [Worker-6: ビルド] INFO  o.a.m.s.f.DefaultMavenResourcesFiltering - Copying 1 resource from src\main\resources to target\classes
2025-12-21 13:51:22,740 [Worker-6: ビルド] INFO  o.a.m.s.f.DefaultMavenResourcesFiltering - skip non existing resourceDirectory C:\Users\Yu-Ma_WPC\Terakoya_Study\spring_boot\samuraitravel\src\test\resources
2025-12-21 13:51:40,636 [Worker-21: ビルド] INFO  o.a.m.s.f.DefaultMavenResourcesFiltering - Copying 0 resource from src\main\resources to target\classes
2025-12-21 13:51:40,658 [Worker-21: ビルド] INFO  o.a.m.s.f.DefaultMavenResourcesFiltering - Copying 1 resource from src\main\resources to target\classes
2025-12-21 13:51:40,668 [Worker-21: ビルド] INFO  o.a.m.s.f.DefaultMavenResourcesFiltering - skip non existing resourceDirectory C:\Users\Yu-Ma_WPC\Terakoya_Study\spring_boot\samuraitravel\src\test\resources
2025-12-21 13:55:12,915 [Worker-24: ビルド] INFO  o.a.m.s.f.DefaultMavenResourcesFiltering - Copying 0 resource from src\main\resources to target\classes
2025-12-21 13:55:12,930 [Worker-24: ビルド] INFO  o.a.m.s.f.DefaultMavenResourcesFiltering - Copying 1 resource from src\main\resources to target\classes
2025-12-21 13:55:12,937 [Worker-24: ビルド] INFO  o.a.m.s.f.DefaultMavenResourcesFiltering - skip non existing resourceDirectory C:\Users\Yu-Ma_WPC\Terakoya_Study\spring_boot\samuraitravel\src\test\resources
2025-12-21 14:19:16,522 [Worker-26: ビルド] INFO  o.a.m.s.f.DefaultMavenResourcesFiltering - Copying 0 resource from src\main\resources to target\classes
2025-12-21 14:19:16,538 [Worker-26: ビルド] INFO  o.a.m.s.f.DefaultMavenResourcesFiltering - Copying 0 resource from src\main\resources to target\classes
2025-12-21 14:19:16,544 [Worker-26: ビルド] INFO  o.a.m.s.f.DefaultMavenResourcesFiltering - skip non existing resourceDirectory C:\Users\Yu-Ma_WPC\Terakoya_Study\spring_boot\samuraitravel\src\test\resources
2025-12-21 14:19:43,338 [Worker-27: ビルド] INFO  o.a.m.s.f.DefaultMavenResourcesFiltering - Copying 0 resource from src\main\resources to target\classes
2025-12-21 14:19:43,349 [Worker-27: ビルド] INFO  o.a.m.s.f.DefaultMavenResourcesFiltering - Copying 0 resource from src\main\resources to target\classes
2025-12-21 14:19:43,354 [Worker-27: ビルド] INFO  o.a.m.s.f.DefaultMavenResourcesFiltering - skip non existing resourceDirectory C:\Users\Yu-Ma_WPC\Terakoya_Study\spring_boot\samuraitravel\src\test\resources
2025-12-21 14:20:44,402 [Worker-2: ビルド] INFO  o.a.m.s.f.DefaultMavenResourcesFiltering - Copying 0 resource from src\main\resources to target\classes
2025-12-21 14:20:44,431 [Worker-2: ビルド] INFO  o.a.m.s.f.DefaultMavenResourcesFiltering - Copying 2 resources from src\main\resources to target\classes
2025-12-21 14:20:44,480 [Worker-2: ビルド] INFO  o.a.m.s.f.DefaultMavenResourcesFiltering - skip non existing resourceDirectory C:\Users\Yu-Ma_WPC\Terakoya_Study\spring_boot\samuraitravel\src\test\resources
2025-12-21 15:47:42,598 [Worker-27: ビルド] INFO  o.a.m.s.f.DefaultMavenResourcesFiltering - Copying 2 resources from src\main\resources to target\classes
2025-12-21 15:47:42,621 [Worker-27: ビルド] INFO  o.a.m.s.f.DefaultMavenResourcesFiltering - Copying 36 resources from src\main\resources to target\classes
2025-12-21 15:47:42,650 [Worker-27: ビルド] INFO  o.a.m.s.f.DefaultMavenResourcesFiltering - skip non existing resourceDirectory C:\Users\Yu-Ma_WPC\Terakoya_Study\spring_boot\samuraitravel\src\test\resources
2025-12-21 15:48:05,550 [Worker-2: ビルド] INFO  o.a.m.s.f.DefaultMavenResourcesFiltering - Copying 2 resources from src\main\resources to target\classes
2025-12-21 15:48:05,569 [Worker-2: ビルド] INFO  o.a.m.s.f.DefaultMavenResourcesFiltering - Copying 36 resources from src\main\resources to target\classes
2025-12-21 15:48:05,585 [Worker-2: ビルド] INFO  o.a.m.s.f.DefaultMavenResourcesFiltering - skip non existing resourceDirectory C:\Users\Yu-Ma_WPC\Terakoya_Study\spring_boot\samuraitravel\src\test\resources
2025-12-21 15:48:54,407 [Worker-31: ビルド] INFO  o.a.m.s.f.DefaultMavenResourcesFiltering - Copying 2 resources from src\main\resources to target\classes
2025-12-21 15:48:54,417 [Worker-31: ビルド] INFO  o.a.m.s.f.DefaultMavenResourcesFiltering - Copying 36 resources from src\main\resources to target\classes
2025-12-21 15:48:54,429 [Worker-31: ビルド] INFO  o.a.m.s.f.DefaultMavenResourcesFiltering - skip non existing resourceDirectory C:\Users\Yu-Ma_WPC\Terakoya_Study\spring_boot\samuraitravel\src\test\resources
2025-12-21 15:49:42,983 [Worker-27: ビルド] INFO  o.a.m.s.f.DefaultMavenResourcesFiltering - Copying 0 resource from src\main\resources to target\classes
2025-12-21 15:49:42,991 [Worker-27: ビルド] INFO  o.a.m.s.f.DefaultMavenResourcesFiltering - Copying 1 resource from src\main\resources to target\classes
2025-12-21 15:49:42,995 [Worker-27: ビルド] INFO  o.a.m.s.f.DefaultMavenResourcesFiltering - skip non existing resourceDirectory C:\Users\Yu-Ma_WPC\Terakoya_Study\spring_boot\samuraitravel\src\test\resources
2025-12-21 15:49:59,424 [Worker-28: ビルド] INFO  o.a.m.s.f.DefaultMavenResourcesFiltering - Copying 0 resource from src\main\resources to target\classes
2025-12-21 15:49:59,430 [Worker-28: ビルド] INFO  o.a.m.s.f.DefaultMavenResourcesFiltering - Copying 1 resource from src\main\resources to target\classes
2025-12-21 15:49:59,435 [Worker-28: ビルド] INFO  o.a.m.s.f.DefaultMavenResourcesFiltering - skip non existing resourceDirectory C:\Users\Yu-Ma_WPC\Terakoya_Study\spring_boot\samuraitravel\src\test\resources
2025-12-21 15:51:33,238 [Worker-23: ビルド] INFO  o.a.m.s.f.DefaultMavenResourcesFiltering - Copying 0 resource from src\main\resources to target\classes
2025-12-21 15:51:33,246 [Worker-23: ビルド] INFO  o.a.m.s.f.DefaultMavenResourcesFiltering - Copying 1 resource from src\main\resources to target\classes
2025-12-21 15:51:33,251 [Worker-23: ビルド] INFO  o.a.m.s.f.DefaultMavenResourcesFiltering - skip non existing resourceDirectory C:\Users\Yu-Ma_WPC\Terakoya_Study\spring_boot\samuraitravel\src\test\resources
2025-12-21 16:02:49,161 [Worker-32: ビルド] INFO  o.a.m.s.f.DefaultMavenResourcesFiltering - Copying 2 resources from src\main\resources to target\classes
2025-12-21 16:02:49,357 [Worker-32: ビルド] INFO  o.a.m.s.f.DefaultMavenResourcesFiltering - Copying 37 resources from src\main\resources to target\classes
2025-12-21 16:02:49,381 [Worker-32: ビルド] INFO  o.a.m.s.f.DefaultMavenResourcesFiltering - skip non existing resourceDirectory C:\Users\Yu-Ma_WPC\Terakoya_Study\spring_boot\samuraitravel\src\test\resources
2025-12-21 16:14:34,127 [Worker-36: ビルド] INFO  o.a.m.s.f.DefaultMavenResourcesFiltering - Copying 0 resource from src\main\resources to target\classes
2025-12-21 16:14:34,134 [Worker-36: ビルド] INFO  o.a.m.s.f.DefaultMavenResourcesFiltering - Copying 0 resource from src\main\resources to target\classes
2025-12-21 16:14:34,140 [Worker-36: ビルド] INFO  o.a.m.s.f.DefaultMavenResourcesFiltering - skip non existing resourceDirectory C:\Users\Yu-Ma_WPC\Terakoya_Study\spring_boot\samuraitravel\src\test\resources
2025-12-21 16:15:19,549 [Worker-39: ビルド] INFO  o.a.m.s.f.DefaultMavenResourcesFiltering - Copying 0 resource from src\main\resources to target\classes
2025-12-21 16:15:19,561 [Worker-39: ビルド] INFO  o.a.m.s.f.DefaultMavenResourcesFiltering - Copying 2 resources from src\main\resources to target\classes
2025-12-21 16:15:19,585 [Worker-39: ビルド] INFO  o.a.m.s.f.DefaultMavenResourcesFiltering - skip non existing resourceDirectory C:\Users\Yu-Ma_WPC\Terakoya_Study\spring_boot\samuraitravel\src\test\resources
2025-12-21 16:18:58,518 [Worker-23: ビルド] INFO  o.a.m.s.f.DefaultMavenResourcesFiltering - Copying 2 resources from src\main\resources to target\classes
2025-12-21 16:18:58,548 [Worker-23: ビルド] INFO  o.a.m.s.f.DefaultMavenResourcesFiltering - Copying 39 resources from src\main\resources to target\classes
2025-12-21 16:18:58,578 [Worker-23: ビルド] INFO  o.a.m.s.f.DefaultMavenResourcesFiltering - skip non existing resourceDirectory C:\Users\Yu-Ma_WPC\Terakoya_Study\spring_boot\samuraitravel\src\test\resources
2025-12-21 16:20:14,366 [Worker-42: ビルド] INFO  o.a.m.s.f.DefaultMavenResourcesFiltering - Copying 2 resources from src\main\resources to target\classes
2025-12-21 16:20:14,377 [Worker-42: ビルド] INFO  o.a.m.s.f.DefaultMavenResourcesFiltering - Copying 39 resources from src\main\resources to target\classes
2025-12-21 16:20:14,390 [Worker-42: ビルド] INFO  o.a.m.s.f.DefaultMavenResourcesFiltering - skip non existing resourceDirectory C:\Users\Yu-Ma_WPC\Terakoya_Study\spring_boot\samuraitravel\src\test\resources
2025-12-21 16:25:51,585 [Worker-23: ビルド] INFO  o.a.m.s.f.DefaultMavenResourcesFiltering - Copying 2 resources from src\main\resources to target\classes
2025-12-21 16:25:51,604 [Worker-23: ビルド] INFO  o.a.m.s.f.DefaultMavenResourcesFiltering - Copying 39 resources from src\main\resources to target\classes
2025-12-21 16:25:51,620 [Worker-23: ビルド] INFO  o.a.m.s.f.DefaultMavenResourcesFiltering - skip non existing resourceDirectory C:\Users\Yu-Ma_WPC\Terakoya_Study\spring_boot\samuraitravel\src\test\resources
2025-12-21 16:27:39,885 [Worker-39: ビルド] INFO  o.a.m.s.f.DefaultMavenResourcesFiltering - Copying 0 resource from src\main\resources to target\classes
2025-12-21 16:27:39,893 [Worker-39: ビルド] INFO  o.a.m.s.f.DefaultMavenResourcesFiltering - Copying 0 resource from src\main\resources to target\classes
2025-12-21 16:27:39,897 [Worker-39: ビルド] INFO  o.a.m.s.f.DefaultMavenResourcesFiltering - skip non existing resourceDirectory C:\Users\Yu-Ma_WPC\Terakoya_Study\spring_boot\samuraitravel\src\test\resources
2025-12-21 16:28:38,674 [Worker-42: ビルド] INFO  o.a.m.s.f.DefaultMavenResourcesFiltering - Copying 0 resource from src\main\resources to target\classes
2025-12-21 16:28:38,682 [Worker-42: ビルド] INFO  o.a.m.s.f.DefaultMavenResourcesFiltering - Copying 0 resource from src\main\resources to target\classes
2025-12-21 16:28:38,686 [Worker-42: ビルド] INFO  o.a.m.s.f.DefaultMavenResourcesFiltering - skip non existing resourceDirectory C:\Users\Yu-Ma_WPC\Terakoya_Study\spring_boot\samuraitravel\src\test\resources
2025-12-21 16:30:35,512 [Worker-45: ビルド] INFO  o.a.m.s.f.DefaultMavenResourcesFiltering - Copying 0 resource from src\main\resources to target\classes
2025-12-21 16:30:35,519 [Worker-45: ビルド] INFO  o.a.m.s.f.DefaultMavenResourcesFiltering - Copying 1 resource from src\main\resources to target\classes
2025-12-21 16:30:35,545 [Worker-45: ビルド] INFO  o.a.m.s.f.DefaultMavenResourcesFiltering - skip non existing resourceDirectory C:\Users\Yu-Ma_WPC\Terakoya_Study\spring_boot\samuraitravel\src\test\resources
2025-12-21 16:30:38,650 [Worker-44: ビルド] INFO  o.a.m.s.f.DefaultMavenResourcesFiltering - Copying 2 resources from src\main\resources to target\classes
2025-12-21 16:30:38,657 [Worker-44: ビルド] INFO  o.a.m.s.f.DefaultMavenResourcesFiltering - Copying 41 resources from src\main\resources to target\classes
2025-12-21 16:30:38,689 [Worker-44: ビルド] INFO  o.a.m.s.f.DefaultMavenResourcesFiltering - skip non existing resourceDirectory C:\Users\Yu-Ma_WPC\Terakoya_Study\spring_boot\samuraitravel\src\test\resources
2025-12-21 21:20:17,477 [Worker-6: Loading available Gradle versions] INFO  o.e.b.c.i.u.g.PublishedGradleVersions - Gradle version information cache is up-to-date. Trying to read.
2025-12-21 21:22:56,438 [Worker-2: ビルド] INFO  o.a.m.s.f.DefaultMavenResourcesFiltering - Copying 2 resources from src\main\resources to target\classes
2025-12-21 21:22:56,514 [Worker-2: ビルド] INFO  o.a.m.s.f.DefaultMavenResourcesFiltering - Copying 41 resources from src\main\resources to target\classes
2025-12-21 21:22:56,588 [Worker-2: ビルド] INFO  o.a.m.s.f.DefaultMavenResourcesFiltering - skip non existing resourceDirectory C:\Users\Yu-Ma_WPC\Terakoya_Study\spring_boot\samuraitravel\src\test\resources
2025-12-21 21:23:01,232 [Worker-12: ビルド] INFO  o.a.m.s.f.DefaultMavenResourcesFiltering - Copying 2 resources from src\main\resources to target\classes
2025-12-21 21:23:01,269 [Worker-12: ビルド] INFO  o.a.m.s.f.DefaultMavenResourcesFiltering - Copying 41 resources from src\main\resources to target\classes
2025-12-21 21:23:01,300 [Worker-12: ビルド] INFO  o.a.m.s.f.DefaultMavenResourcesFiltering - skip non existing resourceDirectory C:\Users\Yu-Ma_WPC\Terakoya_Study\spring_boot\samuraitravel\src\test\resources
2025-12-21 21:24:26,716 [Worker-16: ビルド] INFO  o.a.m.s.f.DefaultMavenResourcesFiltering - Copying 2 resources from src\main\resources to target\classes
2025-12-21 21:24:26,770 [Worker-16: ビルド] INFO  o.a.m.s.f.DefaultMavenResourcesFiltering - Copying 41 resources from src\main\resources to target\classes
2025-12-21 21:24:26,810 [Worker-16: ビルド] INFO  o.a.m.s.f.DefaultMavenResourcesFiltering - skip non existing resourceDirectory C:\Users\Yu-Ma_WPC\Terakoya_Study\spring_boot\samuraitravel\src\test\resources
2025-12-21 21:24:49,130 [Worker-6: ビルド] INFO  o.a.m.s.f.DefaultMavenResourcesFiltering - Copying 2 resources from src\main\resources to target\classes
2025-12-21 21:24:49,145 [Worker-6: ビルド] INFO  o.a.m.s.f.DefaultMavenResourcesFiltering - Copying 41 resources from src\main\resources to target\classes
2025-12-21 21:24:49,167 [Worker-6: ビルド] INFO  o.a.m.s.f.DefaultMavenResourcesFiltering - skip non existing resourceDirectory C:\Users\Yu-Ma_WPC\Terakoya_Study\spring_boot\samuraitravel\src\test\resources
2025-12-21 21:25:25,849 [Worker-1: ビルド] INFO  o.a.m.s.f.DefaultMavenResourcesFiltering - Copying 2 resources from src\main\resources to target\classes
2025-12-21 21:25:25,903 [Worker-1: ビルド] INFO  o.a.m.s.f.DefaultMavenResourcesFiltering - Copying 41 resources from src\main\resources to target\classes
2025-12-21 21:25:25,946 [Worker-1: ビルド] INFO  o.a.m.s.f.DefaultMavenResourcesFiltering - skip non existing resourceDirectory C:\Users\Yu-Ma_WPC\Terakoya_Study\spring_boot\samuraitravel\src\test\resources
2025-12-21 21:25:57,530 [Worker-5: ビルド] INFO  o.a.m.s.f.DefaultMavenResourcesFiltering - Copying 2 resources from src\main\resources to target\classes
2025-12-21 21:25:57,563 [Worker-5: ビルド] INFO  o.a.m.s.f.DefaultMavenResourcesFiltering - Copying 41 resources from src\main\resources to target\classes
2025-12-21 21:25:57,590 [Worker-5: ビルド] INFO  o.a.m.s.f.DefaultMavenResourcesFiltering - skip non existing resourceDirectory C:\Users\Yu-Ma_WPC\Terakoya_Study\spring_boot\samuraitravel\src\test\resources
2025-12-21 21:27:21,772 [Worker-6: ビルド] INFO  o.a.m.s.f.DefaultMavenResourcesFiltering - Copying 0 resource from src\main\resources to target\classes
2025-12-21 21:27:21,796 [Worker-6: ビルド] INFO  o.a.m.s.f.DefaultMavenResourcesFiltering - Copying 1 resource from src\main\resources to target\classes
2025-12-21 21:27:21,806 [Worker-6: ビルド] INFO  o.a.m.s.f.DefaultMavenResourcesFiltering - skip non existing resourceDirectory C:\Users\Yu-Ma_WPC\Terakoya_Study\spring_boot\samuraitravel\src\test\resources
2025-12-21 21:27:42,027 [Worker-16: ビルド] INFO  o.a.m.s.f.DefaultMavenResourcesFiltering - Copying 0 resource from src\main\resources to target\classes
2025-12-21 21:27:42,042 [Worker-16: ビルド] INFO  o.a.m.s.f.DefaultMavenResourcesFiltering - Copying 1 resource from src\main\resources to target\classes
2025-12-21 21:27:42,054 [Worker-16: ビルド] INFO  o.a.m.s.f.DefaultMavenResourcesFiltering - skip non existing resourceDirectory C:\Users\Yu-Ma_WPC\Terakoya_Study\spring_boot\samuraitravel\src\test\resources
2025-12-21 21:28:52,836 [Worker-4: ビルド] INFO  o.a.m.s.f.DefaultMavenResourcesFiltering - Copying 0 resource from src\main\resources to target\classes
2025-12-21 21:28:52,854 [Worker-4: ビルド] INFO  o.a.m.s.f.DefaultMavenResourcesFiltering - Copying 1 resource from src\main\resources to target\classes
2025-12-21 21:28:52,866 [Worker-4: ビルド] INFO  o.a.m.s.f.DefaultMavenResourcesFiltering - skip non existing resourceDirectory C:\Users\Yu-Ma_WPC\Terakoya_Study\spring_boot\samuraitravel\src\test\resources
2025-12-21 21:36:25,725 [Worker-5: ビルド] INFO  o.a.m.s.f.DefaultMavenResourcesFiltering - Copying 0 resource from src\main\resources to target\classes
2025-12-21 21:36:25,753 [Worker-5: ビルド] INFO  o.a.m.s.f.DefaultMavenResourcesFiltering - Copying 0 resource from src\main\resources to target\classes
2025-12-21 21:36:25,758 [Worker-5: ビルド] INFO  o.a.m.s.f.DefaultMavenResourcesFiltering - skip non existing resourceDirectory C:\Users\Yu-Ma_WPC\Terakoya_Study\spring_boot\samuraitravel\src\test\resources
2025-12-21 21:36:47,978 [Worker-21: ビルド] INFO  o.a.m.s.f.DefaultMavenResourcesFiltering - Copying 0 resource from src\main\resources to target\classes
2025-12-21 21:36:47,995 [Worker-21: ビルド] INFO  o.a.m.s.f.DefaultMavenResourcesFiltering - Copying 0 resource from src\main\resources to target\classes
2025-12-21 21:36:48,000 [Worker-21: ビルド] INFO  o.a.m.s.f.DefaultMavenResourcesFiltering - skip non existing resourceDirectory C:\Users\Yu-Ma_WPC\Terakoya_Study\spring_boot\samuraitravel\src\test\resources
2025-12-21 21:41:15,799 [Worker-18: ビルド] INFO  o.a.m.s.f.DefaultMavenResourcesFiltering - Copying 0 resource from src\main\resources to target\classes
2025-12-21 21:41:15,827 [Worker-18: ビルド] INFO  o.a.m.s.f.DefaultMavenResourcesFiltering - Copying 2 resources from src\main\resources to target\classes
2025-12-21 21:41:15,848 [Worker-18: ビルド] INFO  o.a.m.s.f.DefaultMavenResourcesFiltering - skip non existing resourceDirectory C:\Users\Yu-Ma_WPC\Terakoya_Study\spring_boot\samuraitravel\src\test\resources
2025-12-21 21:44:45,063 [Worker-19: ビルド] INFO  o.a.m.s.f.DefaultMavenResourcesFiltering - Copying 2 resources from src\main\resources to target\classes
2025-12-21 21:44:45,128 [Worker-19: ビルド] INFO  o.a.m.s.f.DefaultMavenResourcesFiltering - Copying 44 resources from src\main\resources to target\classes
2025-12-21 21:44:45,169 [Worker-19: ビルド] INFO  o.a.m.s.f.DefaultMavenResourcesFiltering - skip non existing resourceDirectory C:\Users\Yu-Ma_WPC\Terakoya_Study\spring_boot\samuraitravel\src\test\resources
2025-12-21 21:45:05,183 [Worker-18: ビルド] INFO  o.a.m.s.f.DefaultMavenResourcesFiltering - Copying 2 resources from src\main\resources to target\classes
2025-12-21 21:45:05,211 [Worker-18: ビルド] INFO  o.a.m.s.f.DefaultMavenResourcesFiltering - Copying 44 resources from src\main\resources to target\classes
2025-12-21 21:45:05,248 [Worker-18: ビルド] INFO  o.a.m.s.f.DefaultMavenResourcesFiltering - skip non existing resourceDirectory C:\Users\Yu-Ma_WPC\Terakoya_Study\spring_boot\samuraitravel\src\test\resources
2025-12-21 21:45:47,521 [Worker-18: ビルド] INFO  o.a.m.s.f.DefaultMavenResourcesFiltering - Copying 2 resources from src\main\resources to target\classes
2025-12-21 21:45:47,555 [Worker-18: ビルド] INFO  o.a.m.s.f.DefaultMavenResourcesFiltering - Copying 44 resources from src\main\resources to target\classes
2025-12-21 21:45:47,580 [Worker-18: ビルド] INFO  o.a.m.s.f.DefaultMavenResourcesFiltering - skip non existing resourceDirectory C:\Users\Yu-Ma_WPC\Terakoya_Study\spring_boot\samuraitravel\src\test\resources
2025-12-21 21:46:23,349 [Worker-26: ビルド] INFO  o.a.m.s.f.DefaultMavenResourcesFiltering - Copying 2 resources from src\main\resources to target\classes
2025-12-21 21:46:23,378 [Worker-26: ビルド] INFO  o.a.m.s.f.DefaultMavenResourcesFiltering - Copying 44 resources from src\main\resources to target\classes
2025-12-21 21:46:23,413 [Worker-26: ビルド] INFO  o.a.m.s.f.DefaultMavenResourcesFiltering - skip non existing resourceDirectory C:\Users\Yu-Ma_WPC\Terakoya_Study\spring_boot\samuraitravel\src\test\resources
2025-12-21 21:47:01,043 [Worker-19: ビルド] INFO  o.a.m.s.f.DefaultMavenResourcesFiltering - Copying 0 resource from src\main\resources to target\classes
2025-12-21 21:47:01,071 [Worker-19: ビルド] INFO  o.a.m.s.f.DefaultMavenResourcesFiltering - Copying 1 resource from src\main\resources to target\classes
2025-12-21 21:47:01,078 [Worker-19: ビルド] INFO  o.a.m.s.f.DefaultMavenResourcesFiltering - skip non existing resourceDirectory C:\Users\Yu-Ma_WPC\Terakoya_Study\spring_boot\samuraitravel\src\test\resources
2025-12-21 21:47:13,404 [Worker-25: ビルド] INFO  o.a.m.s.f.DefaultMavenResourcesFiltering - Copying 0 resource from src\main\resources to target\classes
2025-12-21 21:47:13,415 [Worker-25: ビルド] INFO  o.a.m.s.f.DefaultMavenResourcesFiltering - Copying 1 resource from src\main\resources to target\classes
2025-12-21 21:47:13,422 [Worker-25: ビルド] INFO  o.a.m.s.f.DefaultMavenResourcesFiltering - skip non existing resourceDirectory C:\Users\Yu-Ma_WPC\Terakoya_Study\spring_boot\samuraitravel\src\test\resources
2025-12-21 21:48:01,435 [Worker-25: ビルド] INFO  o.a.m.s.f.DefaultMavenResourcesFiltering - Copying 0 resource from src\main\resources to target\classes
2025-12-21 21:48:01,459 [Worker-25: ビルド] INFO  o.a.m.s.f.DefaultMavenResourcesFiltering - Copying 1 resource from src\main\resources to target\classes
2025-12-21 21:48:01,475 [Worker-25: ビルド] INFO  o.a.m.s.f.DefaultMavenResourcesFiltering - skip non existing resourceDirectory C:\Users\Yu-Ma_WPC\Terakoya_Study\spring_boot\samuraitravel\src\test\resources
2025-12-21 21:48:50,437 [Worker-26: ビルド] INFO  o.a.m.s.f.DefaultMavenResourcesFiltering - Copying 0 resource from src\main\resources to target\classes
2025-12-21 21:48:50,457 [Worker-26: ビルド] INFO  o.a.m.s.f.DefaultMavenResourcesFiltering - Copying 1 resource from src\main\resources to target\classes
2025-12-21 21:48:50,465 [Worker-26: ビルド] INFO  o.a.m.s.f.DefaultMavenResourcesFiltering - skip non existing resourceDirectory C:\Users\Yu-Ma_WPC\Terakoya_Study\spring_boot\samuraitravel\src\test\resources
2025-12-21 21:55:03,952 [Worker-19: ビルド] INFO  o.a.m.s.f.DefaultMavenResourcesFiltering - Copying 0 resource from src\main\resources to target\classes
2025-12-21 21:55:03,965 [Worker-19: ビルド] INFO  o.a.m.s.f.DefaultMavenResourcesFiltering - Copying 0 resource from src\main\resources to target\classes
2025-12-21 21:55:03,969 [Worker-19: ビルド] INFO  o.a.m.s.f.DefaultMavenResourcesFiltering - skip non existing resourceDirectory C:\Users\Yu-Ma_WPC\Terakoya_Study\spring_boot\samuraitravel\src\test\resources
2025-12-21 21:56:00,436 [Worker-26: ビルド] INFO  o.a.m.s.f.DefaultMavenResourcesFiltering - Copying 0 resource from src\main\resources to target\classes
2025-12-21 21:56:00,453 [Worker-26: ビルド] INFO  o.a.m.s.f.DefaultMavenResourcesFiltering - Copying 2 resources from src\main\resources to target\classes
2025-12-21 21:56:00,475 [Worker-26: ビルド] INFO  o.a.m.s.f.DefaultMavenResourcesFiltering - skip non existing resourceDirectory C:\Users\Yu-Ma_WPC\Terakoya_Study\spring_boot\samuraitravel\src\test\resources
2026-01-02 12:24:23,328 [Worker-5: Loading available Gradle versions] INFO  o.e.b.c.i.u.g.PublishedGradleVersions - Gradle version information cache is out-of-date. Trying to update.
2026-01-02 12:27:36,641 [Worker-5: ビルド] INFO  o.a.m.s.f.DefaultMavenResourcesFiltering - Copying 2 resources from src\main\resources to target\classes
2026-01-02 12:27:36,670 [Worker-5: ビルド] INFO  o.a.m.s.f.DefaultMavenResourcesFiltering - Copying 47 resources from src\main\resources to target\classes
2026-01-02 12:27:36,715 [Worker-5: ビルド] INFO  o.a.m.s.f.DefaultMavenResourcesFiltering - skip non existing resourceDirectory C:\Users\Yu-Ma_WPC\Terakoya_Study\spring_boot\samuraitravel\src\test\resources
2026-01-02 12:27:39,816 [Worker-11: ビルド] INFO  o.a.m.s.f.DefaultMavenResourcesFiltering - Copying 2 resources from src\main\resources to target\classes
2026-01-02 12:27:39,826 [Worker-11: ビルド] INFO  o.a.m.s.f.DefaultMavenResourcesFiltering - Copying 47 resources from src\main\resources to target\classes
2026-01-02 12:27:39,841 [Worker-11: ビルド] INFO  o.a.m.s.f.DefaultMavenResourcesFiltering - skip non existing resourceDirectory C:\Users\Yu-Ma_WPC\Terakoya_Study\spring_boot\samuraitravel\src\test\resources
2026-01-02 12:28:59,701 [Worker-16: ビルド] INFO  o.a.m.s.f.DefaultMavenResourcesFiltering - Copying 2 resources from src\main\resources to target\classes
2026-01-02 12:28:59,712 [Worker-16: ビルド] INFO  o.a.m.s.f.DefaultMavenResourcesFiltering - Copying 47 resources from src\main\resources to target\classes
2026-01-02 12:28:59,731 [Worker-16: ビルド] INFO  o.a.m.s.f.DefaultMavenResourcesFiltering - skip non existing resourceDirectory C:\Users\Yu-Ma_WPC\Terakoya_Study\spring_boot\samuraitravel\src\test\resources
2026-01-02 12:29:56,299 [Worker-5: ビルド] INFO  o.a.m.s.f.DefaultMavenResourcesFiltering - Copying 2 resources from src\main\resources to target\classes
2026-01-02 12:29:56,321 [Worker-5: ビルド] INFO  o.a.m.s.f.DefaultMavenResourcesFiltering - Copying 47 resources from src\main\resources to target\classes
2026-01-02 12:29:56,338 [Worker-5: ビルド] INFO  o.a.m.s.f.DefaultMavenResourcesFiltering - skip non existing resourceDirectory C:\Users\Yu-Ma_WPC\Terakoya_Study\spring_boot\samuraitravel\src\test\resources
2026-01-02 12:30:32,776 [Worker-15: ビルド] INFO  o.a.m.s.f.DefaultMavenResourcesFiltering - Copying 2 resources from src\main\resources to target\classes
2026-01-02 12:30:32,789 [Worker-15: ビルド] INFO  o.a.m.s.f.DefaultMavenResourcesFiltering - Copying 47 resources from src\main\resources to target\classes
2026-01-02 12:30:32,804 [Worker-15: ビルド] INFO  o.a.m.s.f.DefaultMavenResourcesFiltering - skip non existing resourceDirectory C:\Users\Yu-Ma_WPC\Terakoya_Study\spring_boot\samuraitravel\src\test\resources
2026-01-02 12:31:55,573 [Worker-16: ビルド] INFO  o.a.m.s.f.DefaultMavenResourcesFiltering - Copying 2 resources from src\main\resources to target\classes
2026-01-02 12:31:55,591 [Worker-16: ビルド] INFO  o.a.m.s.f.DefaultMavenResourcesFiltering - Copying 47 resources from src\main\resources to target\classes
2026-01-02 12:31:55,607 [Worker-16: ビルド] INFO  o.a.m.s.f.DefaultMavenResourcesFiltering - skip non existing resourceDirectory C:\Users\Yu-Ma_WPC\Terakoya_Study\spring_boot\samuraitravel\src\test\resources
2026-01-02 12:32:56,870 [Worker-11: ビルド] INFO  o.a.m.s.f.DefaultMavenResourcesFiltering - Copying 2 resources from src\main\resources to target\classes
2026-01-02 12:32:56,886 [Worker-11: ビルド] INFO  o.a.m.s.f.DefaultMavenResourcesFiltering - Copying 47 resources from src\main\resources to target\classes
2026-01-02 12:32:56,902 [Worker-11: ビルド] INFO  o.a.m.s.f.DefaultMavenResourcesFiltering - skip non existing resourceDirectory C:\Users\Yu-Ma_WPC\Terakoya_Study\spring_boot\samuraitravel\src\test\resources
2026-01-02 12:33:00,215 [Worker-17: ビルド] INFO  o.a.m.s.f.DefaultMavenResourcesFiltering - Copying 2 resources from src\main\resources to target\classes
2026-01-02 12:33:00,224 [Worker-17: ビルド] INFO  o.a.m.s.f.DefaultMavenResourcesFiltering - Copying 47 resources from src\main\resources to target\classes
2026-01-02 12:33:00,240 [Worker-17: ビルド] INFO  o.a.m.s.f.DefaultMavenResourcesFiltering - skip non existing resourceDirectory C:\Users\Yu-Ma_WPC\Terakoya_Study\spring_boot\samuraitravel\src\test\resources
2026-01-02 12:33:46,749 [Worker-5: ビルド] INFO  o.a.m.s.f.DefaultMavenResourcesFiltering - Copying 2 resources from src\main\resources to target\classes
2026-01-02 12:33:46,764 [Worker-5: ビルド] INFO  o.a.m.s.f.DefaultMavenResourcesFiltering - Copying 47 resources from src\main\resources to target\classes
2026-01-02 12:33:46,789 [Worker-5: ビルド] INFO  o.a.m.s.f.DefaultMavenResourcesFiltering - skip non existing resourceDirectory C:\Users\Yu-Ma_WPC\Terakoya_Study\spring_boot\samuraitravel\src\test\resources
2026-01-02 12:34:18,465 [Worker-14: ビルド] INFO  o.a.m.s.f.DefaultMavenResourcesFiltering - Copying 2 resources from src\main\resources to target\classes
2026-01-02 12:34:18,474 [Worker-14: ビルド] INFO  o.a.m.s.f.DefaultMavenResourcesFiltering - Copying 47 resources from src\main\resources to target\classes
2026-01-02 12:34:18,489 [Worker-14: ビルド] INFO  o.a.m.s.f.DefaultMavenResourcesFiltering - skip non existing resourceDirectory C:\Users\Yu-Ma_WPC\Terakoya_Study\spring_boot\samuraitravel\src\test\resources
2026-01-02 12:41:51,617 [Worker-16: ビルド] INFO  o.a.m.s.f.DefaultMavenResourcesFiltering - Copying 2 resources from src\main\resources to target\classes
2026-01-02 12:41:51,641 [Worker-16: ビルド] INFO  o.a.m.s.f.DefaultMavenResourcesFiltering - Copying 47 resources from src\main\resources to target\classes
2026-01-02 12:41:51,658 [Worker-16: ビルド] INFO  o.a.m.s.f.DefaultMavenResourcesFiltering - skip non existing resourceDirectory C:\Users\Yu-Ma_WPC\Terakoya_Study\spring_boot\samuraitravel\src\test\resources
2026-01-02 12:42:19,974 [Worker-15: ビルド] INFO  o.a.m.s.f.DefaultMavenResourcesFiltering - Copying 2 resources from src\main\resources to target\classes
2026-01-02 12:42:19,991 [Worker-15: ビルド] INFO  o.a.m.s.f.DefaultMavenResourcesFiltering - Copying 47 resources from src\main\resources to target\classes
2026-01-02 12:42:20,008 [Worker-15: ビルド] INFO  o.a.m.s.f.DefaultMavenResourcesFiltering - skip non existing resourceDirectory C:\Users\Yu-Ma_WPC\Terakoya_Study\spring_boot\samuraitravel\src\test\resources
2026-01-02 12:43:08,848 [Worker-5: ビルド] INFO  o.a.m.s.f.DefaultMavenResourcesFiltering - Copying 2 resources from src\main\resources to target\classes
2026-01-02 12:43:08,864 [Worker-5: ビルド] INFO  o.a.m.s.f.DefaultMavenResourcesFiltering - Copying 47 resources from src\main\resources to target\classes
2026-01-02 12:43:08,880 [Worker-5: ビルド] INFO  o.a.m.s.f.DefaultMavenResourcesFiltering - skip non existing resourceDirectory C:\Users\Yu-Ma_WPC\Terakoya_Study\spring_boot\samuraitravel\src\test\resources
2026-01-02 12:44:14,354 [Worker-17: ビルド] INFO  o.a.m.s.f.DefaultMavenResourcesFiltering - Copying 0 resource from src\main\resources to target\classes
2026-01-02 12:44:14,365 [Worker-17: ビルド] INFO  o.a.m.s.f.DefaultMavenResourcesFiltering - Copying 1 resource from src\main\resources to target\classes
2026-01-02 12:44:14,371 [Worker-17: ビルド] INFO  o.a.m.s.f.DefaultMavenResourcesFiltering - skip non existing resourceDirectory C:\Users\Yu-Ma_WPC\Terakoya_Study\spring_boot\samuraitravel\src\test\resources
2026-01-02 12:44:26,729 [Worker-16: ビルド] INFO  o.a.m.s.f.DefaultMavenResourcesFiltering - Copying 0 resource from src\main\resources to target\classes
2026-01-02 12:44:26,737 [Worker-16: ビルド] INFO  o.a.m.s.f.DefaultMavenResourcesFiltering - Copying 1 resource from src\main\resources to target\classes
2026-01-02 12:44:26,743 [Worker-16: ビルド] INFO  o.a.m.s.f.DefaultMavenResourcesFiltering - skip non existing resourceDirectory C:\Users\Yu-Ma_WPC\Terakoya_Study\spring_boot\samuraitravel\src\test\resources
2026-01-02 12:53:17,526 [Worker-17: ビルド] INFO  o.a.m.s.f.DefaultMavenResourcesFiltering - Copying 0 resource from src\main\resources to target\classes
2026-01-02 12:53:17,534 [Worker-17: ビルド] INFO  o.a.m.s.f.DefaultMavenResourcesFiltering - Copying 1 resource from src\main\resources to target\classes
2026-01-02 12:53:17,540 [Worker-17: ビルド] INFO  o.a.m.s.f.DefaultMavenResourcesFiltering - skip non existing resourceDirectory C:\Users\Yu-Ma_WPC\Terakoya_Study\spring_boot\samuraitravel\src\test\resources
2026-01-02 12:53:38,698 [Worker-20: ビルド] INFO  o.a.m.s.f.DefaultMavenResourcesFiltering - Copying 0 resource from src\main\resources to target\classes
2026-01-02 12:53:38,710 [Worker-20: ビルド] INFO  o.a.m.s.f.DefaultMavenResourcesFiltering - Copying 1 resource from src\main\resources to target\classes
2026-01-02 12:53:38,717 [Worker-20: ビルド] INFO  o.a.m.s.f.DefaultMavenResourcesFiltering - skip non existing resourceDirectory C:\Users\Yu-Ma_WPC\Terakoya_Study\spring_boot\samuraitravel\src\test\resources
2026-01-02 13:26:27,292 [Worker-27: ビルド] INFO  o.a.m.s.f.DefaultMavenResourcesFiltering - Copying 0 resource from src\main\resources to target\classes
2026-01-02 13:26:27,306 [Worker-27: ビルド] INFO  o.a.m.s.f.DefaultMavenResourcesFiltering - Copying 1 resource from src\main\resources to target\classes
2026-01-02 13:26:27,315 [Worker-27: ビルド] INFO  o.a.m.s.f.DefaultMavenResourcesFiltering - skip non existing resourceDirectory C:\Users\Yu-Ma_WPC\Terakoya_Study\spring_boot\samuraitravel\src\test\resources
2026-01-02 13:27:40,780 [Worker-5: ビルド] INFO  o.a.m.s.f.DefaultMavenResourcesFiltering - Copying 0 resource from src\main\resources to target\classes
2026-01-02 13:27:40,797 [Worker-5: ビルド] INFO  o.a.m.s.f.DefaultMavenResourcesFiltering - Copying 0 resource from src\main\resources to target\classes
2026-01-02 13:27:40,806 [Worker-5: ビルド] INFO  o.a.m.s.f.DefaultMavenResourcesFiltering - skip non existing resourceDirectory C:\Users\Yu-Ma_WPC\Terakoya_Study\spring_boot\samuraitravel\src\test\resources
2026-01-02 13:28:06,634 [Worker-28: ビルド] INFO  o.a.m.s.f.DefaultMavenResourcesFiltering - Copying 0 resource from src\main\resources to target\classes
2026-01-02 13:28:06,643 [Worker-28: ビルド] INFO  o.a.m.s.f.DefaultMavenResourcesFiltering - Copying 0 resource from src\main\resources to target\classes
2026-01-02 13:28:06,649 [Worker-28: ビルド] INFO  o.a.m.s.f.DefaultMavenResourcesFiltering - skip non existing resourceDirectory C:\Users\Yu-Ma_WPC\Terakoya_Study\spring_boot\samuraitravel\src\test\resources
2026-01-02 13:28:55,392 [Worker-31: ビルド] INFO  o.a.m.s.f.DefaultMavenResourcesFiltering - Copying 0 resource from src\main\resources to target\classes
2026-01-02 13:28:55,408 [Worker-31: ビルド] INFO  o.a.m.s.f.DefaultMavenResourcesFiltering - Copying 2 resources from src\main\resources to target\classes
2026-01-02 13:28:55,421 [Worker-31: ビルド] INFO  o.a.m.s.f.DefaultMavenResourcesFiltering - skip non existing resourceDirectory C:\Users\Yu-Ma_WPC\Terakoya_Study\spring_boot\samuraitravel\src\test\resources
2026-01-02 13:55:12,884 [Worker-33: ビルド] INFO  o.a.m.s.f.DefaultMavenResourcesFiltering - Copying 2 resources from src\main\resources to target\classes
2026-01-02 13:55:12,905 [Worker-33: ビルド] INFO  o.a.m.s.f.DefaultMavenResourcesFiltering - Copying 50 resources from src\main\resources to target\classes
2026-01-02 13:55:12,926 [Worker-33: ビルド] INFO  o.a.m.s.f.DefaultMavenResourcesFiltering - skip non existing resourceDirectory C:\Users\Yu-Ma_WPC\Terakoya_Study\spring_boot\samuraitravel\src\test\resources
2026-01-02 13:56:27,639 [Worker-28: ビルド] INFO  o.a.m.s.f.DefaultMavenResourcesFiltering - Copying 2 resources from src\main\resources to target\classes
2026-01-02 13:56:27,663 [Worker-28: ビルド] INFO  o.a.m.s.f.DefaultMavenResourcesFiltering - Copying 50 resources from src\main\resources to target\classes
2026-01-02 13:56:27,687 [Worker-28: ビルド] INFO  o.a.m.s.f.DefaultMavenResourcesFiltering - skip non existing resourceDirectory C:\Users\Yu-Ma_WPC\Terakoya_Study\spring_boot\samuraitravel\src\test\resources
2026-01-02 13:59:10,892 [Worker-34: ビルド] INFO  o.a.m.s.f.DefaultMavenResourcesFiltering - Copying 2 resources from src\main\resources to target\classes
2026-01-02 13:59:10,916 [Worker-34: ビルド] INFO  o.a.m.s.f.DefaultMavenResourcesFiltering - Copying 50 resources from src\main\resources to target\classes
2026-01-02 13:59:10,943 [Worker-34: ビルド] INFO  o.a.m.s.f.DefaultMavenResourcesFiltering - skip non existing resourceDirectory C:\Users\Yu-Ma_WPC\Terakoya_Study\spring_boot\samuraitravel\src\test\resources
2026-01-02 14:01:47,321 [Worker-30: ビルド] INFO  o.a.m.s.f.DefaultMavenResourcesFiltering - Copying 0 resource from src\main\resources to target\classes
2026-01-02 14:01:47,336 [Worker-30: ビルド] INFO  o.a.m.s.f.DefaultMavenResourcesFiltering - Copying 1 resource from src\main\resources to target\classes
2026-01-02 14:01:47,347 [Worker-30: ビルド] INFO  o.a.m.s.f.DefaultMavenResourcesFiltering - skip non existing resourceDirectory C:\Users\Yu-Ma_WPC\Terakoya_Study\spring_boot\samuraitravel\src\test\resources
2026-01-02 14:03:54,653 [Worker-28: ビルド] INFO  o.a.m.s.f.DefaultMavenResourcesFiltering - Copying 0 resource from src\main\resources to target\classes
2026-01-02 14:03:54,662 [Worker-28: ビルド] INFO  o.a.m.s.f.DefaultMavenResourcesFiltering - Copying 1 resource from src\main\resources to target\classes
2026-01-02 14:03:54,666 [Worker-28: ビルド] INFO  o.a.m.s.f.DefaultMavenResourcesFiltering - skip non existing resourceDirectory C:\Users\Yu-Ma_WPC\Terakoya_Study\spring_boot\samuraitravel\src\test\resources
2026-01-02 14:07:49,168 [Worker-28: ビルド] INFO  o.a.m.s.f.DefaultMavenResourcesFiltering - Copying 0 resource from src\main\resources to target\classes
2026-01-02 14:07:49,176 [Worker-28: ビルド] INFO  o.a.m.s.f.DefaultMavenResourcesFiltering - Copying 1 resource from src\main\resources to target\classes
2026-01-02 14:07:49,181 [Worker-28: ビルド] INFO  o.a.m.s.f.DefaultMavenResourcesFiltering - skip non existing resourceDirectory C:\Users\Yu-Ma_WPC\Terakoya_Study\spring_boot\samuraitravel\src\test\resources
2026-01-02 14:16:11,071 [Worker-35: ビルド] INFO  o.a.m.s.f.DefaultMavenResourcesFiltering - Copying 2 resources from src\main\resources to target\classes
2026-01-02 14:16:11,101 [Worker-35: ビルド] INFO  o.a.m.s.f.DefaultMavenResourcesFiltering - Copying 50 resources from src\main\resources to target\classes
2026-01-02 14:16:11,120 [Worker-35: ビルド] INFO  o.a.m.s.f.DefaultMavenResourcesFiltering - skip non existing resourceDirectory C:\Users\Yu-Ma_WPC\Terakoya_Study\spring_boot\samuraitravel\src\test\resources
2026-01-02 14:16:30,526 [Worker-35: ビルド] INFO  o.a.m.s.f.DefaultMavenResourcesFiltering - Copying 2 resources from src\main\resources to target\classes
2026-01-02 14:16:30,544 [Worker-35: ビルド] INFO  o.a.m.s.f.DefaultMavenResourcesFiltering - Copying 50 resources from src\main\resources to target\classes
2026-01-02 14:16:30,565 [Worker-35: ビルド] INFO  o.a.m.s.f.DefaultMavenResourcesFiltering - skip non existing resourceDirectory C:\Users\Yu-Ma_WPC\Terakoya_Study\spring_boot\samuraitravel\src\test\resources
2026-01-02 14:19:21,191 [Worker-35: ビルド] INFO  o.a.m.s.f.DefaultMavenResourcesFiltering - Copying 2 resources from src\main\resources to target\classes
2026-01-02 14:19:21,206 [Worker-35: ビルド] INFO  o.a.m.s.f.DefaultMavenResourcesFiltering - Copying 50 resources from src\main\resources to target\classes
2026-01-02 14:19:21,223 [Worker-35: ビルド] INFO  o.a.m.s.f.DefaultMavenResourcesFiltering - skip non existing resourceDirectory C:\Users\Yu-Ma_WPC\Terakoya_Study\spring_boot\samuraitravel\src\test\resources
2026-01-02 14:21:24,659 [Worker-28: ビルド] INFO  o.a.m.s.f.DefaultMavenResourcesFiltering - Copying 2 resources from src\main\resources to target\classes
2026-01-02 14:21:24,677 [Worker-28: ビルド] INFO  o.a.m.s.f.DefaultMavenResourcesFiltering - Copying 50 resources from src\main\resources to target\classes
2026-01-02 14:21:24,694 [Worker-28: ビルド] INFO  o.a.m.s.f.DefaultMavenResourcesFiltering - skip non existing resourceDirectory C:\Users\Yu-Ma_WPC\Terakoya_Study\spring_boot\samuraitravel\src\test\resources
2026-01-02 14:22:06,462 [Worker-39: ビルド] INFO  o.a.m.s.f.DefaultMavenResourcesFiltering - Copying 2 resources from src\main\resources to target\classes
2026-01-02 14:22:06,485 [Worker-39: ビルド] INFO  o.a.m.s.f.DefaultMavenResourcesFiltering - Copying 50 resources from src\main\resources to target\classes
2026-01-02 14:22:06,501 [Worker-39: ビルド] INFO  o.a.m.s.f.DefaultMavenResourcesFiltering - skip non existing resourceDirectory C:\Users\Yu-Ma_WPC\Terakoya_Study\spring_boot\samuraitravel\src\test\resources
2026-01-02 14:23:37,634 [Worker-39: ビルド] INFO  o.a.m.s.f.DefaultMavenResourcesFiltering - Copying 2 resources from src\main\resources to target\classes
2026-01-02 14:23:37,648 [Worker-39: ビルド] INFO  o.a.m.s.f.DefaultMavenResourcesFiltering - Copying 50 resources from src\main\resources to target\classes
2026-01-02 14:23:37,664 [Worker-39: ビルド] INFO  o.a.m.s.f.DefaultMavenResourcesFiltering - skip non existing resourceDirectory C:\Users\Yu-Ma_WPC\Terakoya_Study\spring_boot\samuraitravel\src\test\resources
2026-01-02 14:26:15,607 [Worker-35: ビルド] INFO  o.a.m.s.f.DefaultMavenResourcesFiltering - Copying 0 resource from src\main\resources to target\classes
2026-01-02 14:26:15,616 [Worker-35: ビルド] INFO  o.a.m.s.f.DefaultMavenResourcesFiltering - Copying 1 resource from src\main\resources to target\classes
2026-01-02 14:26:15,619 [Worker-35: ビルド] INFO  o.a.m.s.f.DefaultMavenResourcesFiltering - skip non existing resourceDirectory C:\Users\Yu-Ma_WPC\Terakoya_Study\spring_boot\samuraitravel\src\test\resources
2026-01-02 14:26:45,490 [Worker-38: ビルド] INFO  o.a.m.s.f.DefaultMavenResourcesFiltering - Copying 0 resource from src\main\resources to target\classes
2026-01-02 14:26:45,499 [Worker-38: ビルド] INFO  o.a.m.s.f.DefaultMavenResourcesFiltering - Copying 1 resource from src\main\resources to target\classes
2026-01-02 14:26:45,505 [Worker-38: ビルド] INFO  o.a.m.s.f.DefaultMavenResourcesFiltering - skip non existing resourceDirectory C:\Users\Yu-Ma_WPC\Terakoya_Study\spring_boot\samuraitravel\src\test\resources
2026-01-02 14:27:07,138 [Worker-41: ビルド] INFO  o.a.m.s.f.DefaultMavenResourcesFiltering - Copying 0 resource from src\main\resources to target\classes
2026-01-02 14:27:07,147 [Worker-41: ビルド] INFO  o.a.m.s.f.DefaultMavenResourcesFiltering - Copying 1 resource from src\main\resources to target\classes
2026-01-02 14:27:07,152 [Worker-41: ビルド] INFO  o.a.m.s.f.DefaultMavenResourcesFiltering - skip non existing resourceDirectory C:\Users\Yu-Ma_WPC\Terakoya_Study\spring_boot\samuraitravel\src\test\resources
2026-01-02 14:28:21,847 [Worker-40: ビルド] INFO  o.a.m.s.f.DefaultMavenResourcesFiltering - Copying 0 resource from src\main\resources to target\classes
2026-01-02 14:28:21,860 [Worker-40: ビルド] INFO  o.a.m.s.f.DefaultMavenResourcesFiltering - Copying 0 resource from src\main\resources to target\classes
2026-01-02 14:28:21,866 [Worker-40: ビルド] INFO  o.a.m.s.f.DefaultMavenResourcesFiltering - skip non existing resourceDirectory C:\Users\Yu-Ma_WPC\Terakoya_Study\spring_boot\samuraitravel\src\test\resources
2026-01-02 14:28:35,242 [Worker-39: ビルド] INFO  o.a.m.s.f.DefaultMavenResourcesFiltering - Copying 0 resource from src\main\resources to target\classes
2026-01-02 14:28:35,251 [Worker-39: ビルド] INFO  o.a.m.s.f.DefaultMavenResourcesFiltering - Copying 0 resource from src\main\resources to target\classes
2026-01-02 14:28:35,254 [Worker-39: ビルド] INFO  o.a.m.s.f.DefaultMavenResourcesFiltering - skip non existing resourceDirectory C:\Users\Yu-Ma_WPC\Terakoya_Study\spring_boot\samuraitravel\src\test\resources
2026-01-02 14:29:13,266 [Worker-39: ビルド] INFO  o.a.m.s.f.DefaultMavenResourcesFiltering - Copying 0 resource from src\main\resources to target\classes
2026-01-02 14:29:13,281 [Worker-39: ビルド] INFO  o.a.m.s.f.DefaultMavenResourcesFiltering - Copying 1 resource from src\main\resources to target\classes
2026-01-02 14:29:13,300 [Worker-39: ビルド] INFO  o.a.m.s.f.DefaultMavenResourcesFiltering - skip non existing resourceDirectory C:\Users\Yu-Ma_WPC\Terakoya_Study\spring_boot\samuraitravel\src\test\resources
2026-01-02 14:29:16,333 [Worker-35: ビルド] INFO  o.a.m.s.f.DefaultMavenResourcesFiltering - Copying 2 resources from src\main\resources to target\classes
2026-01-02 14:29:16,348 [Worker-35: ビルド] INFO  o.a.m.s.f.DefaultMavenResourcesFiltering - Copying 52 resources from src\main\resources to target\classes
2026-01-02 14:29:16,367 [Worker-35: ビルド] INFO  o.a.m.s.f.DefaultMavenResourcesFiltering - skip non existing resourceDirectory C:\Users\Yu-Ma_WPC\Terakoya_Study\spring_boot\samuraitravel\src\test\resources
2026-01-02 14:31:13,794 [Worker-38: ビルド] INFO  o.a.m.s.f.DefaultMavenResourcesFiltering - Copying 2 resources from src\main\resources to target\classes
2026-01-02 14:31:13,821 [Worker-38: ビルド] INFO  o.a.m.s.f.DefaultMavenResourcesFiltering - Copying 52 resources from src\main\resources to target\classes
2026-01-02 14:31:13,837 [Worker-38: ビルド] INFO  o.a.m.s.f.DefaultMavenResourcesFiltering - skip non existing resourceDirectory C:\Users\Yu-Ma_WPC\Terakoya_Study\spring_boot\samuraitravel\src\test\resources
2026-01-02 14:31:58,871 [Worker-28: ビルド] INFO  o.a.m.s.f.DefaultMavenResourcesFiltering - Copying 2 resources from src\main\resources to target\classes
2026-01-02 14:31:59,078 [Worker-28: ビルド] INFO  o.a.m.s.f.DefaultMavenResourcesFiltering - Copying 52 resources from src\main\resources to target\classes
2026-01-02 14:31:59,097 [Worker-28: ビルド] INFO  o.a.m.s.f.DefaultMavenResourcesFiltering - skip non existing resourceDirectory C:\Users\Yu-Ma_WPC\Terakoya_Study\spring_boot\samuraitravel\src\test\resources
2026-01-02 14:33:23,024 [Worker-28: ビルド] INFO  o.a.m.s.f.DefaultMavenResourcesFiltering - Copying 2 resources from src\main\resources to target\classes
2026-01-02 14:33:23,036 [Worker-28: ビルド] INFO  o.a.m.s.f.DefaultMavenResourcesFiltering - Copying 52 resources from src\main\resources to target\classes
2026-01-02 14:33:23,055 [Worker-28: ビルド] INFO  o.a.m.s.f.DefaultMavenResourcesFiltering - skip non existing resourceDirectory C:\Users\Yu-Ma_WPC\Terakoya_Study\spring_boot\samuraitravel\src\test\resources
2026-01-02 14:34:26,957 [Worker-28: ビルド] INFO  o.a.m.s.f.DefaultMavenResourcesFiltering - Copying 0 resource from src\main\resources to target\classes
2026-01-02 14:34:26,971 [Worker-28: ビルド] INFO  o.a.m.s.f.DefaultMavenResourcesFiltering - Copying 1 resource from src\main\resources to target\classes
2026-01-02 14:34:26,976 [Worker-28: ビルド] INFO  o.a.m.s.f.DefaultMavenResourcesFiltering - skip non existing resourceDirectory C:\Users\Yu-Ma_WPC\Terakoya_Study\spring_boot\samuraitravel\src\test\resources
2026-01-02 14:34:52,332 [Worker-42: ビルド] INFO  o.a.m.s.f.DefaultMavenResourcesFiltering - Copying 0 resource from src\main\resources to target\classes
2026-01-02 14:34:52,340 [Worker-42: ビルド] INFO  o.a.m.s.f.DefaultMavenResourcesFiltering - Copying 1 resource from src\main\resources to target\classes
2026-01-02 14:34:52,347 [Worker-42: ビルド] INFO  o.a.m.s.f.DefaultMavenResourcesFiltering - skip non existing resourceDirectory C:\Users\Yu-Ma_WPC\Terakoya_Study\spring_boot\samuraitravel\src\test\resources
2026-01-02 14:39:35,199 [Worker-42: ビルド] INFO  o.a.m.s.f.DefaultMavenResourcesFiltering - Copying 0 resource from src\main\resources to target\classes
2026-01-02 14:39:35,199 [Worker-42: ビルド] INFO  o.a.m.s.f.DefaultMavenResourcesFiltering - Copying 1 resource from src\main\resources to target\classes
2026-01-02 14:39:35,217 [Worker-42: ビルド] INFO  o.a.m.s.f.DefaultMavenResourcesFiltering - skip non existing resourceDirectory C:\Users\Yu-Ma_WPC\Terakoya_Study\spring_boot\samuraitravel\src\test\resources
2026-01-02 14:41:07,664 [Worker-42: ビルド] INFO  o.a.m.s.f.DefaultMavenResourcesFiltering - Copying 0 resource from src\main\resources to target\classes
2026-01-02 14:41:07,672 [Worker-42: ビルド] INFO  o.a.m.s.f.DefaultMavenResourcesFiltering - Copying 1 resource from src\main\resources to target\classes
2026-01-02 14:41:07,688 [Worker-42: ビルド] INFO  o.a.m.s.f.DefaultMavenResourcesFiltering - skip non existing resourceDirectory C:\Users\Yu-Ma_WPC\Terakoya_Study\spring_boot\samuraitravel\src\test\resources
2026-01-02 14:42:09,883 [Worker-30: ビルド] INFO  o.a.m.s.f.DefaultMavenResourcesFiltering - Copying 0 resource from src\main\resources to target\classes
2026-01-02 14:42:09,892 [Worker-30: ビルド] INFO  o.a.m.s.f.DefaultMavenResourcesFiltering - Copying 1 resource from src\main\resources to target\classes
2026-01-02 14:42:09,897 [Worker-30: ビルド] INFO  o.a.m.s.f.DefaultMavenResourcesFiltering - skip non existing resourceDirectory C:\Users\Yu-Ma_WPC\Terakoya_Study\spring_boot\samuraitravel\src\test\resources
2026-01-02 14:46:53,617 [Worker-30: ビルド] INFO  o.a.m.s.f.DefaultMavenResourcesFiltering - Copying 0 resource from src\main\resources to target\classes
2026-01-02 14:46:53,626 [Worker-30: ビルド] INFO  o.a.m.s.f.DefaultMavenResourcesFiltering - Copying 1 resource from src\main\resources to target\classes
2026-01-02 14:46:53,631 [Worker-30: ビルド] INFO  o.a.m.s.f.DefaultMavenResourcesFiltering - skip non existing resourceDirectory C:\Users\Yu-Ma_WPC\Terakoya_Study\spring_boot\samuraitravel\src\test\resources
2026-01-02 14:47:29,354 [Worker-42: ビルド] INFO  o.a.m.s.f.DefaultMavenResourcesFiltering - Copying 0 resource from src\main\resources to target\classes
2026-01-02 14:47:29,363 [Worker-42: ビルド] INFO  o.a.m.s.f.DefaultMavenResourcesFiltering - Copying 1 resource from src\main\resources to target\classes
2026-01-02 14:47:29,367 [Worker-42: ビルド] INFO  o.a.m.s.f.DefaultMavenResourcesFiltering - skip non existing resourceDirectory C:\Users\Yu-Ma_WPC\Terakoya_Study\spring_boot\samuraitravel\src\test\resources
2026-01-02 14:55:47,134 [Worker-42: ビルド] INFO  o.a.m.s.f.DefaultMavenResourcesFiltering - Copying 0 resource from src\main\resources to target\classes
2026-01-02 14:55:47,149 [Worker-42: ビルド] INFO  o.a.m.s.f.DefaultMavenResourcesFiltering - Copying 1 resource from src\main\resources to target\classes
2026-01-02 14:55:47,157 [Worker-42: ビルド] INFO  o.a.m.s.f.DefaultMavenResourcesFiltering - skip non existing resourceDirectory C:\Users\Yu-Ma_WPC\Terakoya_Study\spring_boot\samuraitravel\src\test\resources
2026-01-02 14:56:12,790 [Worker-42: ビルド] INFO  o.a.m.s.f.DefaultMavenResourcesFiltering - Copying 0 resource from src\main\resources to target\classes
2026-01-02 14:56:12,799 [Worker-42: ビルド] INFO  o.a.m.s.f.DefaultMavenResourcesFiltering - Copying 1 resource from src\main\resources to target\classes
2026-01-02 14:56:12,804 [Worker-42: ビルド] INFO  o.a.m.s.f.DefaultMavenResourcesFiltering - skip non existing resourceDirectory C:\Users\Yu-Ma_WPC\Terakoya_Study\spring_boot\samuraitravel\src\test\resources
2026-01-02 14:57:29,514 [Worker-44: ビルド] INFO  o.a.m.s.f.DefaultMavenResourcesFiltering - Copying 0 resource from src\main\resources to target\classes
2026-01-02 14:57:29,523 [Worker-44: ビルド] INFO  o.a.m.s.f.DefaultMavenResourcesFiltering - Copying 0 resource from src\main\resources to target\classes
2026-01-02 14:57:29,525 [Worker-44: ビルド] INFO  o.a.m.s.f.DefaultMavenResourcesFiltering - skip non existing resourceDirectory C:\Users\Yu-Ma_WPC\Terakoya_Study\spring_boot\samuraitravel\src\test\resources
2026-01-02 14:57:58,797 [Worker-52: ビルド] INFO  o.a.m.s.f.DefaultMavenResourcesFiltering - Copying 0 resource from src\main\resources to target\classes
2026-01-02 14:57:58,814 [Worker-52: ビルド] INFO  o.a.m.s.f.DefaultMavenResourcesFiltering - Copying 2 resources from src\main\resources to target\classes
2026-01-02 14:57:58,833 [Worker-52: ビルド] INFO  o.a.m.s.f.DefaultMavenResourcesFiltering - skip non existing resourceDirectory C:\Users\Yu-Ma_WPC\Terakoya_Study\spring_boot\samuraitravel\src\test\resources
2026-01-02 15:45:49,952 [Worker-44: ビルド] INFO  o.a.m.s.f.DefaultMavenResourcesFiltering - Copying 0 resource from src\main\resources to target\classes
2026-01-02 15:45:49,962 [Worker-44: ビルド] INFO  o.a.m.s.f.DefaultMavenResourcesFiltering - Copying 1 resource from src\main\resources to target\classes
2026-01-02 15:45:49,968 [Worker-44: ビルド] INFO  o.a.m.s.f.DefaultMavenResourcesFiltering - skip non existing resourceDirectory C:\Users\Yu-Ma_WPC\Terakoya_Study\spring_boot\samuraitravel\src\test\resources
2026-01-02 15:48:28,417 [Worker-54: ビルド] INFO  o.a.m.s.f.DefaultMavenResourcesFiltering - Copying 0 resource from src\main\resources to target\classes
2026-01-02 15:48:28,426 [Worker-54: ビルド] INFO  o.a.m.s.f.DefaultMavenResourcesFiltering - Copying 1 resource from src\main\resources to target\classes
2026-01-02 15:48:28,431 [Worker-54: ビルド] INFO  o.a.m.s.f.DefaultMavenResourcesFiltering - skip non existing resourceDirectory C:\Users\Yu-Ma_WPC\Terakoya_Study\spring_boot\samuraitravel\src\test\resources
2026-01-02 15:50:25,970 [Worker-41: ビルド] INFO  o.a.m.s.f.DefaultMavenResourcesFiltering - Copying 2 resources from src\main\resources to target\classes
2026-01-02 15:50:26,019 [Worker-41: ビルド] INFO  o.a.m.s.f.DefaultMavenResourcesFiltering - Copying 55 resources from src\main\resources to target\classes
2026-01-02 15:50:26,059 [Worker-41: ビルド] INFO  o.a.m.s.f.DefaultMavenResourcesFiltering - skip non existing resourceDirectory C:\Users\Yu-Ma_WPC\Terakoya_Study\spring_boot\samuraitravel\src\test\resources
2026-01-02 15:50:48,944 [Worker-57: ビルド] INFO  o.a.m.s.f.DefaultMavenResourcesFiltering - Copying 2 resources from src\main\resources to target\classes
2026-01-02 15:50:48,957 [Worker-57: ビルド] INFO  o.a.m.s.f.DefaultMavenResourcesFiltering - Copying 55 resources from src\main\resources to target\classes
2026-01-02 15:50:48,983 [Worker-57: ビルド] INFO  o.a.m.s.f.DefaultMavenResourcesFiltering - skip non existing resourceDirectory C:\Users\Yu-Ma_WPC\Terakoya_Study\spring_boot\samuraitravel\src\test\resources
2026-01-02 15:57:22,382 [Worker-55: ビルド] INFO  o.a.m.s.f.DefaultMavenResourcesFiltering - Copying 2 resources from src\main\resources to target\classes
2026-01-02 15:57:22,398 [Worker-55: ビルド] INFO  o.a.m.s.f.DefaultMavenResourcesFiltering - Copying 55 resources from src\main\resources to target\classes
2026-01-02 15:57:22,416 [Worker-55: ビルド] INFO  o.a.m.s.f.DefaultMavenResourcesFiltering - skip non existing resourceDirectory C:\Users\Yu-Ma_WPC\Terakoya_Study\spring_boot\samuraitravel\src\test\resources
2026-01-02 15:58:56,718 [Worker-54: ビルド] INFO  o.a.m.s.f.DefaultMavenResourcesFiltering - Copying 2 resources from src\main\resources to target\classes
2026-01-02 15:58:56,732 [Worker-54: ビルド] INFO  o.a.m.s.f.DefaultMavenResourcesFiltering - Copying 55 resources from src\main\resources to target\classes
2026-01-02 15:58:56,749 [Worker-54: ビルド] INFO  o.a.m.s.f.DefaultMavenResourcesFiltering - skip non existing resourceDirectory C:\Users\Yu-Ma_WPC\Terakoya_Study\spring_boot\samuraitravel\src\test\resources
2026-01-02 16:48:08,788 [Worker-58: ビルド] INFO  o.a.m.s.f.DefaultMavenResourcesFiltering - Copying 2 resources from src\main\resources to target\classes
2026-01-02 16:48:08,838 [Worker-58: ビルド] INFO  o.a.m.s.f.DefaultMavenResourcesFiltering - Copying 55 resources from src\main\resources to target\classes
2026-01-02 16:48:08,869 [Worker-58: ビルド] INFO  o.a.m.s.f.DefaultMavenResourcesFiltering - skip non existing resourceDirectory C:\Users\Yu-Ma_WPC\Terakoya_Study\spring_boot\samuraitravel\src\test\resources
2026-01-02 16:48:23,113 [Worker-60: ビルド] INFO  o.a.m.s.f.DefaultMavenResourcesFiltering - Copying 2 resources from src\main\resources to target\classes
2026-01-02 16:48:23,128 [Worker-60: ビルド] INFO  o.a.m.s.f.DefaultMavenResourcesFiltering - Copying 55 resources from src\main\resources to target\classes
2026-01-02 16:48:23,145 [Worker-60: ビルド] INFO  o.a.m.s.f.DefaultMavenResourcesFiltering - skip non existing resourceDirectory C:\Users\Yu-Ma_WPC\Terakoya_Study\spring_boot\samuraitravel\src\test\resources
2026-01-02 16:48:32,920 [Worker-63: ビルド] INFO  o.a.m.s.f.DefaultMavenResourcesFiltering - Copying 2 resources from src\main\resources to target\classes
2026-01-02 16:48:32,944 [Worker-63: ビルド] INFO  o.a.m.s.f.DefaultMavenResourcesFiltering - Copying 55 resources from src\main\resources to target\classes
2026-01-02 16:48:32,965 [Worker-63: ビルド] INFO  o.a.m.s.f.DefaultMavenResourcesFiltering - skip non existing resourceDirectory C:\Users\Yu-Ma_WPC\Terakoya_Study\spring_boot\samuraitravel\src\test\resources
2026-01-02 17:53:48,863 [Worker-65: ビルド] INFO  o.a.m.s.f.DefaultMavenResourcesFiltering - Copying 2 resources from src\main\resources to target\classes
2026-01-02 17:53:48,875 [Worker-65: ビルド] INFO  o.a.m.s.f.DefaultMavenResourcesFiltering - Copying 55 resources from src\main\resources to target\classes
2026-01-02 17:53:48,896 [Worker-65: ビルド] INFO  o.a.m.s.f.DefaultMavenResourcesFiltering - skip non existing resourceDirectory C:\Users\Yu-Ma_WPC\Terakoya_Study\spring_boot\samuraitravel\src\test\resources
2026-01-02 17:55:06,850 [Worker-62: ビルド] INFO  o.a.m.s.f.DefaultMavenResourcesFiltering - Copying 2 resources from src\main\resources to target\classes
2026-01-02 17:55:06,862 [Worker-62: ビルド] INFO  o.a.m.s.f.DefaultMavenResourcesFiltering - Copying 55 resources from src\main\resources to target\classes
2026-01-02 17:55:06,880 [Worker-62: ビルド] INFO  o.a.m.s.f.DefaultMavenResourcesFiltering - skip non existing resourceDirectory C:\Users\Yu-Ma_WPC\Terakoya_Study\spring_boot\samuraitravel\src\test\resources
2026-01-02 17:55:28,960 [Worker-64: ビルド] INFO  o.a.m.s.f.DefaultMavenResourcesFiltering - Copying 2 resources from src\main\resources to target\classes
2026-01-02 17:55:28,988 [Worker-64: ビルド] INFO  o.a.m.s.f.DefaultMavenResourcesFiltering - Copying 55 resources from src\main\resources to target\classes
2026-01-02 17:55:29,017 [Worker-64: ビルド] INFO  o.a.m.s.f.DefaultMavenResourcesFiltering - skip non existing resourceDirectory C:\Users\Yu-Ma_WPC\Terakoya_Study\spring_boot\samuraitravel\src\test\resources
2026-01-02 17:55:42,631 [Worker-62: ビルド] INFO  o.a.m.s.f.DefaultMavenResourcesFiltering - Copying 2 resources from src\main\resources to target\classes
2026-01-02 17:55:42,656 [Worker-62: ビルド] INFO  o.a.m.s.f.DefaultMavenResourcesFiltering - Copying 55 resources from src\main\resources to target\classes
2026-01-02 17:55:42,673 [Worker-62: ビルド] INFO  o.a.m.s.f.DefaultMavenResourcesFiltering - skip non existing resourceDirectory C:\Users\Yu-Ma_WPC\Terakoya_Study\spring_boot\samuraitravel\src\test\resources
2026-01-02 17:56:22,978 [Worker-63: ビルド] INFO  o.a.m.s.f.DefaultMavenResourcesFiltering - Copying 2 resources from src\main\resources to target\classes
2026-01-02 17:56:22,991 [Worker-63: ビルド] INFO  o.a.m.s.f.DefaultMavenResourcesFiltering - Copying 55 resources from src\main\resources to target\classes
2026-01-02 17:56:23,019 [Worker-63: ビルド] INFO  o.a.m.s.f.DefaultMavenResourcesFiltering - skip non existing resourceDirectory C:\Users\Yu-Ma_WPC\Terakoya_Study\spring_boot\samuraitravel\src\test\resources
2026-01-02 17:56:34,883 [Worker-64: ビルド] INFO  o.a.m.s.f.DefaultMavenResourcesFiltering - Copying 2 resources from src\main\resources to target\classes
2026-01-02 17:56:34,899 [Worker-64: ビルド] INFO  o.a.m.s.f.DefaultMavenResourcesFiltering - Copying 55 resources from src\main\resources to target\classes
2026-01-02 17:56:34,915 [Worker-64: ビルド] INFO  o.a.m.s.f.DefaultMavenResourcesFiltering - skip non existing resourceDirectory C:\Users\Yu-Ma_WPC\Terakoya_Study\spring_boot\samuraitravel\src\test\resources
2026-01-02 17:57:36,155 [Worker-63: ビルド] INFO  o.a.m.s.f.DefaultMavenResourcesFiltering - Copying 0 resource from src\main\resources to target\classes
2026-01-02 17:57:36,169 [Worker-63: ビルド] INFO  o.a.m.s.f.DefaultMavenResourcesFiltering - Copying 1 resource from src\main\resources to target\classes
2026-01-02 17:57:36,176 [Worker-63: ビルド] INFO  o.a.m.s.f.DefaultMavenResourcesFiltering - skip non existing resourceDirectory C:\Users\Yu-Ma_WPC\Terakoya_Study\spring_boot\samuraitravel\src\test\resources
2026-01-02 17:57:50,693 [Worker-63: ビルド] INFO  o.a.m.s.f.DefaultMavenResourcesFiltering - Copying 0 resource from src\main\resources to target\classes
2026-01-02 17:57:50,702 [Worker-63: ビルド] INFO  o.a.m.s.f.DefaultMavenResourcesFiltering - Copying 1 resource from src\main\resources to target\classes
2026-01-02 17:57:50,710 [Worker-63: ビルド] INFO  o.a.m.s.f.DefaultMavenResourcesFiltering - skip non existing resourceDirectory C:\Users\Yu-Ma_WPC\Terakoya_Study\spring_boot\samuraitravel\src\test\resources
2026-01-02 17:59:20,011 [Worker-64: ビルド] INFO  o.a.m.s.f.DefaultMavenResourcesFiltering - Copying 0 resource from src\main\resources to target\classes
2026-01-02 17:59:20,021 [Worker-64: ビルド] INFO  o.a.m.s.f.DefaultMavenResourcesFiltering - Copying 1 resource from src\main\resources to target\classes
2026-01-02 17:59:20,025 [Worker-64: ビルド] INFO  o.a.m.s.f.DefaultMavenResourcesFiltering - skip non existing resourceDirectory C:\Users\Yu-Ma_WPC\Terakoya_Study\spring_boot\samuraitravel\src\test\resources
2026-01-02 18:01:15,875 [Worker-66: ビルド] INFO  o.a.m.s.f.DefaultMavenResourcesFiltering - Copying 2 resources from src\main\resources to target\classes
2026-01-02 18:01:15,889 [Worker-66: ビルド] INFO  o.a.m.s.f.DefaultMavenResourcesFiltering - Copying 56 resources from src\main\resources to target\classes
2026-01-02 18:01:15,910 [Worker-66: ビルド] INFO  o.a.m.s.f.DefaultMavenResourcesFiltering - skip non existing resourceDirectory C:\Users\Yu-Ma_WPC\Terakoya_Study\spring_boot\samuraitravel\src\test\resources
2026-01-02 18:01:41,204 [Worker-64: ビルド] INFO  o.a.m.s.f.DefaultMavenResourcesFiltering - Copying 2 resources from src\main\resources to target\classes
2026-01-02 18:01:41,239 [Worker-64: ビルド] INFO  o.a.m.s.f.DefaultMavenResourcesFiltering - Copying 56 resources from src\main\resources to target\classes
2026-01-02 18:01:41,259 [Worker-64: ビルド] INFO  o.a.m.s.f.DefaultMavenResourcesFiltering - skip non existing resourceDirectory C:\Users\Yu-Ma_WPC\Terakoya_Study\spring_boot\samuraitravel\src\test\resources
2026-01-02 18:02:56,134 [Worker-65: ビルド] INFO  o.a.m.s.f.DefaultMavenResourcesFiltering - Copying 0 resource from src\main\resources to target\classes
2026-01-02 18:02:56,149 [Worker-65: ビルド] INFO  o.a.m.s.f.DefaultMavenResourcesFiltering - Copying 0 resource from src\main\resources to target\classes
2026-01-02 18:02:56,154 [Worker-65: ビルド] INFO  o.a.m.s.f.DefaultMavenResourcesFiltering - skip non existing resourceDirectory C:\Users\Yu-Ma_WPC\Terakoya_Study\spring_boot\samuraitravel\src\test\resources
2026-01-02 18:03:07,978 [Worker-68: ビルド] INFO  o.a.m.s.f.DefaultMavenResourcesFiltering - Copying 0 resource from src\main\resources to target\classes
2026-01-02 18:03:07,986 [Worker-68: ビルド] INFO  o.a.m.s.f.DefaultMavenResourcesFiltering - Copying 0 resource from src\main\resources to target\classes
2026-01-02 18:03:07,989 [Worker-68: ビルド] INFO  o.a.m.s.f.DefaultMavenResourcesFiltering - skip non existing resourceDirectory C:\Users\Yu-Ma_WPC\Terakoya_Study\spring_boot\samuraitravel\src\test\resources
2026-01-02 18:03:45,336 [Worker-68: ビルド] INFO  o.a.m.s.f.DefaultMavenResourcesFiltering - Copying 0 resource from src\main\resources to target\classes
2026-01-02 18:03:45,345 [Worker-68: ビルド] INFO  o.a.m.s.f.DefaultMavenResourcesFiltering - Copying 2 resources from src\main\resources to target\classes
2026-01-02 18:03:45,352 [Worker-68: ビルド] INFO  o.a.m.s.f.DefaultMavenResourcesFiltering - skip non existing resourceDirectory C:\Users\Yu-Ma_WPC\Terakoya_Study\spring_boot\samuraitravel\src\test\resources
2026-01-02 23:15:44,245 [Worker-3: Loading available Gradle versions] INFO  o.e.b.c.i.u.g.PublishedGradleVersions - Gradle version information cache is up-to-date. Trying to read.
2026-01-02 23:26:12,865 [Worker-18: ビルド] INFO  o.a.m.s.f.DefaultMavenResourcesFiltering - Copying 2 resources from src\main\resources to target\classes
2026-01-02 23:26:12,912 [Worker-18: ビルド] INFO  o.a.m.s.f.DefaultMavenResourcesFiltering - Copying 58 resources from src\main\resources to target\classes
2026-01-02 23:26:12,993 [Worker-18: ビルド] INFO  o.a.m.s.f.DefaultMavenResourcesFiltering - skip non existing resourceDirectory C:\Users\Yu-Ma_WPC\Terakoya_Study\spring_boot\samuraitravel\src\test\resources
2026-01-02 23:26:30,399 [Worker-18: ビルド] INFO  o.a.m.s.f.DefaultMavenResourcesFiltering - Copying 2 resources from src\main\resources to target\classes
2026-01-02 23:26:30,435 [Worker-18: ビルド] INFO  o.a.m.s.f.DefaultMavenResourcesFiltering - Copying 58 resources from src\main\resources to target\classes
2026-01-02 23:26:30,468 [Worker-18: ビルド] INFO  o.a.m.s.f.DefaultMavenResourcesFiltering - skip non existing resourceDirectory C:\Users\Yu-Ma_WPC\Terakoya_Study\spring_boot\samuraitravel\src\test\resources
2026-01-02 23:27:44,097 [Worker-20: ビルド] INFO  o.a.m.s.f.DefaultMavenResourcesFiltering - Copying 2 resources from src\main\resources to target\classes
2026-01-02 23:27:44,125 [Worker-20: ビルド] INFO  o.a.m.s.f.DefaultMavenResourcesFiltering - Copying 58 resources from src\main\resources to target\classes
2026-01-02 23:27:44,175 [Worker-20: ビルド] INFO  o.a.m.s.f.DefaultMavenResourcesFiltering - skip non existing resourceDirectory C:\Users\Yu-Ma_WPC\Terakoya_Study\spring_boot\samuraitravel\src\test\resources
2026-01-02 23:29:19,800 [Worker-19: ビルド] INFO  o.a.m.s.f.DefaultMavenResourcesFiltering - Copying 2 resources from src\main\resources to target\classes
2026-01-02 23:29:19,819 [Worker-19: ビルド] INFO  o.a.m.s.f.DefaultMavenResourcesFiltering - Copying 58 resources from src\main\resources to target\classes
2026-01-02 23:29:19,851 [Worker-19: ビルド] INFO  o.a.m.s.f.DefaultMavenResourcesFiltering - skip non existing resourceDirectory C:\Users\Yu-Ma_WPC\Terakoya_Study\spring_boot\samuraitravel\src\test\resources
2026-01-02 23:32:28,112 [Worker-19: ビルド] INFO  o.a.m.s.f.DefaultMavenResourcesFiltering - Copying 0 resource from src\main\resources to target\classes
2026-01-02 23:32:28,162 [Worker-19: ビルド] INFO  o.a.m.s.f.DefaultMavenResourcesFiltering - Copying 1 resource from src\main\resources to target\classes
2026-01-02 23:32:28,174 [Worker-19: ビルド] INFO  o.a.m.s.f.DefaultMavenResourcesFiltering - skip non existing resourceDirectory C:\Users\Yu-Ma_WPC\Terakoya_Study\spring_boot\samuraitravel\src\test\resources
2026-01-02 23:33:25,122 [Worker-19: ビルド] INFO  o.a.m.s.f.DefaultMavenResourcesFiltering - Copying 0 resource from src\main\resources to target\classes
2026-01-02 23:33:25,138 [Worker-19: ビルド] INFO  o.a.m.s.f.DefaultMavenResourcesFiltering - Copying 1 resource from src\main\resources to target\classes
2026-01-02 23:33:25,146 [Worker-19: ビルド] INFO  o.a.m.s.f.DefaultMavenResourcesFiltering - skip non existing resourceDirectory C:\Users\Yu-Ma_WPC\Terakoya_Study\spring_boot\samuraitravel\src\test\resources
2026-01-02 23:34:06,976 [Worker-21: ビルド] INFO  o.a.m.s.f.DefaultMavenResourcesFiltering - Copying 0 resource from src\main\resources to target\classes
2026-01-02 23:34:07,022 [Worker-21: ビルド] INFO  o.a.m.s.f.DefaultMavenResourcesFiltering - Copying 1 resource from src\main\resources to target\classes
2026-01-02 23:34:07,037 [Worker-21: ビルド] INFO  o.a.m.s.f.DefaultMavenResourcesFiltering - skip non existing resourceDirectory C:\Users\Yu-Ma_WPC\Terakoya_Study\spring_boot\samuraitravel\src\test\resources
2026-01-02 23:34:22,763 [Worker-5: ビルド] INFO  o.a.m.s.f.DefaultMavenResourcesFiltering - Copying 0 resource from src\main\resources to target\classes
2026-01-02 23:34:22,781 [Worker-5: ビルド] INFO  o.a.m.s.f.DefaultMavenResourcesFiltering - Copying 1 resource from src\main\resources to target\classes
2026-01-02 23:34:22,789 [Worker-5: ビルド] INFO  o.a.m.s.f.DefaultMavenResourcesFiltering - skip non existing resourceDirectory C:\Users\Yu-Ma_WPC\Terakoya_Study\spring_boot\samuraitravel\src\test\resources
2026-01-02 23:35:34,794 [Worker-21: ビルド] INFO  o.a.m.s.f.DefaultMavenResourcesFiltering - Copying 0 resource from src\main\resources to target\classes
2026-01-02 23:35:34,810 [Worker-21: ビルド] INFO  o.a.m.s.f.DefaultMavenResourcesFiltering - Copying 1 resource from src\main\resources to target\classes
2026-01-02 23:35:34,817 [Worker-21: ビルド] INFO  o.a.m.s.f.DefaultMavenResourcesFiltering - skip non existing resourceDirectory C:\Users\Yu-Ma_WPC\Terakoya_Study\spring_boot\samuraitravel\src\test\resources
2026-01-02 23:36:00,589 [Worker-15: ビルド] INFO  o.a.m.s.f.DefaultMavenResourcesFiltering - Copying 0 resource from src\main\resources to target\classes
2026-01-02 23:36:00,606 [Worker-15: ビルド] INFO  o.a.m.s.f.DefaultMavenResourcesFiltering - Copying 1 resource from src\main\resources to target\classes
2026-01-02 23:36:00,612 [Worker-15: ビルド] INFO  o.a.m.s.f.DefaultMavenResourcesFiltering - skip non existing resourceDirectory C:\Users\Yu-Ma_WPC\Terakoya_Study\spring_boot\samuraitravel\src\test\resources
2026-01-02 23:40:56,943 [Worker-23: ビルド] INFO  o.a.m.s.f.DefaultMavenResourcesFiltering - Copying 0 resource from src\main\resources to target\classes
2026-01-02 23:40:56,967 [Worker-23: ビルド] INFO  o.a.m.s.f.DefaultMavenResourcesFiltering - Copying 1 resource from src\main\resources to target\classes
2026-01-02 23:40:56,977 [Worker-23: ビルド] INFO  o.a.m.s.f.DefaultMavenResourcesFiltering - skip non existing resourceDirectory C:\Users\Yu-Ma_WPC\Terakoya_Study\spring_boot\samuraitravel\src\test\resources
2026-01-02 23:41:54,077 [Worker-19: ビルド] INFO  o.a.m.s.f.DefaultMavenResourcesFiltering - Copying 0 resource from src\main\resources to target\classes
2026-01-02 23:41:54,101 [Worker-19: ビルド] INFO  o.a.m.s.f.DefaultMavenResourcesFiltering - Copying 1 resource from src\main\resources to target\classes
2026-01-02 23:41:54,109 [Worker-19: ビルド] INFO  o.a.m.s.f.DefaultMavenResourcesFiltering - skip non existing resourceDirectory C:\Users\Yu-Ma_WPC\Terakoya_Study\spring_boot\samuraitravel\src\test\resources
2026-01-02 23:45:12,805 [Worker-24: ビルド] INFO  o.a.m.s.f.DefaultMavenResourcesFiltering - Copying 0 resource from src\main\resources to target\classes
2026-01-02 23:45:12,822 [Worker-24: ビルド] INFO  o.a.m.s.f.DefaultMavenResourcesFiltering - Copying 1 resource from src\main\resources to target\classes
2026-01-02 23:45:12,833 [Worker-24: ビルド] INFO  o.a.m.s.f.DefaultMavenResourcesFiltering - skip non existing resourceDirectory C:\Users\Yu-Ma_WPC\Terakoya_Study\spring_boot\samuraitravel\src\test\resources
2026-01-02 23:46:22,976 [Worker-19: ビルド] INFO  o.a.m.s.f.DefaultMavenResourcesFiltering - Copying 0 resource from src\main\resources to target\classes
2026-01-02 23:46:22,992 [Worker-19: ビルド] INFO  o.a.m.s.f.DefaultMavenResourcesFiltering - Copying 1 resource from src\main\resources to target\classes
2026-01-02 23:46:23,001 [Worker-19: ビルド] INFO  o.a.m.s.f.DefaultMavenResourcesFiltering - skip non existing resourceDirectory C:\Users\Yu-Ma_WPC\Terakoya_Study\spring_boot\samuraitravel\src\test\resources
2026-01-02 23:48:12,442 [Worker-19: ビルド] INFO  o.a.m.s.f.DefaultMavenResourcesFiltering - Copying 0 resource from src\main\resources to target\classes
2026-01-02 23:48:12,468 [Worker-19: ビルド] INFO  o.a.m.s.f.DefaultMavenResourcesFiltering - Copying 1 resource from src\main\resources to target\classes
2026-01-02 23:48:12,477 [Worker-19: ビルド] INFO  o.a.m.s.f.DefaultMavenResourcesFiltering - skip non existing resourceDirectory C:\Users\Yu-Ma_WPC\Terakoya_Study\spring_boot\samuraitravel\src\test\resources
2026-01-02 23:57:30,504 [Worker-15: ビルド] INFO  o.a.m.s.f.DefaultMavenResourcesFiltering - Copying 0 resource from src\main\resources to target\classes
2026-01-02 23:57:30,535 [Worker-15: ビルド] INFO  o.a.m.s.f.DefaultMavenResourcesFiltering - Copying 1 resource from src\main\resources to target\classes
2026-01-02 23:57:30,545 [Worker-15: ビルド] INFO  o.a.m.s.f.DefaultMavenResourcesFiltering - skip non existing resourceDirectory C:\Users\Yu-Ma_WPC\Terakoya_Study\spring_boot\samuraitravel\src\test\resources
2026-01-02 23:58:08,785 [Worker-15: ビルド] INFO  o.a.m.s.f.DefaultMavenResourcesFiltering - Copying 0 resource from src\main\resources to target\classes
2026-01-02 23:58:08,806 [Worker-15: ビルド] INFO  o.a.m.s.f.DefaultMavenResourcesFiltering - Copying 1 resource from src\main\resources to target\classes
2026-01-02 23:58:08,814 [Worker-15: ビルド] INFO  o.a.m.s.f.DefaultMavenResourcesFiltering - skip non existing resourceDirectory C:\Users\Yu-Ma_WPC\Terakoya_Study\spring_boot\samuraitravel\src\test\resources
2026-01-02 23:58:43,613 [Worker-23: ビルド] INFO  o.a.m.s.f.DefaultMavenResourcesFiltering - Copying 0 resource from src\main\resources to target\classes
2026-01-02 23:58:43,631 [Worker-23: ビルド] INFO  o.a.m.s.f.DefaultMavenResourcesFiltering - Copying 1 resource from src\main\resources to target\classes
2026-01-02 23:58:43,638 [Worker-23: ビルド] INFO  o.a.m.s.f.DefaultMavenResourcesFiltering - skip non existing resourceDirectory C:\Users\Yu-Ma_WPC\Terakoya_Study\spring_boot\samuraitravel\src\test\resources
2026-01-03 00:00:36,210 [Worker-20: ビルド] INFO  o.a.m.s.f.DefaultMavenResourcesFiltering - Copying 0 resource from src\main\resources to target\classes
2026-01-03 00:00:36,227 [Worker-20: ビルド] INFO  o.a.m.s.f.DefaultMavenResourcesFiltering - Copying 1 resource from src\main\resources to target\classes
2026-01-03 00:00:36,235 [Worker-20: ビルド] INFO  o.a.m.s.f.DefaultMavenResourcesFiltering - skip non existing resourceDirectory C:\Users\Yu-Ma_WPC\Terakoya_Study\spring_boot\samuraitravel\src\test\resources
2026-01-03 00:05:26,773 [Worker-28: ビルド] INFO  o.a.m.s.f.DefaultMavenResourcesFiltering - Copying 2 resources from src\main\resources to target\classes
2026-01-03 00:05:26,789 [Worker-28: ビルド] INFO  o.a.m.s.f.DefaultMavenResourcesFiltering - Copying 59 resources from src\main\resources to target\classes
2026-01-03 00:05:26,814 [Worker-28: ビルド] INFO  o.a.m.s.f.DefaultMavenResourcesFiltering - skip non existing resourceDirectory C:\Users\Yu-Ma_WPC\Terakoya_Study\spring_boot\samuraitravel\src\test\resources
2026-01-03 00:11:44,575 [Worker-27: ビルド] INFO  o.a.m.s.f.DefaultMavenResourcesFiltering - Copying 2 resources from src\main\resources to target\classes
2026-01-03 00:11:44,605 [Worker-27: ビルド] INFO  o.a.m.s.f.DefaultMavenResourcesFiltering - Copying 59 resources from src\main\resources to target\classes
2026-01-03 00:11:44,643 [Worker-27: ビルド] INFO  o.a.m.s.f.DefaultMavenResourcesFiltering - skip non existing resourceDirectory C:\Users\Yu-Ma_WPC\Terakoya_Study\spring_boot\samuraitravel\src\test\resources
2026-01-03 00:11:58,611 [Worker-27: ビルド] INFO  o.a.m.s.f.DefaultMavenResourcesFiltering - Copying 2 resources from src\main\resources to target\classes
2026-01-03 00:11:58,630 [Worker-27: ビルド] INFO  o.a.m.s.f.DefaultMavenResourcesFiltering - Copying 59 resources from src\main\resources to target\classes
2026-01-03 00:11:58,654 [Worker-27: ビルド] INFO  o.a.m.s.f.DefaultMavenResourcesFiltering - skip non existing resourceDirectory C:\Users\Yu-Ma_WPC\Terakoya_Study\spring_boot\samuraitravel\src\test\resources
2026-01-03 00:20:40,975 [Worker-31: ビルド] INFO  o.a.m.s.f.DefaultMavenResourcesFiltering - Copying 2 resources from src\main\resources to target\classes
2026-01-03 00:20:40,989 [Worker-31: ビルド] INFO  o.a.m.s.f.DefaultMavenResourcesFiltering - Copying 59 resources from src\main\resources to target\classes
2026-01-03 00:20:41,012 [Worker-31: ビルド] INFO  o.a.m.s.f.DefaultMavenResourcesFiltering - skip non existing resourceDirectory C:\Users\Yu-Ma_WPC\Terakoya_Study\spring_boot\samuraitravel\src\test\resources
2026-01-03 00:21:13,556 [Worker-27: ビルド] INFO  o.a.m.s.f.DefaultMavenResourcesFiltering - Copying 2 resources from src\main\resources to target\classes
2026-01-03 00:21:13,841 [Worker-27: ビルド] INFO  o.a.m.s.f.DefaultMavenResourcesFiltering - Copying 59 resources from src\main\resources to target\classes
2026-01-03 00:21:13,868 [Worker-27: ビルド] INFO  o.a.m.s.f.DefaultMavenResourcesFiltering - skip non existing resourceDirectory C:\Users\Yu-Ma_WPC\Terakoya_Study\spring_boot\samuraitravel\src\test\resources
2026-01-03 00:32:40,046 [Worker-35: ビルド] INFO  o.a.m.s.f.DefaultMavenResourcesFiltering - Copying 2 resources from src\main\resources to target\classes
2026-01-03 00:32:40,062 [Worker-35: ビルド] INFO  o.a.m.s.f.DefaultMavenResourcesFiltering - Copying 59 resources from src\main\resources to target\classes
2026-01-03 00:32:40,088 [Worker-35: ビルド] INFO  o.a.m.s.f.DefaultMavenResourcesFiltering - skip non existing resourceDirectory C:\Users\Yu-Ma_WPC\Terakoya_Study\spring_boot\samuraitravel\src\test\resources
2026-01-03 01:12:05,180 [Worker-27: ビルド] INFO  o.a.m.s.f.DefaultMavenResourcesFiltering - Copying 0 resource from src\main\resources to target\classes
2026-01-03 01:12:05,194 [Worker-27: ビルド] INFO  o.a.m.s.f.DefaultMavenResourcesFiltering - Copying 1 resource from src\main\resources to target\classes
2026-01-03 01:12:05,203 [Worker-27: ビルド] INFO  o.a.m.s.f.DefaultMavenResourcesFiltering - skip non existing resourceDirectory C:\Users\Yu-Ma_WPC\Terakoya_Study\spring_boot\samuraitravel\src\test\resources
2026-01-03 01:12:20,551 [Worker-27: ビルド] INFO  o.a.m.s.f.DefaultMavenResourcesFiltering - Copying 0 resource from src\main\resources to target\classes
2026-01-03 01:12:20,564 [Worker-27: ビルド] INFO  o.a.m.s.f.DefaultMavenResourcesFiltering - Copying 1 resource from src\main\resources to target\classes
2026-01-03 01:12:20,570 [Worker-27: ビルド] INFO  o.a.m.s.f.DefaultMavenResourcesFiltering - skip non existing resourceDirectory C:\Users\Yu-Ma_WPC\Terakoya_Study\spring_boot\samuraitravel\src\test\resources
2026-01-03 01:20:38,994 [Worker-27: ビルド] INFO  o.a.m.s.f.DefaultMavenResourcesFiltering - Copying 0 resource from src\main\resources to target\classes
2026-01-03 01:20:39,003 [Worker-27: ビルド] INFO  o.a.m.s.f.DefaultMavenResourcesFiltering - Copying 1 resource from src\main\resources to target\classes
2026-01-03 01:20:39,009 [Worker-27: ビルド] INFO  o.a.m.s.f.DefaultMavenResourcesFiltering - skip non existing resourceDirectory C:\Users\Yu-Ma_WPC\Terakoya_Study\spring_boot\samuraitravel\src\test\resources
2026-01-03 01:25:25,696 [Worker-34: ビルド] INFO  o.a.m.s.f.DefaultMavenResourcesFiltering - Copying 0 resource from src\main\resources to target\classes
2026-01-03 01:25:25,708 [Worker-34: ビルド] INFO  o.a.m.s.f.DefaultMavenResourcesFiltering - Copying 1 resource from src\main\resources to target\classes
2026-01-03 01:25:25,713 [Worker-34: ビルド] INFO  o.a.m.s.f.DefaultMavenResourcesFiltering - skip non existing resourceDirectory C:\Users\Yu-Ma_WPC\Terakoya_Study\spring_boot\samuraitravel\src\test\resources
2026-01-03 01:26:04,605 [Worker-36: ビルド] INFO  o.a.m.s.f.DefaultMavenResourcesFiltering - Copying 0 resource from src\main\resources to target\classes
2026-01-03 01:26:04,614 [Worker-36: ビルド] INFO  o.a.m.s.f.DefaultMavenResourcesFiltering - Copying 1 resource from src\main\resources to target\classes
2026-01-03 01:26:04,619 [Worker-36: ビルド] INFO  o.a.m.s.f.DefaultMavenResourcesFiltering - skip non existing resourceDirectory C:\Users\Yu-Ma_WPC\Terakoya_Study\spring_boot\samuraitravel\src\test\resources
2026-01-03 01:27:32,319 [Worker-27: ビルド] INFO  o.a.m.s.f.DefaultMavenResourcesFiltering - Copying 0 resource from src\main\resources to target\classes
2026-01-03 01:27:32,335 [Worker-27: ビルド] INFO  o.a.m.s.f.DefaultMavenResourcesFiltering - Copying 0 resource from src\main\resources to target\classes
2026-01-03 01:27:32,335 [Worker-27: ビルド] INFO  o.a.m.s.f.DefaultMavenResourcesFiltering - skip non existing resourceDirectory C:\Users\Yu-Ma_WPC\Terakoya_Study\spring_boot\samuraitravel\src\test\resources
2026-01-03 01:31:32,811 [Worker-38: ビルド] INFO  o.a.m.s.f.DefaultMavenResourcesFiltering - Copying 0 resource from src\main\resources to target\classes
2026-01-03 01:31:32,821 [Worker-38: ビルド] INFO  o.a.m.s.f.DefaultMavenResourcesFiltering - Copying 0 resource from src\main\resources to target\classes
2026-01-03 01:31:32,825 [Worker-38: ビルド] INFO  o.a.m.s.f.DefaultMavenResourcesFiltering - skip non existing resourceDirectory C:\Users\Yu-Ma_WPC\Terakoya_Study\spring_boot\samuraitravel\src\test\resources
2026-01-03 01:32:10,206 [Worker-39: ビルド] INFO  o.a.m.s.f.DefaultMavenResourcesFiltering - Copying 0 resource from src\main\resources to target\classes
2026-01-03 01:32:10,225 [Worker-39: ビルド] INFO  o.a.m.s.f.DefaultMavenResourcesFiltering - Copying 2 resources from src\main\resources to target\classes
2026-01-03 01:32:10,240 [Worker-39: ビルド] INFO  o.a.m.s.f.DefaultMavenResourcesFiltering - skip non existing resourceDirectory C:\Users\Yu-Ma_WPC\Terakoya_Study\spring_boot\samuraitravel\src\test\resources
2026-01-03 01:34:24,972 [Worker-27: ビルド] INFO  o.a.m.s.f.DefaultMavenResourcesFiltering - Copying 0 resource from src\main\resources to target\classes
2026-01-03 01:34:24,982 [Worker-27: ビルド] INFO  o.a.m.s.f.DefaultMavenResourcesFiltering - Copying 0 resource from src\main\resources to target\classes
2026-01-03 01:34:24,985 [Worker-27: ビルド] INFO  o.a.m.s.f.DefaultMavenResourcesFiltering - skip non existing resourceDirectory C:\Users\Yu-Ma_WPC\Terakoya_Study\spring_boot\samuraitravel\src\test\resources
2026-01-03 01:34:57,860 [Worker-29: ビルド] INFO  o.a.m.s.f.DefaultMavenResourcesFiltering - Copying 0 resource from src\main\resources to target\classes
2026-01-03 01:34:57,870 [Worker-29: ビルド] INFO  o.a.m.s.f.DefaultMavenResourcesFiltering - Copying 0 resource from src\main\resources to target\classes
2026-01-03 01:34:57,873 [Worker-29: ビルド] INFO  o.a.m.s.f.DefaultMavenResourcesFiltering - skip non existing resourceDirectory C:\Users\Yu-Ma_WPC\Terakoya_Study\spring_boot\samuraitravel\src\test\resources
2026-01-03 01:38:09,083 [Worker-36: ビルド] INFO  o.a.m.s.f.DefaultMavenResourcesFiltering - Copying 2 resources from src\main\resources to target\classes
2026-01-03 01:38:09,120 [Worker-36: ビルド] INFO  o.a.m.s.f.DefaultMavenResourcesFiltering - Copying 62 resources from src\main\resources to target\classes
2026-01-03 01:38:09,143 [Worker-36: ビルド] INFO  o.a.m.s.f.DefaultMavenResourcesFiltering - skip non existing resourceDirectory C:\Users\Yu-Ma_WPC\Terakoya_Study\spring_boot\samuraitravel\src\test\resources
2026-01-03 01:39:43,671 [Worker-29: ビルド] INFO  o.a.m.s.f.DefaultMavenResourcesFiltering - Copying 2 resources from src\main\resources to target\classes
2026-01-03 01:39:43,683 [Worker-29: ビルド] INFO  o.a.m.s.f.DefaultMavenResourcesFiltering - Copying 62 resources from src\main\resources to target\classes
2026-01-03 01:39:43,705 [Worker-29: ビルド] INFO  o.a.m.s.f.DefaultMavenResourcesFiltering - skip non existing resourceDirectory C:\Users\Yu-Ma_WPC\Terakoya_Study\spring_boot\samuraitravel\src\test\resources
2026-01-03 01:41:11,405 [Worker-37: ビルド] INFO  o.a.m.s.f.DefaultMavenResourcesFiltering - Copying 2 resources from src\main\resources to target\classes
2026-01-03 01:41:11,417 [Worker-37: ビルド] INFO  o.a.m.s.f.DefaultMavenResourcesFiltering - Copying 62 resources from src\main\resources to target\classes
2026-01-03 01:41:11,436 [Worker-37: ビルド] INFO  o.a.m.s.f.DefaultMavenResourcesFiltering - skip non existing resourceDirectory C:\Users\Yu-Ma_WPC\Terakoya_Study\spring_boot\samuraitravel\src\test\resources
2026-01-03 01:42:06,341 [Worker-37: ビルド] INFO  o.a.m.s.f.DefaultMavenResourcesFiltering - Copying 2 resources from src\main\resources to target\classes
2026-01-03 01:42:06,353 [Worker-37: ビルド] INFO  o.a.m.s.f.DefaultMavenResourcesFiltering - Copying 62 resources from src\main\resources to target\classes
2026-01-03 01:42:06,370 [Worker-37: ビルド] INFO  o.a.m.s.f.DefaultMavenResourcesFiltering - skip non existing resourceDirectory C:\Users\Yu-Ma_WPC\Terakoya_Study\spring_boot\samuraitravel\src\test\resources
2026-01-03 01:42:51,403 [Worker-36: ビルド] INFO  o.a.m.s.f.DefaultMavenResourcesFiltering - Copying 2 resources from src\main\resources to target\classes
2026-01-03 01:42:51,415 [Worker-36: ビルド] INFO  o.a.m.s.f.DefaultMavenResourcesFiltering - Copying 62 resources from src\main\resources to target\classes
2026-01-03 01:42:51,440 [Worker-36: ビルド] INFO  o.a.m.s.f.DefaultMavenResourcesFiltering - skip non existing resourceDirectory C:\Users\Yu-Ma_WPC\Terakoya_Study\spring_boot\samuraitravel\src\test\resources
2026-01-03 01:48:49,608 [Worker-36: ビルド] INFO  o.a.m.s.f.DefaultMavenResourcesFiltering - Copying 2 resources from src\main\resources to target\classes
2026-01-03 01:48:49,622 [Worker-36: ビルド] INFO  o.a.m.s.f.DefaultMavenResourcesFiltering - Copying 62 resources from src\main\resources to target\classes
2026-01-03 01:48:49,641 [Worker-36: ビルド] INFO  o.a.m.s.f.DefaultMavenResourcesFiltering - skip non existing resourceDirectory C:\Users\Yu-Ma_WPC\Terakoya_Study\spring_boot\samuraitravel\src\test\resources
2026-01-03 01:49:26,898 [Worker-38: ビルド] INFO  o.a.m.s.f.DefaultMavenResourcesFiltering - Copying 2 resources from src\main\resources to target\classes
2026-01-03 01:49:26,913 [Worker-38: ビルド] INFO  o.a.m.s.f.DefaultMavenResourcesFiltering - Copying 62 resources from src\main\resources to target\classes
2026-01-03 01:49:26,931 [Worker-38: ビルド] INFO  o.a.m.s.f.DefaultMavenResourcesFiltering - skip non existing resourceDirectory C:\Users\Yu-Ma_WPC\Terakoya_Study\spring_boot\samuraitravel\src\test\resources
2026-01-03 01:50:16,587 [Worker-38: ビルド] INFO  o.a.m.s.f.DefaultMavenResourcesFiltering - Copying 2 resources from src\main\resources to target\classes
2026-01-03 01:50:16,598 [Worker-38: ビルド] INFO  o.a.m.s.f.DefaultMavenResourcesFiltering - Copying 62 resources from src\main\resources to target\classes
2026-01-03 01:50:16,620 [Worker-38: ビルド] INFO  o.a.m.s.f.DefaultMavenResourcesFiltering - skip non existing resourceDirectory C:\Users\Yu-Ma_WPC\Terakoya_Study\spring_boot\samuraitravel\src\test\resources
2026-01-03 01:52:08,340 [Worker-36: ビルド] INFO  o.a.m.s.f.DefaultMavenResourcesFiltering - Copying 0 resource from src\main\resources to target\classes
2026-01-03 01:52:08,351 [Worker-36: ビルド] INFO  o.a.m.s.f.DefaultMavenResourcesFiltering - Copying 0 resource from src\main\resources to target\classes
2026-01-03 01:52:08,354 [Worker-36: ビルド] INFO  o.a.m.s.f.DefaultMavenResourcesFiltering - skip non existing resourceDirectory C:\Users\Yu-Ma_WPC\Terakoya_Study\spring_boot\samuraitravel\src\test\resources
2026-01-03 01:52:55,380 [Worker-38: ビルド] INFO  o.a.m.s.f.DefaultMavenResourcesFiltering - Copying 0 resource from src\main\resources to target\classes
2026-01-03 01:52:55,390 [Worker-38: ビルド] INFO  o.a.m.s.f.DefaultMavenResourcesFiltering - Copying 0 resource from src\main\resources to target\classes
2026-01-03 01:52:55,393 [Worker-38: ビルド] INFO  o.a.m.s.f.DefaultMavenResourcesFiltering - skip non existing resourceDirectory C:\Users\Yu-Ma_WPC\Terakoya_Study\spring_boot\samuraitravel\src\test\resources
2026-01-03 01:54:15,152 [Worker-44: ビルド] INFO  o.a.m.s.f.DefaultMavenResourcesFiltering - Copying 0 resource from src\main\resources to target\classes
2026-01-03 01:54:15,171 [Worker-44: ビルド] INFO  o.a.m.s.f.DefaultMavenResourcesFiltering - Copying 2 resources from src\main\resources to target\classes
2026-01-03 01:54:15,194 [Worker-44: ビルド] INFO  o.a.m.s.f.DefaultMavenResourcesFiltering - skip non existing resourceDirectory C:\Users\Yu-Ma_WPC\Terakoya_Study\spring_boot\samuraitravel\src\test\resources
2026-01-05 10:06:24,799 [Worker-3: Loading available Gradle versions] INFO  o.e.b.c.i.u.g.PublishedGradleVersions - Gradle version information cache is out-of-date. Trying to update.
2026-01-05 11:22:01,700 [Worker-14: ビルド] INFO  o.e.m.c.i.l.LifecycleMappingFactory - Using org.eclipse.m2e.jdt.JarLifecycleMapping lifecycle mapping for MavenProject: com.example:samuraitravel:0.0.1-SNAPSHOT @ C:\Users\Yu-Ma_WPC\Terakoya_Study\spring_boot\samuraitravel\pom.xml.
2026-01-05 11:22:02,410 [Worker-14: ビルド] INFO  o.e.m.c.i.e.AbstractTransferListenerAdapter - Downloading https://repo.maven.apache.org/maven2/com/stripe/stripe-java/28.2.0/stripe-java-28.2.0.pom
2026-01-05 11:22:02,424 [Worker-14: ビルド] INFO  o.e.m.c.i.e.AbstractTransferListenerAdapter - Downloaded https://repo.maven.apache.org/maven2/com/stripe/stripe-java/28.2.0/stripe-java-28.2.0.pom
2026-01-05 11:22:02,513 [Worker-14: ビルド] INFO  o.e.m.c.i.e.AbstractTransferListenerAdapter - Downloading https://repo.maven.apache.org/maven2/com/google/code/gson/gson/2.13.2/gson-2.13.2.pom
2026-01-05 11:22:02,522 [Worker-14: ビルド] INFO  o.e.m.c.i.e.AbstractTransferListenerAdapter - Downloaded https://repo.maven.apache.org/maven2/com/google/code/gson/gson/2.13.2/gson-2.13.2.pom
2026-01-05 11:22:02,603 [Worker-14: ビルド] INFO  o.e.m.c.i.e.AbstractTransferListenerAdapter - Downloading https://repo.maven.apache.org/maven2/com/google/code/gson/gson-parent/2.13.2/gson-parent-2.13.2.pom
2026-01-05 11:22:02,612 [Worker-14: ビルド] INFO  o.e.m.c.i.e.AbstractTransferListenerAdapter - Downloaded https://repo.maven.apache.org/maven2/com/google/code/gson/gson-parent/2.13.2/gson-parent-2.13.2.pom
2026-01-05 11:22:02,706 [Worker-14: ビルド] INFO  o.e.m.c.i.e.AbstractTransferListenerAdapter - Downloading https://repo.maven.apache.org/maven2/com/google/errorprone/error_prone_annotations/2.41.0/error_prone_annotations-2.41.0.pom
2026-01-05 11:22:02,712 [Worker-14: ビルド] INFO  o.e.m.c.i.e.AbstractTransferListenerAdapter - Downloaded https://repo.maven.apache.org/maven2/com/google/errorprone/error_prone_annotations/2.41.0/error_prone_annotations-2.41.0.pom
2026-01-05 11:22:02,809 [Worker-14: ビルド] INFO  o.e.m.c.i.e.AbstractTransferListenerAdapter - Downloading https://repo.maven.apache.org/maven2/com/google/errorprone/error_prone_parent/2.41.0/error_prone_parent-2.41.0.pom
2026-01-05 11:22:02,814 [Worker-14: ビルド] INFO  o.e.m.c.i.e.AbstractTransferListenerAdapter - Downloaded https://repo.maven.apache.org/maven2/com/google/errorprone/error_prone_parent/2.41.0/error_prone_parent-2.41.0.pom
2026-01-05 11:22:03,093 [Worker-14: ビルド] INFO  o.e.m.c.i.e.AbstractTransferListenerAdapter - Downloading https://repo.maven.apache.org/maven2/com/stripe/stripe-java/28.2.0/stripe-java-28.2.0.jar
2026-01-05 11:22:05,309 [Worker-14: ビルド] INFO  o.e.m.c.i.e.AbstractTransferListenerAdapter - Downloaded https://repo.maven.apache.org/maven2/com/stripe/stripe-java/28.2.0/stripe-java-28.2.0.jar
2026-01-05 11:22:05,387 [BasicRepositoryConnector-repo.maven.apache.org-0-1] INFO  o.e.m.c.i.e.AbstractTransferListenerAdapter - Downloading https://repo.maven.apache.org/maven2/com/google/errorprone/error_prone_annotations/2.41.0/error_prone_annotations-2.41.0.jar
2026-01-05 11:22:05,397 [BasicRepositoryConnector-repo.maven.apache.org-0-1] INFO  o.e.m.c.i.e.AbstractTransferListenerAdapter - Downloaded https://repo.maven.apache.org/maven2/com/google/errorprone/error_prone_annotations/2.41.0/error_prone_annotations-2.41.0.jar
2026-01-05 11:22:05,465 [BasicRepositoryConnector-repo.maven.apache.org-0-0] INFO  o.e.m.c.i.e.AbstractTransferListenerAdapter - Downloading https://repo.maven.apache.org/maven2/com/google/code/gson/gson/2.13.2/gson-2.13.2.jar
2026-01-05 11:22:05,609 [BasicRepositoryConnector-repo.maven.apache.org-0-0] INFO  o.e.m.c.i.e.AbstractTransferListenerAdapter - Downloaded https://repo.maven.apache.org/maven2/com/google/code/gson/gson/2.13.2/gson-2.13.2.jar
2026-01-05 11:22:06,733 [Worker-14: ビルド] INFO  o.a.m.s.f.DefaultMavenResourcesFiltering - Copying 2 resources from src\main\resources to target\classes
2026-01-05 11:22:06,756 [Worker-14: ビルド] INFO  o.a.m.s.f.DefaultMavenResourcesFiltering - Copying 64 resources from src\main\resources to target\classes
2026-01-05 11:22:06,797 [Worker-14: ビルド] INFO  o.a.m.s.f.DefaultMavenResourcesFiltering - skip non existing resourceDirectory C:\Users\Yu-Ma_WPC\Terakoya_Study\spring_boot\samuraitravel\src\test\resources
2026-01-05 11:22:07,442 [Worker-15: ソースおよび Javadoc のダウンロード] INFO  o.e.m.c.i.e.AbstractTransferListenerAdapter - Downloading https://repo.maven.apache.org/maven2/com/stripe/stripe-java/28.2.0/stripe-java-28.2.0-sources.jar
2026-01-05 11:22:08,070 [Worker-15: ソースおよび Javadoc のダウンロード] INFO  o.e.m.c.i.e.AbstractTransferListenerAdapter - Downloaded https://repo.maven.apache.org/maven2/com/stripe/stripe-java/28.2.0/stripe-java-28.2.0-sources.jar
2026-01-05 11:22:08,078 [Worker-15: ソースおよび Javadoc のダウンロード] INFO  o.e.m.j.internal.DownloadSourcesJob - Downloaded sources for com.stripe:stripe-java:28.2.0
2026-01-05 11:22:08,238 [Worker-15: ソースおよび Javadoc のダウンロード] INFO  o.e.m.c.i.e.AbstractTransferListenerAdapter - Downloading https://repo.maven.apache.org/maven2/com/google/code/gson/gson/2.13.2/gson-2.13.2-sources.jar
2026-01-05 11:22:08,340 [Worker-15: ソースおよび Javadoc のダウンロード] INFO  o.e.m.c.i.e.AbstractTransferListenerAdapter - Downloaded https://repo.maven.apache.org/maven2/com/google/code/gson/gson/2.13.2/gson-2.13.2-sources.jar
2026-01-05 11:22:08,345 [Worker-15: ソースおよび Javadoc のダウンロード] INFO  o.e.m.j.internal.DownloadSourcesJob - Downloaded sources for com.google.code.gson:gson:2.13.2
2026-01-05 11:22:08,500 [Worker-15: ソースおよび Javadoc のダウンロード] INFO  o.e.m.c.i.e.AbstractTransferListenerAdapter - Downloading https://repo.maven.apache.org/maven2/com/google/errorprone/error_prone_annotations/2.41.0/error_prone_annotations-2.41.0-sources.jar
2026-01-05 11:22:08,517 [Worker-15: ソースおよび Javadoc のダウンロード] INFO  o.e.m.c.i.e.AbstractTransferListenerAdapter - Downloaded https://repo.maven.apache.org/maven2/com/google/errorprone/error_prone_annotations/2.41.0/error_prone_annotations-2.41.0-sources.jar
2026-01-05 11:22:08,525 [Worker-15: ソースおよび Javadoc のダウンロード] INFO  o.e.m.j.internal.DownloadSourcesJob - Downloaded sources for com.google.errorprone:error_prone_annotations:2.41.0
2026-01-05 11:34:17,267 [Worker-18: Maven プロジェクトの更新中] INFO  o.e.m.c.i.p.ProjectConfigurationManager - Update started
2026-01-05 11:34:17,675 [Worker-18: Maven プロジェクトの更新中] INFO  o.e.m.c.i.l.LifecycleMappingFactory - Using org.eclipse.m2e.jdt.JarLifecycleMapping lifecycle mapping for MavenProject: com.example:samuraitravel:0.0.1-SNAPSHOT @ C:\Users\Yu-Ma_WPC\Terakoya_Study\spring_boot\samuraitravel\pom.xml.
2026-01-05 11:34:18,743 [Worker-18: Maven プロジェクトの更新中] INFO  o.e.m.j.i.AbstractJavaProjectConfigurator - Adding source folder /samuraitravel/src/main/java
2026-01-05 11:34:18,743 [Worker-18: Maven プロジェクトの更新中] INFO  o.e.m.j.i.AbstractJavaProjectConfigurator - Adding resource folder /samuraitravel/src/main/resources
2026-01-05 11:34:18,744 [Worker-18: Maven プロジェクトの更新中] INFO  o.e.m.j.i.AbstractJavaProjectConfigurator - Adding resource folder /samuraitravel/src/main/resources
2026-01-05 11:34:18,746 [Worker-18: Maven プロジェクトの更新中] INFO  o.e.m.j.i.AbstractJavaProjectConfigurator - Adding source folder /samuraitravel/src/test/java
2026-01-05 11:34:18,746 [Worker-18: Maven プロジェクトの更新中] INFO  o.e.m.j.i.AbstractJavaProjectConfigurator - Adding resource folder /samuraitravel/src/test/resources
2026-01-05 11:34:19,071 [Worker-18: Maven プロジェクトの更新中] INFO  o.e.m.c.i.p.ProjectConfigurationManager - Update completed for 1 poms: local refresh takes 0.00 sec, refresh facades takes 1.00 sec, update config takes 0.00 sec 
2026-01-05 11:34:19,976 [Worker-24: ビルド] INFO  o.a.m.s.f.DefaultMavenResourcesFiltering - Copying 2 resources from src\main\resources to target\classes
2026-01-05 11:34:19,995 [Worker-24: ビルド] INFO  o.a.m.s.f.DefaultMavenResourcesFiltering - Copying 64 resources from src\main\resources to target\classes
2026-01-05 11:34:20,250 [Worker-24: ビルド] INFO  o.a.m.s.f.DefaultMavenResourcesFiltering - skip non existing resourceDirectory C:\Users\Yu-Ma_WPC\Terakoya_Study\spring_boot\samuraitravel\src\test\resources
2026-01-05 12:06:10,051 [Worker-24: ビルド] INFO  o.a.m.s.f.DefaultMavenResourcesFiltering - Copying 2 resources from src\main\resources to target\classes
2026-01-05 12:06:10,080 [Worker-24: ビルド] INFO  o.a.m.s.f.DefaultMavenResourcesFiltering - Copying 64 resources from src\main\resources to target\classes
2026-01-05 12:06:10,116 [Worker-24: ビルド] INFO  o.a.m.s.f.DefaultMavenResourcesFiltering - skip non existing resourceDirectory C:\Users\Yu-Ma_WPC\Terakoya_Study\spring_boot\samuraitravel\src\test\resources
2026-01-05 12:06:30,349 [Worker-18: ビルド] INFO  o.a.m.s.f.DefaultMavenResourcesFiltering - Copying 2 resources from src\main\resources to target\classes
2026-01-05 12:06:30,365 [Worker-18: ビルド] INFO  o.a.m.s.f.DefaultMavenResourcesFiltering - Copying 64 resources from src\main\resources to target\classes
2026-01-05 12:06:30,387 [Worker-18: ビルド] INFO  o.a.m.s.f.DefaultMavenResourcesFiltering - skip non existing resourceDirectory C:\Users\Yu-Ma_WPC\Terakoya_Study\spring_boot\samuraitravel\src\test\resources
2026-01-05 12:07:22,288 [Worker-28: ビルド] INFO  o.a.m.s.f.DefaultMavenResourcesFiltering - Copying 2 resources from src\main\resources to target\classes
2026-01-05 12:07:22,303 [Worker-28: ビルド] INFO  o.a.m.s.f.DefaultMavenResourcesFiltering - Copying 64 resources from src\main\resources to target\classes
2026-01-05 12:07:22,333 [Worker-28: ビルド] INFO  o.a.m.s.f.DefaultMavenResourcesFiltering - skip non existing resourceDirectory C:\Users\Yu-Ma_WPC\Terakoya_Study\spring_boot\samuraitravel\src\test\resources
2026-01-05 12:10:07,462 [Worker-28: ビルド] INFO  o.a.m.s.f.DefaultMavenResourcesFiltering - Copying 2 resources from src\main\resources to target\classes
2026-01-05 12:10:07,478 [Worker-28: ビルド] INFO  o.a.m.s.f.DefaultMavenResourcesFiltering - Copying 64 resources from src\main\resources to target\classes
2026-01-05 12:10:07,497 [Worker-28: ビルド] INFO  o.a.m.s.f.DefaultMavenResourcesFiltering - skip non existing resourceDirectory C:\Users\Yu-Ma_WPC\Terakoya_Study\spring_boot\samuraitravel\src\test\resources
2026-01-05 12:16:05,816 [Worker-28: ビルド] INFO  o.a.m.s.f.DefaultMavenResourcesFiltering - Copying 2 resources from src\main\resources to target\classes
2026-01-05 12:16:05,831 [Worker-28: ビルド] INFO  o.a.m.s.f.DefaultMavenResourcesFiltering - Copying 64 resources from src\main\resources to target\classes
2026-01-05 12:16:05,849 [Worker-28: ビルド] INFO  o.a.m.s.f.DefaultMavenResourcesFiltering - skip non existing resourceDirectory C:\Users\Yu-Ma_WPC\Terakoya_Study\spring_boot\samuraitravel\src\test\resources
2026-01-05 12:17:15,302 [Worker-29: ビルド] INFO  o.a.m.s.f.DefaultMavenResourcesFiltering - Copying 2 resources from src\main\resources to target\classes
2026-01-05 12:17:15,323 [Worker-29: ビルド] INFO  o.a.m.s.f.DefaultMavenResourcesFiltering - Copying 64 resources from src\main\resources to target\classes
2026-01-05 12:17:15,353 [Worker-29: ビルド] INFO  o.a.m.s.f.DefaultMavenResourcesFiltering - skip non existing resourceDirectory C:\Users\Yu-Ma_WPC\Terakoya_Study\spring_boot\samuraitravel\src\test\resources
2026-01-05 12:18:47,939 [Worker-14: ビルド] INFO  o.a.m.s.f.DefaultMavenResourcesFiltering - Copying 2 resources from src\main\resources to target\classes
2026-01-05 12:18:47,952 [Worker-14: ビルド] INFO  o.a.m.s.f.DefaultMavenResourcesFiltering - Copying 64 resources from src\main\resources to target\classes
2026-01-05 12:18:47,982 [Worker-14: ビルド] INFO  o.a.m.s.f.DefaultMavenResourcesFiltering - skip non existing resourceDirectory C:\Users\Yu-Ma_WPC\Terakoya_Study\spring_boot\samuraitravel\src\test\resources
2026-01-05 12:31:12,255 [Worker-32: ビルド] INFO  o.a.m.s.f.DefaultMavenResourcesFiltering - Copying 2 resources from src\main\resources to target\classes
2026-01-05 12:31:12,287 [Worker-32: ビルド] INFO  o.a.m.s.f.DefaultMavenResourcesFiltering - Copying 64 resources from src\main\resources to target\classes
2026-01-05 12:31:12,331 [Worker-32: ビルド] INFO  o.a.m.s.f.DefaultMavenResourcesFiltering - skip non existing resourceDirectory C:\Users\Yu-Ma_WPC\Terakoya_Study\spring_boot\samuraitravel\src\test\resources
2026-01-05 12:31:35,101 [Worker-31: ビルド] INFO  o.a.m.s.f.DefaultMavenResourcesFiltering - Copying 2 resources from src\main\resources to target\classes
2026-01-05 12:31:35,117 [Worker-31: ビルド] INFO  o.a.m.s.f.DefaultMavenResourcesFiltering - Copying 64 resources from src\main\resources to target\classes
2026-01-05 12:31:35,141 [Worker-31: ビルド] INFO  o.a.m.s.f.DefaultMavenResourcesFiltering - skip non existing resourceDirectory C:\Users\Yu-Ma_WPC\Terakoya_Study\spring_boot\samuraitravel\src\test\resources
2026-01-05 12:35:43,373 [Worker-32: ビルド] INFO  o.a.m.s.f.DefaultMavenResourcesFiltering - Copying 2 resources from src\main\resources to target\classes
2026-01-05 12:35:43,385 [Worker-32: ビルド] INFO  o.a.m.s.f.DefaultMavenResourcesFiltering - Copying 64 resources from src\main\resources to target\classes
2026-01-05 12:35:43,406 [Worker-32: ビルド] INFO  o.a.m.s.f.DefaultMavenResourcesFiltering - skip non existing resourceDirectory C:\Users\Yu-Ma_WPC\Terakoya_Study\spring_boot\samuraitravel\src\test\resources
2026-01-05 12:41:20,406 [Worker-32: ビルド] INFO  o.a.m.s.f.DefaultMavenResourcesFiltering - Copying 2 resources from src\main\resources to target\classes
2026-01-05 12:41:20,423 [Worker-32: ビルド] INFO  o.a.m.s.f.DefaultMavenResourcesFiltering - Copying 64 resources from src\main\resources to target\classes
2026-01-05 12:41:20,444 [Worker-32: ビルド] INFO  o.a.m.s.f.DefaultMavenResourcesFiltering - skip non existing resourceDirectory C:\Users\Yu-Ma_WPC\Terakoya_Study\spring_boot\samuraitravel\src\test\resources
2026-01-05 12:41:41,351 [Worker-32: ビルド] INFO  o.a.m.s.f.DefaultMavenResourcesFiltering - Copying 2 resources from src\main\resources to target\classes
2026-01-05 12:41:41,368 [Worker-32: ビルド] INFO  o.a.m.s.f.DefaultMavenResourcesFiltering - Copying 64 resources from src\main\resources to target\classes
2026-01-05 12:41:41,389 [Worker-32: ビルド] INFO  o.a.m.s.f.DefaultMavenResourcesFiltering - skip non existing resourceDirectory C:\Users\Yu-Ma_WPC\Terakoya_Study\spring_boot\samuraitravel\src\test\resources
2026-01-05 12:47:08,006 [Worker-38: ビルド] INFO  o.a.m.s.f.DefaultMavenResourcesFiltering - Copying 2 resources from src\main\resources to target\classes
2026-01-05 12:47:08,019 [Worker-38: ビルド] INFO  o.a.m.s.f.DefaultMavenResourcesFiltering - Copying 64 resources from src\main\resources to target\classes
2026-01-05 12:47:08,037 [Worker-38: ビルド] INFO  o.a.m.s.f.DefaultMavenResourcesFiltering - skip non existing resourceDirectory C:\Users\Yu-Ma_WPC\Terakoya_Study\spring_boot\samuraitravel\src\test\resources
2026-01-05 12:50:34,996 [Worker-39: ビルド] INFO  o.a.m.s.f.DefaultMavenResourcesFiltering - Copying 2 resources from src\main\resources to target\classes
2026-01-05 12:50:35,013 [Worker-39: ビルド] INFO  o.a.m.s.f.DefaultMavenResourcesFiltering - Copying 64 resources from src\main\resources to target\classes
2026-01-05 12:50:35,032 [Worker-39: ビルド] INFO  o.a.m.s.f.DefaultMavenResourcesFiltering - skip non existing resourceDirectory C:\Users\Yu-Ma_WPC\Terakoya_Study\spring_boot\samuraitravel\src\test\resources
2026-01-05 12:51:12,281 [Worker-30: ビルド] INFO  o.a.m.s.f.DefaultMavenResourcesFiltering - Copying 2 resources from src\main\resources to target\classes
2026-01-05 12:51:12,295 [Worker-30: ビルド] INFO  o.a.m.s.f.DefaultMavenResourcesFiltering - Copying 64 resources from src\main\resources to target\classes
2026-01-05 12:51:12,317 [Worker-30: ビルド] INFO  o.a.m.s.f.DefaultMavenResourcesFiltering - skip non existing resourceDirectory C:\Users\Yu-Ma_WPC\Terakoya_Study\spring_boot\samuraitravel\src\test\resources
2026-01-05 12:59:13,913 [Worker-41: ビルド] INFO  o.a.m.s.f.DefaultMavenResourcesFiltering - Copying 2 resources from src\main\resources to target\classes
2026-01-05 12:59:13,930 [Worker-41: ビルド] INFO  o.a.m.s.f.DefaultMavenResourcesFiltering - Copying 64 resources from src\main\resources to target\classes
2026-01-05 12:59:13,951 [Worker-41: ビルド] INFO  o.a.m.s.f.DefaultMavenResourcesFiltering - skip non existing resourceDirectory C:\Users\Yu-Ma_WPC\Terakoya_Study\spring_boot\samuraitravel\src\test\resources
2026-01-05 12:59:22,656 [Worker-39: ビルド] INFO  o.a.m.s.f.DefaultMavenResourcesFiltering - Copying 2 resources from src\main\resources to target\classes
2026-01-05 12:59:22,671 [Worker-39: ビルド] INFO  o.a.m.s.f.DefaultMavenResourcesFiltering - Copying 64 resources from src\main\resources to target\classes
2026-01-05 12:59:22,691 [Worker-39: ビルド] INFO  o.a.m.s.f.DefaultMavenResourcesFiltering - skip non existing resourceDirectory C:\Users\Yu-Ma_WPC\Terakoya_Study\spring_boot\samuraitravel\src\test\resources
2026-01-05 12:59:49,064 [Worker-44: ビルド] INFO  o.a.m.s.f.DefaultMavenResourcesFiltering - Copying 2 resources from src\main\resources to target\classes
2026-01-05 12:59:49,078 [Worker-44: ビルド] INFO  o.a.m.s.f.DefaultMavenResourcesFiltering - Copying 64 resources from src\main\resources to target\classes
2026-01-05 12:59:49,100 [Worker-44: ビルド] INFO  o.a.m.s.f.DefaultMavenResourcesFiltering - skip non existing resourceDirectory C:\Users\Yu-Ma_WPC\Terakoya_Study\spring_boot\samuraitravel\src\test\resources
2026-01-05 13:00:19,093 [Worker-32: ビルド] INFO  o.a.m.s.f.DefaultMavenResourcesFiltering - Copying 2 resources from src\main\resources to target\classes
2026-01-05 13:00:19,106 [Worker-32: ビルド] INFO  o.a.m.s.f.DefaultMavenResourcesFiltering - Copying 64 resources from src\main\resources to target\classes
2026-01-05 13:00:19,129 [Worker-32: ビルド] INFO  o.a.m.s.f.DefaultMavenResourcesFiltering - skip non existing resourceDirectory C:\Users\Yu-Ma_WPC\Terakoya_Study\spring_boot\samuraitravel\src\test\resources
2026-01-05 13:00:34,634 [Worker-41: ビルド] INFO  o.a.m.s.f.DefaultMavenResourcesFiltering - Copying 2 resources from src\main\resources to target\classes
2026-01-05 13:00:34,647 [Worker-41: ビルド] INFO  o.a.m.s.f.DefaultMavenResourcesFiltering - Copying 64 resources from src\main\resources to target\classes
2026-01-05 13:00:34,671 [Worker-41: ビルド] INFO  o.a.m.s.f.DefaultMavenResourcesFiltering - skip non existing resourceDirectory C:\Users\Yu-Ma_WPC\Terakoya_Study\spring_boot\samuraitravel\src\test\resources
2026-01-05 13:03:01,961 [Worker-39: ビルド] INFO  o.a.m.s.f.DefaultMavenResourcesFiltering - Copying 2 resources from src\main\resources to target\classes
2026-01-05 13:03:01,976 [Worker-39: ビルド] INFO  o.a.m.s.f.DefaultMavenResourcesFiltering - Copying 64 resources from src\main\resources to target\classes
2026-01-05 13:03:01,996 [Worker-39: ビルド] INFO  o.a.m.s.f.DefaultMavenResourcesFiltering - skip non existing resourceDirectory C:\Users\Yu-Ma_WPC\Terakoya_Study\spring_boot\samuraitravel\src\test\resources
2026-01-05 13:08:09,809 [Worker-39: ビルド] INFO  o.a.m.s.f.DefaultMavenResourcesFiltering - Copying 2 resources from src\main\resources to target\classes
2026-01-05 13:08:09,821 [Worker-39: ビルド] INFO  o.a.m.s.f.DefaultMavenResourcesFiltering - Copying 64 resources from src\main\resources to target\classes
2026-01-05 13:08:09,840 [Worker-39: ビルド] INFO  o.a.m.s.f.DefaultMavenResourcesFiltering - skip non existing resourceDirectory C:\Users\Yu-Ma_WPC\Terakoya_Study\spring_boot\samuraitravel\src\test\resources
2026-01-05 13:11:12,667 [Worker-44: ビルド] INFO  o.a.m.s.f.DefaultMavenResourcesFiltering - Copying 2 resources from src\main\resources to target\classes
2026-01-05 13:11:12,685 [Worker-44: ビルド] INFO  o.a.m.s.f.DefaultMavenResourcesFiltering - Copying 64 resources from src\main\resources to target\classes
2026-01-05 13:11:12,706 [Worker-44: ビルド] INFO  o.a.m.s.f.DefaultMavenResourcesFiltering - skip non existing resourceDirectory C:\Users\Yu-Ma_WPC\Terakoya_Study\spring_boot\samuraitravel\src\test\resources
2026-01-05 13:11:53,001 [Worker-38: ビルド] INFO  o.a.m.s.f.DefaultMavenResourcesFiltering - Copying 2 resources from src\main\resources to target\classes
2026-01-05 13:11:53,013 [Worker-38: ビルド] INFO  o.a.m.s.f.DefaultMavenResourcesFiltering - Copying 64 resources from src\main\resources to target\classes
2026-01-05 13:11:53,034 [Worker-38: ビルド] INFO  o.a.m.s.f.DefaultMavenResourcesFiltering - skip non existing resourceDirectory C:\Users\Yu-Ma_WPC\Terakoya_Study\spring_boot\samuraitravel\src\test\resources
2026-01-05 13:13:05,364 [Worker-32: ビルド] INFO  o.a.m.s.f.DefaultMavenResourcesFiltering - Copying 2 resources from src\main\resources to target\classes
2026-01-05 13:13:05,394 [Worker-32: ビルド] INFO  o.a.m.s.f.DefaultMavenResourcesFiltering - Copying 64 resources from src\main\resources to target\classes
2026-01-05 13:13:05,416 [Worker-32: ビルド] INFO  o.a.m.s.f.DefaultMavenResourcesFiltering - skip non existing resourceDirectory C:\Users\Yu-Ma_WPC\Terakoya_Study\spring_boot\samuraitravel\src\test\resources
2026-01-05 13:14:10,199 [Worker-32: ビルド] INFO  o.a.m.s.f.DefaultMavenResourcesFiltering - Copying 2 resources from src\main\resources to target\classes
2026-01-05 13:14:10,212 [Worker-32: ビルド] INFO  o.a.m.s.f.DefaultMavenResourcesFiltering - Copying 64 resources from src\main\resources to target\classes
2026-01-05 13:14:10,232 [Worker-32: ビルド] INFO  o.a.m.s.f.DefaultMavenResourcesFiltering - skip non existing resourceDirectory C:\Users\Yu-Ma_WPC\Terakoya_Study\spring_boot\samuraitravel\src\test\resources
2026-01-05 13:17:38,286 [Worker-41: ビルド] INFO  o.a.m.s.f.DefaultMavenResourcesFiltering - Copying 2 resources from src\main\resources to target\classes
2026-01-05 13:17:38,304 [Worker-41: ビルド] INFO  o.a.m.s.f.DefaultMavenResourcesFiltering - Copying 64 resources from src\main\resources to target\classes
2026-01-05 13:17:38,342 [Worker-41: ビルド] INFO  o.a.m.s.f.DefaultMavenResourcesFiltering - skip non existing resourceDirectory C:\Users\Yu-Ma_WPC\Terakoya_Study\spring_boot\samuraitravel\src\test\resources
2026-01-05 13:18:13,369 [Worker-44: ビルド] INFO  o.a.m.s.f.DefaultMavenResourcesFiltering - Copying 2 resources from src\main\resources to target\classes
2026-01-05 13:18:13,385 [Worker-44: ビルド] INFO  o.a.m.s.f.DefaultMavenResourcesFiltering - Copying 64 resources from src\main\resources to target\classes
2026-01-05 13:18:13,406 [Worker-44: ビルド] INFO  o.a.m.s.f.DefaultMavenResourcesFiltering - skip non existing resourceDirectory C:\Users\Yu-Ma_WPC\Terakoya_Study\spring_boot\samuraitravel\src\test\resources
2026-01-05 13:20:57,779 [Worker-46: ビルド] INFO  o.a.m.s.f.DefaultMavenResourcesFiltering - Copying 2 resources from src\main\resources to target\classes
2026-01-05 13:20:57,813 [Worker-46: ビルド] INFO  o.a.m.s.f.DefaultMavenResourcesFiltering - Copying 64 resources from src\main\resources to target\classes
2026-01-05 13:20:57,836 [Worker-46: ビルド] INFO  o.a.m.s.f.DefaultMavenResourcesFiltering - skip non existing resourceDirectory C:\Users\Yu-Ma_WPC\Terakoya_Study\spring_boot\samuraitravel\src\test\resources
2026-01-05 13:22:09,720 [Worker-46: ビルド] INFO  o.a.m.s.f.DefaultMavenResourcesFiltering - Copying 2 resources from src\main\resources to target\classes
2026-01-05 13:22:09,736 [Worker-46: ビルド] INFO  o.a.m.s.f.DefaultMavenResourcesFiltering - Copying 64 resources from src\main\resources to target\classes
2026-01-05 13:22:09,756 [Worker-46: ビルド] INFO  o.a.m.s.f.DefaultMavenResourcesFiltering - skip non existing resourceDirectory C:\Users\Yu-Ma_WPC\Terakoya_Study\spring_boot\samuraitravel\src\test\resources
2026-01-05 13:22:16,567 [Worker-41: ビルド] INFO  o.a.m.s.f.DefaultMavenResourcesFiltering - Copying 2 resources from src\main\resources to target\classes
2026-01-05 13:22:16,579 [Worker-41: ビルド] INFO  o.a.m.s.f.DefaultMavenResourcesFiltering - Copying 64 resources from src\main\resources to target\classes
2026-01-05 13:22:16,599 [Worker-41: ビルド] INFO  o.a.m.s.f.DefaultMavenResourcesFiltering - skip non existing resourceDirectory C:\Users\Yu-Ma_WPC\Terakoya_Study\spring_boot\samuraitravel\src\test\resources
2026-01-05 13:23:01,978 [Worker-41: ビルド] INFO  o.a.m.s.f.DefaultMavenResourcesFiltering - Copying 2 resources from src\main\resources to target\classes
2026-01-05 13:23:01,990 [Worker-41: ビルド] INFO  o.a.m.s.f.DefaultMavenResourcesFiltering - Copying 64 resources from src\main\resources to target\classes
2026-01-05 13:23:02,019 [Worker-41: ビルド] INFO  o.a.m.s.f.DefaultMavenResourcesFiltering - skip non existing resourceDirectory C:\Users\Yu-Ma_WPC\Terakoya_Study\spring_boot\samuraitravel\src\test\resources
2026-01-05 13:23:25,788 [Worker-45: ビルド] INFO  o.a.m.s.f.DefaultMavenResourcesFiltering - Copying 2 resources from src\main\resources to target\classes
2026-01-05 13:23:25,799 [Worker-45: ビルド] INFO  o.a.m.s.f.DefaultMavenResourcesFiltering - Copying 64 resources from src\main\resources to target\classes
2026-01-05 13:23:25,821 [Worker-45: ビルド] INFO  o.a.m.s.f.DefaultMavenResourcesFiltering - skip non existing resourceDirectory C:\Users\Yu-Ma_WPC\Terakoya_Study\spring_boot\samuraitravel\src\test\resources
2026-01-05 13:24:41,336 [Worker-44: ビルド] INFO  o.a.m.s.f.DefaultMavenResourcesFiltering - Copying 2 resources from src\main\resources to target\classes
2026-01-05 13:24:41,347 [Worker-44: ビルド] INFO  o.a.m.s.f.DefaultMavenResourcesFiltering - Copying 64 resources from src\main\resources to target\classes
2026-01-05 13:24:41,365 [Worker-44: ビルド] INFO  o.a.m.s.f.DefaultMavenResourcesFiltering - skip non existing resourceDirectory C:\Users\Yu-Ma_WPC\Terakoya_Study\spring_boot\samuraitravel\src\test\resources
2026-01-05 13:26:36,733 [Worker-32: ビルド] INFO  o.a.m.s.f.DefaultMavenResourcesFiltering - Copying 2 resources from src\main\resources to target\classes
2026-01-05 13:26:36,764 [Worker-32: ビルド] INFO  o.a.m.s.f.DefaultMavenResourcesFiltering - Copying 64 resources from src\main\resources to target\classes
2026-01-05 13:26:36,787 [Worker-32: ビルド] INFO  o.a.m.s.f.DefaultMavenResourcesFiltering - skip non existing resourceDirectory C:\Users\Yu-Ma_WPC\Terakoya_Study\spring_boot\samuraitravel\src\test\resources
2026-01-05 13:27:10,099 [Worker-46: ビルド] INFO  o.a.m.s.f.DefaultMavenResourcesFiltering - Copying 2 resources from src\main\resources to target\classes
2026-01-05 13:27:10,111 [Worker-46: ビルド] INFO  o.a.m.s.f.DefaultMavenResourcesFiltering - Copying 64 resources from src\main\resources to target\classes
2026-01-05 13:27:10,129 [Worker-46: ビルド] INFO  o.a.m.s.f.DefaultMavenResourcesFiltering - skip non existing resourceDirectory C:\Users\Yu-Ma_WPC\Terakoya_Study\spring_boot\samuraitravel\src\test\resources
2026-01-05 13:27:32,597 [Worker-32: ビルド] INFO  o.a.m.s.f.DefaultMavenResourcesFiltering - Copying 2 resources from src\main\resources to target\classes
2026-01-05 13:27:32,623 [Worker-32: ビルド] INFO  o.a.m.s.f.DefaultMavenResourcesFiltering - Copying 64 resources from src\main\resources to target\classes
2026-01-05 13:27:32,650 [Worker-32: ビルド] INFO  o.a.m.s.f.DefaultMavenResourcesFiltering - skip non existing resourceDirectory C:\Users\Yu-Ma_WPC\Terakoya_Study\spring_boot\samuraitravel\src\test\resources
2026-01-05 13:28:17,166 [Worker-44: ビルド] INFO  o.a.m.s.f.DefaultMavenResourcesFiltering - Copying 2 resources from src\main\resources to target\classes
2026-01-05 13:28:17,177 [Worker-44: ビルド] INFO  o.a.m.s.f.DefaultMavenResourcesFiltering - Copying 64 resources from src\main\resources to target\classes
2026-01-05 13:28:17,197 [Worker-44: ビルド] INFO  o.a.m.s.f.DefaultMavenResourcesFiltering - skip non existing resourceDirectory C:\Users\Yu-Ma_WPC\Terakoya_Study\spring_boot\samuraitravel\src\test\resources
2026-01-05 13:30:51,548 [Worker-41: ビルド] INFO  o.a.m.s.f.DefaultMavenResourcesFiltering - Copying 2 resources from src\main\resources to target\classes
2026-01-05 13:30:51,565 [Worker-41: ビルド] INFO  o.a.m.s.f.DefaultMavenResourcesFiltering - Copying 64 resources from src\main\resources to target\classes
2026-01-05 13:30:51,584 [Worker-41: ビルド] INFO  o.a.m.s.f.DefaultMavenResourcesFiltering - skip non existing resourceDirectory C:\Users\Yu-Ma_WPC\Terakoya_Study\spring_boot\samuraitravel\src\test\resources
2026-01-05 13:32:17,797 [Worker-50: ビルド] INFO  o.a.m.s.f.DefaultMavenResourcesFiltering - Copying 2 resources from src\main\resources to target\classes
2026-01-05 13:32:17,819 [Worker-50: ビルド] INFO  o.a.m.s.f.DefaultMavenResourcesFiltering - Copying 64 resources from src\main\resources to target\classes
2026-01-05 13:32:17,844 [Worker-50: ビルド] INFO  o.a.m.s.f.DefaultMavenResourcesFiltering - skip non existing resourceDirectory C:\Users\Yu-Ma_WPC\Terakoya_Study\spring_boot\samuraitravel\src\test\resources
2026-01-05 13:34:20,571 [Worker-41: ビルド] INFO  o.a.m.s.f.DefaultMavenResourcesFiltering - Copying 2 resources from src\main\resources to target\classes
2026-01-05 13:34:20,587 [Worker-41: ビルド] INFO  o.a.m.s.f.DefaultMavenResourcesFiltering - Copying 64 resources from src\main\resources to target\classes
2026-01-05 13:34:20,607 [Worker-41: ビルド] INFO  o.a.m.s.f.DefaultMavenResourcesFiltering - skip non existing resourceDirectory C:\Users\Yu-Ma_WPC\Terakoya_Study\spring_boot\samuraitravel\src\test\resources
2026-01-05 13:37:38,470 [Worker-39: ビルド] INFO  o.a.m.s.f.DefaultMavenResourcesFiltering - Copying 2 resources from src\main\resources to target\classes
2026-01-05 13:37:38,492 [Worker-39: ビルド] INFO  o.a.m.s.f.DefaultMavenResourcesFiltering - Copying 64 resources from src\main\resources to target\classes
2026-01-05 13:37:38,512 [Worker-39: ビルド] INFO  o.a.m.s.f.DefaultMavenResourcesFiltering - skip non existing resourceDirectory C:\Users\Yu-Ma_WPC\Terakoya_Study\spring_boot\samuraitravel\src\test\resources
2026-01-05 13:38:42,792 [Worker-55: ビルド] INFO  o.a.m.s.f.DefaultMavenResourcesFiltering - Copying 2 resources from src\main\resources to target\classes
2026-01-05 13:38:42,803 [Worker-55: ビルド] INFO  o.a.m.s.f.DefaultMavenResourcesFiltering - Copying 64 resources from src\main\resources to target\classes
2026-01-05 13:38:42,822 [Worker-55: ビルド] INFO  o.a.m.s.f.DefaultMavenResourcesFiltering - skip non existing resourceDirectory C:\Users\Yu-Ma_WPC\Terakoya_Study\spring_boot\samuraitravel\src\test\resources
2026-01-05 13:55:00,915 [Worker-54: ビルド] INFO  o.a.m.s.f.DefaultMavenResourcesFiltering - Copying 1 resource from src\main\resources to target\classes
2026-01-05 13:55:00,941 [Worker-54: ビルド] INFO  o.a.m.s.f.DefaultMavenResourcesFiltering - Copying 0 resource from src\main\resources to target\classes
2026-01-05 13:55:00,944 [Worker-54: ビルド] INFO  o.a.m.s.f.DefaultMavenResourcesFiltering - skip non existing resourceDirectory C:\Users\Yu-Ma_WPC\Terakoya_Study\spring_boot\samuraitravel\src\test\resources
2026-01-05 13:57:55,046 [Worker-56: ビルド] INFO  o.a.m.s.f.DefaultMavenResourcesFiltering - Copying 1 resource from src\main\resources to target\classes
2026-01-05 13:57:55,062 [Worker-56: ビルド] INFO  o.a.m.s.f.DefaultMavenResourcesFiltering - Copying 0 resource from src\main\resources to target\classes
2026-01-05 13:57:55,064 [Worker-56: ビルド] INFO  o.a.m.s.f.DefaultMavenResourcesFiltering - skip non existing resourceDirectory C:\Users\Yu-Ma_WPC\Terakoya_Study\spring_boot\samuraitravel\src\test\resources
2026-01-05 14:00:00,743 [Worker-57: ビルド] INFO  o.a.m.s.f.DefaultMavenResourcesFiltering - Copying 2 resources from src\main\resources to target\classes
2026-01-05 14:00:00,767 [Worker-57: ビルド] INFO  o.a.m.s.f.DefaultMavenResourcesFiltering - Copying 64 resources from src\main\resources to target\classes
2026-01-05 14:00:00,787 [Worker-57: ビルド] INFO  o.a.m.s.f.DefaultMavenResourcesFiltering - skip non existing resourceDirectory C:\Users\Yu-Ma_WPC\Terakoya_Study\spring_boot\samuraitravel\src\test\resources
2026-01-05 14:00:08,476 [Worker-58: ビルド] INFO  o.a.m.s.f.DefaultMavenResourcesFiltering - Copying 2 resources from src\main\resources to target\classes
2026-01-05 14:00:08,515 [Worker-58: ビルド] INFO  o.a.m.s.f.DefaultMavenResourcesFiltering - Copying 64 resources from src\main\resources to target\classes
2026-01-05 14:00:08,537 [Worker-58: ビルド] INFO  o.a.m.s.f.DefaultMavenResourcesFiltering - skip non existing resourceDirectory C:\Users\Yu-Ma_WPC\Terakoya_Study\spring_boot\samuraitravel\src\test\resources
2026-01-05 14:01:15,540 [Worker-58: ビルド] INFO  o.a.m.s.f.DefaultMavenResourcesFiltering - Copying 2 resources from src\main\resources to target\classes
2026-01-05 14:01:15,556 [Worker-58: ビルド] INFO  o.a.m.s.f.DefaultMavenResourcesFiltering - Copying 64 resources from src\main\resources to target\classes
2026-01-05 14:01:15,580 [Worker-58: ビルド] INFO  o.a.m.s.f.DefaultMavenResourcesFiltering - skip non existing resourceDirectory C:\Users\Yu-Ma_WPC\Terakoya_Study\spring_boot\samuraitravel\src\test\resources
2026-01-05 14:01:26,773 [Worker-57: ビルド] INFO  o.a.m.s.f.DefaultMavenResourcesFiltering - Copying 2 resources from src\main\resources to target\classes
2026-01-05 14:01:27,124 [Worker-57: ビルド] INFO  o.a.m.s.f.DefaultMavenResourcesFiltering - Copying 64 resources from src\main\resources to target\classes
2026-01-05 14:01:27,148 [Worker-57: ビルド] INFO  o.a.m.s.f.DefaultMavenResourcesFiltering - skip non existing resourceDirectory C:\Users\Yu-Ma_WPC\Terakoya_Study\spring_boot\samuraitravel\src\test\resources
2026-01-05 14:02:04,036 [Worker-26: ビルド] INFO  o.a.m.s.f.DefaultMavenResourcesFiltering - Copying 2 resources from src\main\resources to target\classes
2026-01-05 14:02:04,052 [Worker-26: ビルド] INFO  o.a.m.s.f.DefaultMavenResourcesFiltering - Copying 64 resources from src\main\resources to target\classes
2026-01-05 14:02:04,070 [Worker-26: ビルド] INFO  o.a.m.s.f.DefaultMavenResourcesFiltering - skip non existing resourceDirectory C:\Users\Yu-Ma_WPC\Terakoya_Study\spring_boot\samuraitravel\src\test\resources
2026-01-05 14:03:38,337 [Worker-26: ビルド] INFO  o.a.m.s.f.DefaultMavenResourcesFiltering - Copying 2 resources from src\main\resources to target\classes
2026-01-05 14:03:38,352 [Worker-26: ビルド] INFO  o.a.m.s.f.DefaultMavenResourcesFiltering - Copying 64 resources from src\main\resources to target\classes
2026-01-05 14:03:38,375 [Worker-26: ビルド] INFO  o.a.m.s.f.DefaultMavenResourcesFiltering - skip non existing resourceDirectory C:\Users\Yu-Ma_WPC\Terakoya_Study\spring_boot\samuraitravel\src\test\resources
2026-01-05 14:05:06,836 [Worker-45: ビルド] INFO  o.a.m.s.f.DefaultMavenResourcesFiltering - Copying 1 resource from src\main\resources to target\classes
2026-01-05 14:05:06,853 [Worker-45: ビルド] INFO  o.a.m.s.f.DefaultMavenResourcesFiltering - Copying 0 resource from src\main\resources to target\classes
2026-01-05 14:05:06,856 [Worker-45: ビルド] INFO  o.a.m.s.f.DefaultMavenResourcesFiltering - skip non existing resourceDirectory C:\Users\Yu-Ma_WPC\Terakoya_Study\spring_boot\samuraitravel\src\test\resources
2026-01-05 14:09:14,272 [Worker-58: ビルド] INFO  o.a.m.s.f.DefaultMavenResourcesFiltering - Copying 2 resources from src\main\resources to target\classes
2026-01-05 14:09:14,287 [Worker-58: ビルド] INFO  o.a.m.s.f.DefaultMavenResourcesFiltering - Copying 64 resources from src\main\resources to target\classes
2026-01-05 14:09:14,315 [Worker-58: ビルド] INFO  o.a.m.s.f.DefaultMavenResourcesFiltering - skip non existing resourceDirectory C:\Users\Yu-Ma_WPC\Terakoya_Study\spring_boot\samuraitravel\src\test\resources
2026-01-05 14:37:43,983 [Worker-58: ビルド] INFO  o.a.m.s.f.DefaultMavenResourcesFiltering - Copying 2 resources from src\main\resources to target\classes
2026-01-05 14:37:44,008 [Worker-58: ビルド] INFO  o.a.m.s.f.DefaultMavenResourcesFiltering - Copying 64 resources from src\main\resources to target\classes
2026-01-05 14:37:44,029 [Worker-58: ビルド] INFO  o.a.m.s.f.DefaultMavenResourcesFiltering - skip non existing resourceDirectory C:\Users\Yu-Ma_WPC\Terakoya_Study\spring_boot\samuraitravel\src\test\resources
2026-01-05 14:41:35,815 [Worker-59: ビルド] INFO  o.a.m.s.f.DefaultMavenResourcesFiltering - Copying 2 resources from src\main\resources to target\classes
2026-01-05 14:41:35,830 [Worker-59: ビルド] INFO  o.a.m.s.f.DefaultMavenResourcesFiltering - Copying 64 resources from src\main\resources to target\classes
2026-01-05 14:41:35,849 [Worker-59: ビルド] INFO  o.a.m.s.f.DefaultMavenResourcesFiltering - skip non existing resourceDirectory C:\Users\Yu-Ma_WPC\Terakoya_Study\spring_boot\samuraitravel\src\test\resources
2026-01-05 14:47:26,287 [Worker-63: ビルド] INFO  o.a.m.s.f.DefaultMavenResourcesFiltering - Copying 2 resources from src\main\resources to target\classes
2026-01-05 14:47:26,312 [Worker-63: ビルド] INFO  o.a.m.s.f.DefaultMavenResourcesFiltering - Copying 64 resources from src\main\resources to target\classes
2026-01-05 14:47:26,350 [Worker-63: ビルド] INFO  o.a.m.s.f.DefaultMavenResourcesFiltering - skip non existing resourceDirectory C:\Users\Yu-Ma_WPC\Terakoya_Study\spring_boot\samuraitravel\src\test\resources
2026-01-05 14:48:54,615 [Worker-60: ビルド] INFO  o.a.m.s.f.DefaultMavenResourcesFiltering - Copying 2 resources from src\main\resources to target\classes
2026-01-05 14:48:54,646 [Worker-60: ビルド] INFO  o.a.m.s.f.DefaultMavenResourcesFiltering - Copying 64 resources from src\main\resources to target\classes
2026-01-05 14:48:54,670 [Worker-60: ビルド] INFO  o.a.m.s.f.DefaultMavenResourcesFiltering - skip non existing resourceDirectory C:\Users\Yu-Ma_WPC\Terakoya_Study\spring_boot\samuraitravel\src\test\resources
2026-01-05 14:51:31,787 [Worker-61: ビルド] INFO  o.a.m.s.f.DefaultMavenResourcesFiltering - Copying 0 resource from src\main\resources to target\classes
2026-01-05 14:51:31,797 [Worker-61: ビルド] INFO  o.a.m.s.f.DefaultMavenResourcesFiltering - Copying 0 resource from src\main\resources to target\classes
2026-01-05 14:51:31,800 [Worker-61: ビルド] INFO  o.a.m.s.f.DefaultMavenResourcesFiltering - skip non existing resourceDirectory C:\Users\Yu-Ma_WPC\Terakoya_Study\spring_boot\samuraitravel\src\test\resources
2026-01-05 14:52:39,548 [Worker-64: ビルド] INFO  o.a.m.s.f.DefaultMavenResourcesFiltering - Copying 0 resource from src\main\resources to target\classes
2026-01-05 14:52:39,559 [Worker-64: ビルド] INFO  o.a.m.s.f.DefaultMavenResourcesFiltering - Copying 0 resource from src\main\resources to target\classes
2026-01-05 14:52:39,561 [Worker-64: ビルド] INFO  o.a.m.s.f.DefaultMavenResourcesFiltering - skip non existing resourceDirectory C:\Users\Yu-Ma_WPC\Terakoya_Study\spring_boot\samuraitravel\src\test\resources
2026-01-05 14:59:45,475 [Worker-58: ビルド] INFO  o.a.m.s.f.DefaultMavenResourcesFiltering - Copying 0 resource from src\main\resources to target\classes
2026-01-05 14:59:45,494 [Worker-58: ビルド] INFO  o.a.m.s.f.DefaultMavenResourcesFiltering - Copying 1 resource from src\main\resources to target\classes
2026-01-05 14:59:45,504 [Worker-58: ビルド] INFO  o.a.m.s.f.DefaultMavenResourcesFiltering - skip non existing resourceDirectory C:\Users\Yu-Ma_WPC\Terakoya_Study\spring_boot\samuraitravel\src\test\resources
2026-01-05 15:00:40,565 [Worker-58: ビルド] INFO  o.a.m.s.f.DefaultMavenResourcesFiltering - Copying 0 resource from src\main\resources to target\classes
2026-01-05 15:00:40,580 [Worker-58: ビルド] INFO  o.a.m.s.f.DefaultMavenResourcesFiltering - Copying 1 resource from src\main\resources to target\classes
2026-01-05 15:00:40,587 [Worker-58: ビルド] INFO  o.a.m.s.f.DefaultMavenResourcesFiltering - skip non existing resourceDirectory C:\Users\Yu-Ma_WPC\Terakoya_Study\spring_boot\samuraitravel\src\test\resources
2026-01-05 15:01:12,445 [Worker-64: ビルド] INFO  o.a.m.s.f.DefaultMavenResourcesFiltering - Copying 0 resource from src\main\resources to target\classes
2026-01-05 15:01:12,461 [Worker-64: ビルド] INFO  o.a.m.s.f.DefaultMavenResourcesFiltering - Copying 1 resource from src\main\resources to target\classes
2026-01-05 15:01:12,469 [Worker-64: ビルド] INFO  o.a.m.s.f.DefaultMavenResourcesFiltering - skip non existing resourceDirectory C:\Users\Yu-Ma_WPC\Terakoya_Study\spring_boot\samuraitravel\src\test\resources
2026-01-05 15:01:20,510 [Worker-58: ビルド] INFO  o.a.m.s.f.DefaultMavenResourcesFiltering - Copying 0 resource from src\main\resources to target\classes
2026-01-05 15:01:20,521 [Worker-58: ビルド] INFO  o.a.m.s.f.DefaultMavenResourcesFiltering - Copying 1 resource from src\main\resources to target\classes
2026-01-05 15:01:20,529 [Worker-58: ビルド] INFO  o.a.m.s.f.DefaultMavenResourcesFiltering - skip non existing resourceDirectory C:\Users\Yu-Ma_WPC\Terakoya_Study\spring_boot\samuraitravel\src\test\resources
2026-01-05 15:03:23,264 [Worker-65: ビルド] INFO  o.a.m.s.f.DefaultMavenResourcesFiltering - Copying 0 resource from src\main\resources to target\classes
2026-01-05 15:03:23,281 [Worker-65: ビルド] INFO  o.a.m.s.f.DefaultMavenResourcesFiltering - Copying 1 resource from src\main\resources to target\classes
2026-01-05 15:03:23,287 [Worker-65: ビルド] INFO  o.a.m.s.f.DefaultMavenResourcesFiltering - skip non existing resourceDirectory C:\Users\Yu-Ma_WPC\Terakoya_Study\spring_boot\samuraitravel\src\test\resources
2026-01-05 15:04:36,803 [Worker-60: ビルド] INFO  o.a.m.s.f.DefaultMavenResourcesFiltering - Copying 0 resource from src\main\resources to target\classes
2026-01-05 15:04:36,819 [Worker-60: ビルド] INFO  o.a.m.s.f.DefaultMavenResourcesFiltering - Copying 1 resource from src\main\resources to target\classes
2026-01-05 15:04:36,827 [Worker-60: ビルド] INFO  o.a.m.s.f.DefaultMavenResourcesFiltering - skip non existing resourceDirectory C:\Users\Yu-Ma_WPC\Terakoya_Study\spring_boot\samuraitravel\src\test\resources
2026-01-05 15:11:03,013 [Worker-62: ビルド] INFO  o.a.m.s.f.DefaultMavenResourcesFiltering - Copying 0 resource from src\main\resources to target\classes
2026-01-05 15:11:03,025 [Worker-62: ビルド] INFO  o.a.m.s.f.DefaultMavenResourcesFiltering - Copying 1 resource from src\main\resources to target\classes
2026-01-05 15:11:03,029 [Worker-62: ビルド] INFO  o.a.m.s.f.DefaultMavenResourcesFiltering - skip non existing resourceDirectory C:\Users\Yu-Ma_WPC\Terakoya_Study\spring_boot\samuraitravel\src\test\resources
2026-01-05 15:11:16,969 [Worker-65: ビルド] INFO  o.a.m.s.f.DefaultMavenResourcesFiltering - Copying 0 resource from src\main\resources to target\classes
2026-01-05 15:11:16,980 [Worker-65: ビルド] INFO  o.a.m.s.f.DefaultMavenResourcesFiltering - Copying 1 resource from src\main\resources to target\classes
2026-01-05 15:11:16,985 [Worker-65: ビルド] INFO  o.a.m.s.f.DefaultMavenResourcesFiltering - skip non existing resourceDirectory C:\Users\Yu-Ma_WPC\Terakoya_Study\spring_boot\samuraitravel\src\test\resources
2026-01-05 15:12:44,207 [Worker-69: ビルド] INFO  o.a.m.s.f.DefaultMavenResourcesFiltering - Copying 0 resource from src\main\resources to target\classes
2026-01-05 15:12:44,217 [Worker-69: ビルド] INFO  o.a.m.s.f.DefaultMavenResourcesFiltering - Copying 1 resource from src\main\resources to target\classes
2026-01-05 15:12:44,223 [Worker-69: ビルド] INFO  o.a.m.s.f.DefaultMavenResourcesFiltering - skip non existing resourceDirectory C:\Users\Yu-Ma_WPC\Terakoya_Study\spring_boot\samuraitravel\src\test\resources
2026-01-05 15:12:57,240 [Worker-62: ビルド] INFO  o.a.m.s.f.DefaultMavenResourcesFiltering - Copying 0 resource from src\main\resources to target\classes
2026-01-05 15:12:57,250 [Worker-62: ビルド] INFO  o.a.m.s.f.DefaultMavenResourcesFiltering - Copying 1 resource from src\main\resources to target\classes
2026-01-05 15:12:57,255 [Worker-62: ビルド] INFO  o.a.m.s.f.DefaultMavenResourcesFiltering - skip non existing resourceDirectory C:\Users\Yu-Ma_WPC\Terakoya_Study\spring_boot\samuraitravel\src\test\resources
2026-01-05 15:46:37,834 [Worker-70: ビルド] INFO  o.a.m.s.f.DefaultMavenResourcesFiltering - Copying 1 resource from src\main\resources to target\classes
2026-01-05 15:46:37,887 [Worker-70: ビルド] INFO  o.a.m.s.f.DefaultMavenResourcesFiltering - Copying 0 resource from src\main\resources to target\classes
2026-01-05 15:46:37,891 [Worker-70: ビルド] INFO  o.a.m.s.f.DefaultMavenResourcesFiltering - skip non existing resourceDirectory C:\Users\Yu-Ma_WPC\Terakoya_Study\spring_boot\samuraitravel\src\test\resources
2026-01-05 15:56:51,594 [Worker-75: ビルド] INFO  o.a.m.s.f.DefaultMavenResourcesFiltering - Copying 2 resources from src\main\resources to target\classes
2026-01-05 15:56:51,705 [Worker-75: ビルド] INFO  o.a.m.s.f.DefaultMavenResourcesFiltering - Copying 65 resources from src\main\resources to target\classes
2026-01-05 15:56:51,744 [Worker-75: ビルド] INFO  o.a.m.s.f.DefaultMavenResourcesFiltering - skip non existing resourceDirectory C:\Users\Yu-Ma_WPC\Terakoya_Study\spring_boot\samuraitravel\src\test\resources
2026-01-05 15:57:39,374 [Worker-70: ビルド] INFO  o.a.m.s.f.DefaultMavenResourcesFiltering - Copying 2 resources from src\main\resources to target\classes
2026-01-05 15:57:39,406 [Worker-70: ビルド] INFO  o.a.m.s.f.DefaultMavenResourcesFiltering - Copying 65 resources from src\main\resources to target\classes
2026-01-05 15:57:39,430 [Worker-70: ビルド] INFO  o.a.m.s.f.DefaultMavenResourcesFiltering - skip non existing resourceDirectory C:\Users\Yu-Ma_WPC\Terakoya_Study\spring_boot\samuraitravel\src\test\resources
2026-01-05 16:01:35,636 [Worker-73: ビルド] INFO  o.a.m.s.f.DefaultMavenResourcesFiltering - Copying 2 resources from src\main\resources to target\classes
2026-01-05 16:01:35,650 [Worker-73: ビルド] INFO  o.a.m.s.f.DefaultMavenResourcesFiltering - Copying 65 resources from src\main\resources to target\classes
2026-01-05 16:01:35,672 [Worker-73: ビルド] INFO  o.a.m.s.f.DefaultMavenResourcesFiltering - skip non existing resourceDirectory C:\Users\Yu-Ma_WPC\Terakoya_Study\spring_boot\samuraitravel\src\test\resources
2026-01-05 16:03:49,726 [Worker-73: ビルド] INFO  o.a.m.s.f.DefaultMavenResourcesFiltering - Copying 2 resources from src\main\resources to target\classes
2026-01-05 16:03:49,743 [Worker-73: ビルド] INFO  o.a.m.s.f.DefaultMavenResourcesFiltering - Copying 65 resources from src\main\resources to target\classes
2026-01-05 16:03:49,764 [Worker-73: ビルド] INFO  o.a.m.s.f.DefaultMavenResourcesFiltering - skip non existing resourceDirectory C:\Users\Yu-Ma_WPC\Terakoya_Study\spring_boot\samuraitravel\src\test\resources
2026-01-05 16:07:07,611 [Worker-70: ビルド] INFO  o.a.m.s.f.DefaultMavenResourcesFiltering - Copying 2 resources from src\main\resources to target\classes
2026-01-05 16:07:07,626 [Worker-70: ビルド] INFO  o.a.m.s.f.DefaultMavenResourcesFiltering - Copying 65 resources from src\main\resources to target\classes
2026-01-05 16:07:07,654 [Worker-70: ビルド] INFO  o.a.m.s.f.DefaultMavenResourcesFiltering - skip non existing resourceDirectory C:\Users\Yu-Ma_WPC\Terakoya_Study\spring_boot\samuraitravel\src\test\resources
2026-01-05 16:11:05,684 [Worker-66: ビルド] INFO  o.a.m.s.f.DefaultMavenResourcesFiltering - Copying 2 resources from src\main\resources to target\classes
2026-01-05 16:11:05,710 [Worker-66: ビルド] INFO  o.a.m.s.f.DefaultMavenResourcesFiltering - Copying 65 resources from src\main\resources to target\classes
2026-01-05 16:11:05,743 [Worker-66: ビルド] INFO  o.a.m.s.f.DefaultMavenResourcesFiltering - skip non existing resourceDirectory C:\Users\Yu-Ma_WPC\Terakoya_Study\spring_boot\samuraitravel\src\test\resources
2026-01-05 16:11:18,571 [Worker-75: ビルド] INFO  o.a.m.s.f.DefaultMavenResourcesFiltering - Copying 2 resources from src\main\resources to target\classes
2026-01-05 16:11:18,583 [Worker-75: ビルド] INFO  o.a.m.s.f.DefaultMavenResourcesFiltering - Copying 65 resources from src\main\resources to target\classes
2026-01-05 16:11:18,601 [Worker-75: ビルド] INFO  o.a.m.s.f.DefaultMavenResourcesFiltering - skip non existing resourceDirectory C:\Users\Yu-Ma_WPC\Terakoya_Study\spring_boot\samuraitravel\src\test\resources
2026-01-05 16:30:08,924 [Worker-66: ビルド] INFO  o.a.m.s.f.DefaultMavenResourcesFiltering - Copying 2 resources from src\main\resources to target\classes
2026-01-05 16:30:08,966 [Worker-66: ビルド] INFO  o.a.m.s.f.DefaultMavenResourcesFiltering - Copying 65 resources from src\main\resources to target\classes
2026-01-05 16:30:08,994 [Worker-66: ビルド] INFO  o.a.m.s.f.DefaultMavenResourcesFiltering - skip non existing resourceDirectory C:\Users\Yu-Ma_WPC\Terakoya_Study\spring_boot\samuraitravel\src\test\resources
2026-01-05 16:30:32,795 [Worker-75: ビルド] INFO  o.a.m.s.f.DefaultMavenResourcesFiltering - Copying 2 resources from src\main\resources to target\classes
2026-01-05 16:30:32,814 [Worker-75: ビルド] INFO  o.a.m.s.f.DefaultMavenResourcesFiltering - Copying 65 resources from src\main\resources to target\classes
2026-01-05 16:30:32,834 [Worker-75: ビルド] INFO  o.a.m.s.f.DefaultMavenResourcesFiltering - skip non existing resourceDirectory C:\Users\Yu-Ma_WPC\Terakoya_Study\spring_boot\samuraitravel\src\test\resources
2026-01-05 16:31:14,288 [Worker-78: ビルド] INFO  o.a.m.s.f.DefaultMavenResourcesFiltering - Copying 2 resources from src\main\resources to target\classes
2026-01-05 16:31:14,319 [Worker-78: ビルド] INFO  o.a.m.s.f.DefaultMavenResourcesFiltering - Copying 65 resources from src\main\resources to target\classes
2026-01-05 16:31:14,345 [Worker-78: ビルド] INFO  o.a.m.s.f.DefaultMavenResourcesFiltering - skip non existing resourceDirectory C:\Users\Yu-Ma_WPC\Terakoya_Study\spring_boot\samuraitravel\src\test\resources
2026-01-05 16:33:23,302 [Worker-79: ビルド] INFO  o.a.m.s.f.DefaultMavenResourcesFiltering - Copying 2 resources from src\main\resources to target\classes
2026-01-05 16:33:23,315 [Worker-79: ビルド] INFO  o.a.m.s.f.DefaultMavenResourcesFiltering - Copying 65 resources from src\main\resources to target\classes
2026-01-05 16:33:23,334 [Worker-79: ビルド] INFO  o.a.m.s.f.DefaultMavenResourcesFiltering - skip non existing resourceDirectory C:\Users\Yu-Ma_WPC\Terakoya_Study\spring_boot\samuraitravel\src\test\resources
2026-01-05 16:35:02,814 [Worker-80: ビルド] INFO  o.a.m.s.f.DefaultMavenResourcesFiltering - Copying 2 resources from src\main\resources to target\classes
2026-01-05 16:35:02,844 [Worker-80: ビルド] INFO  o.a.m.s.f.DefaultMavenResourcesFiltering - Copying 65 resources from src\main\resources to target\classes
2026-01-05 16:35:02,864 [Worker-80: ビルド] INFO  o.a.m.s.f.DefaultMavenResourcesFiltering - skip non existing resourceDirectory C:\Users\Yu-Ma_WPC\Terakoya_Study\spring_boot\samuraitravel\src\test\resources
2026-01-05 16:35:06,972 [Worker-75: ビルド] INFO  o.a.m.s.f.DefaultMavenResourcesFiltering - Copying 2 resources from src\main\resources to target\classes
2026-01-05 16:35:07,001 [Worker-75: ビルド] INFO  o.a.m.s.f.DefaultMavenResourcesFiltering - Copying 65 resources from src\main\resources to target\classes
2026-01-05 16:35:07,033 [Worker-75: ビルド] INFO  o.a.m.s.f.DefaultMavenResourcesFiltering - skip non existing resourceDirectory C:\Users\Yu-Ma_WPC\Terakoya_Study\spring_boot\samuraitravel\src\test\resources
2026-01-05 16:35:09,153 [Worker-80: ビルド] INFO  o.a.m.s.f.DefaultMavenResourcesFiltering - Copying 2 resources from src\main\resources to target\classes
2026-01-05 16:35:09,177 [Worker-80: ビルド] INFO  o.a.m.s.f.DefaultMavenResourcesFiltering - Copying 65 resources from src\main\resources to target\classes
2026-01-05 16:35:09,212 [Worker-80: ビルド] INFO  o.a.m.s.f.DefaultMavenResourcesFiltering - skip non existing resourceDirectory C:\Users\Yu-Ma_WPC\Terakoya_Study\spring_boot\samuraitravel\src\test\resources
2026-01-05 16:39:36,310 [Worker-81: ビルド] INFO  o.a.m.s.f.DefaultMavenResourcesFiltering - Copying 2 resources from src\main\resources to target\classes
2026-01-05 16:39:36,338 [Worker-81: ビルド] INFO  o.a.m.s.f.DefaultMavenResourcesFiltering - Copying 65 resources from src\main\resources to target\classes
2026-01-05 16:39:36,362 [Worker-81: ビルド] INFO  o.a.m.s.f.DefaultMavenResourcesFiltering - skip non existing resourceDirectory C:\Users\Yu-Ma_WPC\Terakoya_Study\spring_boot\samuraitravel\src\test\resources
2026-01-05 16:41:53,240 [Worker-75: ビルド] INFO  o.a.m.s.f.DefaultMavenResourcesFiltering - Copying 2 resources from src\main\resources to target\classes
2026-01-05 16:41:53,259 [Worker-75: ビルド] INFO  o.a.m.s.f.DefaultMavenResourcesFiltering - Copying 65 resources from src\main\resources to target\classes
2026-01-05 16:41:53,280 [Worker-75: ビルド] INFO  o.a.m.s.f.DefaultMavenResourcesFiltering - skip non existing resourceDirectory C:\Users\Yu-Ma_WPC\Terakoya_Study\spring_boot\samuraitravel\src\test\resources
2026-01-05 17:08:36,804 [Worker-75: ビルド] INFO  o.a.m.s.f.DefaultMavenResourcesFiltering - Copying 2 resources from src\main\resources to target\classes
2026-01-05 17:08:36,820 [Worker-75: ビルド] INFO  o.a.m.s.f.DefaultMavenResourcesFiltering - Copying 65 resources from src\main\resources to target\classes
2026-01-05 17:08:36,845 [Worker-75: ビルド] INFO  o.a.m.s.f.DefaultMavenResourcesFiltering - skip non existing resourceDirectory C:\Users\Yu-Ma_WPC\Terakoya_Study\spring_boot\samuraitravel\src\test\resources
2026-01-05 18:00:26,508 [Worker-80: ビルド] INFO  o.e.m.c.i.l.LifecycleMappingFactory - Using org.eclipse.m2e.jdt.JarLifecycleMapping lifecycle mapping for MavenProject: com.example:samuraitravel:0.0.1-SNAPSHOT @ C:\Users\Yu-Ma_WPC\Terakoya_Study\spring_boot\samuraitravel\pom.xml.
2026-01-05 18:00:28,120 [Worker-80: ビルド] INFO  o.e.m.c.i.e.AbstractTransferListenerAdapter - Downloading https://repo.maven.apache.org/maven2/com/stripe/stripe-java/31.1.0/stripe-java-31.1.0.pom
2026-01-05 18:00:28,131 [Worker-80: ビルド] INFO  o.e.m.c.i.e.AbstractTransferListenerAdapter - Downloaded https://repo.maven.apache.org/maven2/com/stripe/stripe-java/31.1.0/stripe-java-31.1.0.pom
2026-01-05 18:00:28,651 [Worker-80: ビルド] INFO  o.e.m.c.i.e.AbstractTransferListenerAdapter - Downloading https://repo.maven.apache.org/maven2/com/stripe/stripe-java/31.1.0/stripe-java-31.1.0.jar
2026-01-05 18:00:44,780 [Worker-80: ビルド] INFO  o.e.m.c.i.e.AbstractTransferListenerAdapter - Downloaded https://repo.maven.apache.org/maven2/com/stripe/stripe-java/31.1.0/stripe-java-31.1.0.jar
2026-01-05 18:00:45,410 [Worker-80: ビルド] INFO  o.a.m.s.f.DefaultMavenResourcesFiltering - Copying 0 resource from src\main\resources to target\classes
2026-01-05 18:00:45,426 [Worker-80: ビルド] INFO  o.a.m.s.f.DefaultMavenResourcesFiltering - Copying 0 resource from src\main\resources to target\classes
2026-01-05 18:00:45,426 [Worker-80: ビルド] INFO  o.a.m.s.f.DefaultMavenResourcesFiltering - skip non existing resourceDirectory C:\Users\Yu-Ma_WPC\Terakoya_Study\spring_boot\samuraitravel\src\test\resources
2026-01-05 18:00:46,267 [Worker-75: ソースおよび Javadoc のダウンロード] INFO  o.e.m.c.i.e.AbstractTransferListenerAdapter - Downloading https://repo.maven.apache.org/maven2/com/stripe/stripe-java/31.1.0/stripe-java-31.1.0-sources.jar
2026-01-05 18:00:46,925 [Worker-75: ソースおよび Javadoc のダウンロード] INFO  o.e.m.c.i.e.AbstractTransferListenerAdapter - Downloaded https://repo.maven.apache.org/maven2/com/stripe/stripe-java/31.1.0/stripe-java-31.1.0-sources.jar
2026-01-05 18:00:46,932 [Worker-75: ソースおよび Javadoc のダウンロード] INFO  o.e.m.j.internal.DownloadSourcesJob - Downloaded sources for com.stripe:stripe-java:31.1.0
2026-01-05 18:01:20,372 [Worker-90: Maven プロジェクトの更新中] INFO  o.e.m.c.i.p.ProjectConfigurationManager - Update started
2026-01-05 18:01:20,799 [Worker-90: Maven プロジェクトの更新中] INFO  o.e.m.c.i.l.LifecycleMappingFactory - Using org.eclipse.m2e.jdt.JarLifecycleMapping lifecycle mapping for MavenProject: com.example:samuraitravel:0.0.1-SNAPSHOT @ C:\Users\Yu-Ma_WPC\Terakoya_Study\spring_boot\samuraitravel\pom.xml.
2026-01-05 18:01:21,498 [Worker-90: Maven プロジェクトの更新中] INFO  o.e.m.j.i.AbstractJavaProjectConfigurator - Adding source folder /samuraitravel/src/main/java
2026-01-05 18:01:21,498 [Worker-90: Maven プロジェクトの更新中] INFO  o.e.m.j.i.AbstractJavaProjectConfigurator - Adding resource folder /samuraitravel/src/main/resources
2026-01-05 18:01:21,499 [Worker-90: Maven プロジェクトの更新中] INFO  o.e.m.j.i.AbstractJavaProjectConfigurator - Adding resource folder /samuraitravel/src/main/resources
2026-01-05 18:01:21,500 [Worker-90: Maven プロジェクトの更新中] INFO  o.e.m.j.i.AbstractJavaProjectConfigurator - Adding source folder /samuraitravel/src/test/java
2026-01-05 18:01:21,500 [Worker-90: Maven プロジェクトの更新中] INFO  o.e.m.j.i.AbstractJavaProjectConfigurator - Adding resource folder /samuraitravel/src/test/resources
2026-01-05 18:01:21,826 [Worker-90: Maven プロジェクトの更新中] INFO  o.e.m.c.i.p.ProjectConfigurationManager - Update completed for 1 poms: local refresh takes 0.00 sec, refresh facades takes 1.00 sec, update config takes 0.00 sec 
2026-01-05 18:01:22,655 [Worker-85: ビルド] INFO  o.a.m.s.f.DefaultMavenResourcesFiltering - Copying 2 resources from src\main\resources to target\classes
2026-01-05 18:01:22,682 [Worker-85: ビルド] INFO  o.a.m.s.f.DefaultMavenResourcesFiltering - Copying 65 resources from src\main\resources to target\classes
2026-01-05 18:01:22,942 [Worker-85: ビルド] INFO  o.a.m.s.f.DefaultMavenResourcesFiltering - skip non existing resourceDirectory C:\Users\Yu-Ma_WPC\Terakoya_Study\spring_boot\samuraitravel\src\test\resources
2026-01-05 18:07:09,486 [Worker-91: ビルド] INFO  o.a.m.s.f.DefaultMavenResourcesFiltering - Copying 1 resource from src\main\resources to target\classes
2026-01-05 18:07:09,506 [Worker-91: ビルド] INFO  o.a.m.s.f.DefaultMavenResourcesFiltering - Copying 0 resource from src\main\resources to target\classes
2026-01-05 18:07:09,509 [Worker-91: ビルド] INFO  o.a.m.s.f.DefaultMavenResourcesFiltering - skip non existing resourceDirectory C:\Users\Yu-Ma_WPC\Terakoya_Study\spring_boot\samuraitravel\src\test\resources
2026-01-05 18:10:37,241 [Worker-87: ビルド] INFO  o.a.m.s.f.DefaultMavenResourcesFiltering - Copying 2 resources from src\main\resources to target\classes
2026-01-05 18:10:37,254 [Worker-87: ビルド] INFO  o.a.m.s.f.DefaultMavenResourcesFiltering - Copying 65 resources from src\main\resources to target\classes
2026-01-05 18:10:37,281 [Worker-87: ビルド] INFO  o.a.m.s.f.DefaultMavenResourcesFiltering - skip non existing resourceDirectory C:\Users\Yu-Ma_WPC\Terakoya_Study\spring_boot\samuraitravel\src\test\resources
2026-01-05 18:12:44,864 [Worker-87: ビルド] INFO  o.a.m.s.f.DefaultMavenResourcesFiltering - Copying 2 resources from src\main\resources to target\classes
2026-01-05 18:12:44,893 [Worker-87: ビルド] INFO  o.a.m.s.f.DefaultMavenResourcesFiltering - Copying 65 resources from src\main\resources to target\classes
2026-01-05 18:12:44,933 [Worker-87: ビルド] INFO  o.a.m.s.f.DefaultMavenResourcesFiltering - skip non existing resourceDirectory C:\Users\Yu-Ma_WPC\Terakoya_Study\spring_boot\samuraitravel\src\test\resources
2026-01-05 18:16:26,794 [Worker-87: ビルド] INFO  o.a.m.s.f.DefaultMavenResourcesFiltering - Copying 2 resources from src\main\resources to target\classes
2026-01-05 18:16:27,076 [Worker-87: ビルド] INFO  o.a.m.s.f.DefaultMavenResourcesFiltering - Copying 65 resources from src\main\resources to target\classes
2026-01-05 18:16:27,118 [Worker-87: ビルド] INFO  o.a.m.s.f.DefaultMavenResourcesFiltering - skip non existing resourceDirectory C:\Users\Yu-Ma_WPC\Terakoya_Study\spring_boot\samuraitravel\src\test\resources
2026-01-05 18:16:57,951 [Worker-93: ビルド] INFO  o.a.m.s.f.DefaultMavenResourcesFiltering - Copying 2 resources from src\main\resources to target\classes
2026-01-05 18:16:57,967 [Worker-93: ビルド] INFO  o.a.m.s.f.DefaultMavenResourcesFiltering - Copying 65 resources from src\main\resources to target\classes
2026-01-05 18:16:57,991 [Worker-93: ビルド] INFO  o.a.m.s.f.DefaultMavenResourcesFiltering - skip non existing resourceDirectory C:\Users\Yu-Ma_WPC\Terakoya_Study\spring_boot\samuraitravel\src\test\resources
2026-01-05 18:17:08,593 [Worker-93: ビルド] INFO  o.a.m.s.f.DefaultMavenResourcesFiltering - Copying 2 resources from src\main\resources to target\classes
2026-01-05 18:17:08,604 [Worker-93: ビルド] INFO  o.a.m.s.f.DefaultMavenResourcesFiltering - Copying 65 resources from src\main\resources to target\classes
2026-01-05 18:17:08,623 [Worker-93: ビルド] INFO  o.a.m.s.f.DefaultMavenResourcesFiltering - skip non existing resourceDirectory C:\Users\Yu-Ma_WPC\Terakoya_Study\spring_boot\samuraitravel\src\test\resources
2026-01-05 18:17:33,984 [Worker-91: ビルド] INFO  o.a.m.s.f.DefaultMavenResourcesFiltering - Copying 2 resources from src\main\resources to target\classes
2026-01-05 18:17:33,996 [Worker-91: ビルド] INFO  o.a.m.s.f.DefaultMavenResourcesFiltering - Copying 65 resources from src\main\resources to target\classes
2026-01-05 18:17:34,020 [Worker-91: ビルド] INFO  o.a.m.s.f.DefaultMavenResourcesFiltering - skip non existing resourceDirectory C:\Users\Yu-Ma_WPC\Terakoya_Study\spring_boot\samuraitravel\src\test\resources
2026-01-05 18:17:50,844 [Worker-90: ビルド] INFO  o.a.m.s.f.DefaultMavenResourcesFiltering - Copying 1 resource from src\main\resources to target\classes
2026-01-05 18:17:50,857 [Worker-90: ビルド] INFO  o.a.m.s.f.DefaultMavenResourcesFiltering - Copying 0 resource from src\main\resources to target\classes
2026-01-05 18:17:50,859 [Worker-90: ビルド] INFO  o.a.m.s.f.DefaultMavenResourcesFiltering - skip non existing resourceDirectory C:\Users\Yu-Ma_WPC\Terakoya_Study\spring_boot\samuraitravel\src\test\resources
2026-01-05 18:34:17,355 [Worker-95: ビルド] INFO  o.a.m.s.f.DefaultMavenResourcesFiltering - Copying 2 resources from src\main\resources to target\classes
2026-01-05 18:34:17,368 [Worker-95: ビルド] INFO  o.a.m.s.f.DefaultMavenResourcesFiltering - Copying 65 resources from src\main\resources to target\classes
2026-01-05 18:34:17,388 [Worker-95: ビルド] INFO  o.a.m.s.f.DefaultMavenResourcesFiltering - skip non existing resourceDirectory C:\Users\Yu-Ma_WPC\Terakoya_Study\spring_boot\samuraitravel\src\test\resources
2026-01-05 18:38:59,862 [Worker-96: ビルド] INFO  o.a.m.s.f.DefaultMavenResourcesFiltering - Copying 2 resources from src\main\resources to target\classes
2026-01-05 18:38:59,879 [Worker-96: ビルド] INFO  o.a.m.s.f.DefaultMavenResourcesFiltering - Copying 65 resources from src\main\resources to target\classes
2026-01-05 18:38:59,901 [Worker-96: ビルド] INFO  o.a.m.s.f.DefaultMavenResourcesFiltering - skip non existing resourceDirectory C:\Users\Yu-Ma_WPC\Terakoya_Study\spring_boot\samuraitravel\src\test\resources
2026-01-05 18:40:41,859 [Worker-98: ビルド] INFO  o.a.m.s.f.DefaultMavenResourcesFiltering - Copying 2 resources from src\main\resources to target\classes
2026-01-05 18:40:41,877 [Worker-98: ビルド] INFO  o.a.m.s.f.DefaultMavenResourcesFiltering - Copying 65 resources from src\main\resources to target\classes
2026-01-05 18:40:41,900 [Worker-98: ビルド] INFO  o.a.m.s.f.DefaultMavenResourcesFiltering - skip non existing resourceDirectory C:\Users\Yu-Ma_WPC\Terakoya_Study\spring_boot\samuraitravel\src\test\resources
2026-01-05 18:42:41,390 [Worker-99: ビルド] INFO  o.a.m.s.f.DefaultMavenResourcesFiltering - Copying 2 resources from src\main\resources to target\classes
2026-01-05 18:42:41,415 [Worker-99: ビルド] INFO  o.a.m.s.f.DefaultMavenResourcesFiltering - Copying 65 resources from src\main\resources to target\classes
2026-01-05 18:42:41,440 [Worker-99: ビルド] INFO  o.a.m.s.f.DefaultMavenResourcesFiltering - skip non existing resourceDirectory C:\Users\Yu-Ma_WPC\Terakoya_Study\spring_boot\samuraitravel\src\test\resources
2026-01-05 18:52:04,919 [Worker-4: Loading available Gradle versions] INFO  o.e.b.c.i.u.g.PublishedGradleVersions - Gradle version information cache is up-to-date. Trying to read.
2026-01-05 18:53:42,163 [Worker-6: ビルド] INFO  o.a.m.s.f.DefaultMavenResourcesFiltering - Copying 2 resources from src\main\resources to target\classes
2026-01-05 18:53:42,197 [Worker-6: ビルド] INFO  o.a.m.s.f.DefaultMavenResourcesFiltering - Copying 65 resources from src\main\resources to target\classes
2026-01-05 18:53:42,221 [Worker-6: ビルド] INFO  o.a.m.s.f.DefaultMavenResourcesFiltering - skip non existing resourceDirectory C:\Users\Yu-Ma_WPC\Terakoya_Study\spring_boot\samuraitravel\src\test\resources
2026-01-05 18:54:15,405 [Worker-6: Loading available Gradle versions] INFO  o.e.b.c.i.u.g.PublishedGradleVersions - Gradle version information cache is up-to-date. Trying to read.
2026-01-05 18:54:33,277 [Worker-14: ビルド] INFO  o.a.m.s.f.DefaultMavenResourcesFiltering - Copying 2 resources from src\main\resources to target\classes
2026-01-05 18:54:33,304 [Worker-14: ビルド] INFO  o.a.m.s.f.DefaultMavenResourcesFiltering - Copying 65 resources from src\main\resources to target\classes
2026-01-05 18:54:33,327 [Worker-14: ビルド] INFO  o.a.m.s.f.DefaultMavenResourcesFiltering - skip non existing resourceDirectory C:\Users\Yu-Ma_WPC\Terakoya_Study\spring_boot\samuraitravel\src\test\resources
2026-01-05 18:54:54,279 [Worker-13: ビルド] INFO  o.a.m.s.f.DefaultMavenResourcesFiltering - Copying 1 resource from src\main\resources to target\classes
2026-01-05 18:54:54,328 [Worker-13: ビルド] INFO  o.a.m.s.f.DefaultMavenResourcesFiltering - Copying 0 resource from src\main\resources to target\classes
2026-01-05 18:54:54,333 [Worker-13: ビルド] INFO  o.a.m.s.f.DefaultMavenResourcesFiltering - skip non existing resourceDirectory C:\Users\Yu-Ma_WPC\Terakoya_Study\spring_boot\samuraitravel\src\test\resources
2026-01-05 18:55:57,191 [Worker-15: ビルド] INFO  o.a.m.s.f.DefaultMavenResourcesFiltering - Copying 1 resource from src\main\resources to target\classes
2026-01-05 18:55:57,207 [Worker-15: ビルド] INFO  o.a.m.s.f.DefaultMavenResourcesFiltering - Copying 0 resource from src\main\resources to target\classes
2026-01-05 18:55:57,210 [Worker-15: ビルド] INFO  o.a.m.s.f.DefaultMavenResourcesFiltering - skip non existing resourceDirectory C:\Users\Yu-Ma_WPC\Terakoya_Study\spring_boot\samuraitravel\src\test\resources
2026-01-05 19:03:07,672 [Worker-4: ビルド] INFO  o.a.m.s.f.DefaultMavenResourcesFiltering - Copying 2 resources from src\main\resources to target\classes
2026-01-05 19:03:07,690 [Worker-4: ビルド] INFO  o.a.m.s.f.DefaultMavenResourcesFiltering - Copying 65 resources from src\main\resources to target\classes
2026-01-05 19:03:07,713 [Worker-4: ビルド] INFO  o.a.m.s.f.DefaultMavenResourcesFiltering - skip non existing resourceDirectory C:\Users\Yu-Ma_WPC\Terakoya_Study\spring_boot\samuraitravel\src\test\resources
2026-01-05 19:06:53,750 [Worker-12: ビルド] INFO  o.a.m.s.f.DefaultMavenResourcesFiltering - Copying 1 resource from src\main\resources to target\classes
2026-01-05 19:06:53,768 [Worker-12: ビルド] INFO  o.a.m.s.f.DefaultMavenResourcesFiltering - Copying 0 resource from src\main\resources to target\classes
2026-01-05 19:06:53,771 [Worker-12: ビルド] INFO  o.a.m.s.f.DefaultMavenResourcesFiltering - skip non existing resourceDirectory C:\Users\Yu-Ma_WPC\Terakoya_Study\spring_boot\samuraitravel\src\test\resources
2026-01-05 19:08:07,127 [Worker-12: ビルド] INFO  o.a.m.s.f.DefaultMavenResourcesFiltering - Copying 0 resource from src\main\resources to target\classes
2026-01-05 19:08:07,138 [Worker-12: ビルド] INFO  o.a.m.s.f.DefaultMavenResourcesFiltering - Copying 1 resource from src\main\resources to target\classes
2026-01-05 19:08:07,144 [Worker-12: ビルド] INFO  o.a.m.s.f.DefaultMavenResourcesFiltering - skip non existing resourceDirectory C:\Users\Yu-Ma_WPC\Terakoya_Study\spring_boot\samuraitravel\src\test\resources
2026-01-05 19:10:40,424 [Worker-9: ビルド] INFO  o.a.m.s.f.DefaultMavenResourcesFiltering - Copying 0 resource from src\main\resources to target\classes
2026-01-05 19:10:40,436 [Worker-9: ビルド] INFO  o.a.m.s.f.DefaultMavenResourcesFiltering - Copying 1 resource from src\main\resources to target\classes
2026-01-05 19:10:40,442 [Worker-9: ビルド] INFO  o.a.m.s.f.DefaultMavenResourcesFiltering - skip non existing resourceDirectory C:\Users\Yu-Ma_WPC\Terakoya_Study\spring_boot\samuraitravel\src\test\resources
2026-01-05 19:33:22,710 [Worker-5: ビルド] INFO  o.a.m.s.f.DefaultMavenResourcesFiltering - Copying 1 resource from src\main\resources to target\classes
2026-01-05 19:33:22,726 [Worker-5: ビルド] INFO  o.a.m.s.f.DefaultMavenResourcesFiltering - Copying 0 resource from src\main\resources to target\classes
2026-01-05 19:33:22,731 [Worker-5: ビルド] INFO  o.a.m.s.f.DefaultMavenResourcesFiltering - skip non existing resourceDirectory C:\Users\Yu-Ma_WPC\Terakoya_Study\spring_boot\samuraitravel\src\test\resources
2026-01-05 19:52:54,127 [Worker-5: Loading available Gradle versions] INFO  o.e.b.c.i.u.g.PublishedGradleVersions - Gradle version information cache is up-to-date. Trying to read.
